airport_id,airport_name,city,country,iata,icao,latitude,longitude,timezone
1,Goroka Airport,Goroka,Papua New Guinea,GKA,AYGA,-6.081689834590001,145.391998291,Pacific/Port_Moresby
2,Madang Airport,Madang,Papua New Guinea,MAG,AYMD,-5.20707988739,145.789001465,Pacific/Port_Moresby
3,Mount Hagen Kagamuga Airport,Mount Hagen,Papua New Guinea,HGU,AYMH,-5.826789855957031,144.29600524902344,Pacific/Port_Moresby
4,Nadzab Airport,Nadzab,Papua New Guinea,LAE,AYNZ,-6.569803,146.725977,Pacific/Port_Moresby
5,Port Moresby Jacksons International Airport,Port Moresby,Papua New Guinea,POM,AYPY,-9.443380355834961,147.22000122070312,Pacific/Port_Moresby
6,Wewak International Airport,Wewak,Papua New Guinea,WWK,AYWK,-3.58383011818,143.669006348,Pacific/Port_Moresby
7,Narsarsuaq Airport,Narssarssuaq,Greenland,UAK,BGBW,61.1604995728,-45.4259986877,America/Godthab
8,Godthaab / Nuuk Airport,Godthaab,Greenland,GOH,BGGH,64.19090271,-51.6781005859,America/Godthab
9,Kangerlussuaq Airport,Sondrestrom,Greenland,SFJ,BGSF,67.0122218992,-50.7116031647,America/Godthab
10,Thule Air Base,Thule,Greenland,THU,BGTL,76.5311965942,-68.7032012939,America/Thule
11,Akureyri Airport,Akureyri,Iceland,AEY,BIAR,65.66000366210938,-18.07270050048828,Atlantic/Reykjavik
12,Egilsstaðir Airport,Egilsstadir,Iceland,EGS,BIEG,65.2833023071289,-14.401399612426758,Atlantic/Reykjavik
13,Hornafjörður Airport,Hofn,Iceland,HFN,BIHN,64.295601,-15.2272,Atlantic/Reykjavik
14,Húsavík Airport,Husavik,Iceland,HZK,BIHU,65.952301,-17.426001,Atlantic/Reykjavik
15,Ísafjörður Airport,Isafjordur,Iceland,IFJ,BIIS,66.05809783935547,-23.135299682617188,Atlantic/Reykjavik
16,Keflavik International Airport,Keflavik,Iceland,KEF,BIKF,63.985000610352,-22.605600357056,Atlantic/Reykjavik
17,Patreksfjörður Airport,Patreksfjordur,Iceland,PFJ,BIPA,65.555801,-23.965,Atlantic/Reykjavik
18,Reykjavik Airport,Reykjavik,Iceland,RKV,BIRK,64.1299972534,-21.9405994415,Atlantic/Reykjavik
19,Siglufjörður Airport,Siglufjordur,Iceland,SIJ,BISI,66.133301,-18.9167,Atlantic/Reykjavik
20,Vestmannaeyjar Airport,Vestmannaeyjar,Iceland,VEY,BIVM,63.42430114746094,-20.278900146484375,Atlantic/Reykjavik
21,Sault Ste Marie Airport,Sault Sainte Marie,Canada,YAM,CYAM,46.48500061035156,-84.5093994140625,America/Toronto
22,Winnipeg / St. Andrews Airport,Winnipeg,Canada,,CYAV,50.0564002991,-97.03250122070001,America/Winnipeg
23,Halifax / CFB Shearwater Heliport,Halifax,Canada,,CYAW,44.639702,-63.499401,America/Halifax
24,St. Anthony Airport,St. Anthony,Canada,YAY,CYAY,51.3918991089,-56.083099365200006,America/St_Johns
25,Tofino / Long Beach Airport,Tofino,Canada,YAZ,CYAZ,49.079833,-125.775583,America/Vancouver
26,Kugaaruk Airport,Pelly Bay,Canada,YBB,CYBB,68.534401,-89.808098,America/Edmonton
27,Baie Comeau Airport,Baie Comeau,Canada,YBC,CYBC,49.13249969482422,-68.20439910888672,America/Toronto
28,CFB Bagotville,Bagotville,Canada,YBG,CYBG,48.33060073852539,-70.99639892578125,America/Toronto
29,Baker Lake Airport,Baker Lake,Canada,YBK,CYBK,64.29889678960001,-96.077796936,America/Winnipeg
30,Campbell River Airport,Campbell River,Canada,YBL,CYBL,49.950801849365234,-125.27100372314453,America/Vancouver
31,Brandon Municipal Airport,Brandon,Canada,YBR,CYBR,49.91,-99.951897,America/Winnipeg
32,Cambridge Bay Airport,Cambridge Bay,Canada,YCB,CYCB,69.1081008911,-105.138000488,America/Edmonton
33,Nanaimo Airport,Nanaimo,Canada,YCD,CYCD,49.054970224899996,-123.869862556,America/Vancouver
34,Castlegar/West Kootenay Regional Airport,Castlegar,Canada,YCG,CYCG,49.2963981628,-117.632003784,America/Vancouver
35,Miramichi Airport,Chatham,Canada,YCH,CYCH,47.007801,-65.449203,America/Halifax
36,Charlo Airport,Charlo,Canada,YCL,CYCL,47.990799,-66.330299,America/Halifax
37,Kugluktuk Airport,Coppermine,Canada,YCO,CYCO,67.816704,-115.143997,America/Edmonton
38,Coronation Airport,Coronation,Canada,YCT,CYCT,52.0750007629,-111.444999695,America/Edmonton
39,Chilliwack Airport,Chilliwack,Canada,YCW,CYCW,49.1528015137,-121.939002991,America/Vancouver
40,Clyde River Airport,Clyde River,Canada,YCY,CYCY,70.4860992432,-68.5167007446,America/Toronto
41,Coral Harbour Airport,Coral Harbour,Canada,YZS,CYZS,64.1932983398,-83.3593978882,America/Coral_Harbour
42,Dawson City Airport,Dawson,Canada,YDA,CYDA,64.04309844970703,-139.1280059814453,America/Vancouver
43,Burwash Airport,Burwash,Canada,YDB,CYDB,61.37110137939453,-139.04100036621094,America/Vancouver
44,Princeton Airport,Princeton,Canada,,CYDC,49.4681015015,-120.511001587,America/Vancouver
45,Deer Lake Airport,Deer Lake,Canada,YDF,CYDF,49.21080017089844,-57.39139938354492,America/St_Johns
46,Dease Lake Airport,Dease Lake,Canada,YDL,CYDL,58.4221992493,-130.031997681,America/Vancouver
47,Dauphin Barker Airport,Dauphin,Canada,YDN,CYDN,51.100799560546875,-100.052001953125,America/Winnipeg
48,Dawson Creek Airport,Dawson Creek,Canada,YDQ,CYDQ,55.7422981262207,-120.18299865722656,America/Dawson_Creek
49,Edmonton International Airport,Edmonton,Canada,YEG,CYEG,53.309700012200004,-113.580001831,America/Edmonton
50,Arviat Airport,Eskimo Point,Canada,YEK,CYEK,61.0942001343,-94.07080078119999,America/Winnipeg
51,Estevan Airport,Estevan,Canada,YEN,CYEN,49.2103004456,-102.966003418,America/Regina
52,Edson Airport,Edson,Canada,YET,CYET,53.578899383499994,-116.464996338,America/Edmonton
53,Eureka Airport,Eureka,Canada,YEU,CYEU,79.9946975708,-85.814201355,America/Winnipeg
54,Inuvik Mike Zubko Airport,Inuvik,Canada,YEV,CYEV,68.30419921880001,-133.483001709,America/Edmonton
55,Iqaluit Airport,Iqaluit,Canada,YFB,CYFB,63.756402,-68.555801,America/Toronto
56,Fredericton Airport,Fredericton,Canada,YFC,CYFC,45.868900299072266,-66.53720092773438,America/Halifax
57,Forestville Airport,Forestville,Canada,YFE,CYFE,48.74610137939453,-69.09719848632812,America/Toronto
58,Flin Flon Airport,Flin Flon,Canada,YFO,CYFO,54.6781005859375,-101.68199920654297,America/Winnipeg
59,Fort Resolution Airport,Fort Resolution,Canada,YFR,CYFR,61.1808013916,-113.690002441,America/Edmonton
60,Fort Simpson Airport,Fort Simpson,Canada,YFS,CYFS,61.76020050048828,-121.23699951171875,America/Edmonton
61,Kingston Norman Rogers Airport,Kingston,Canada,YGK,CYGK,44.22529983520508,-76.5969009399414,America/Toronto
62,La Grande Rivière Airport,La Grande Riviere,Canada,YGL,CYGL,53.625301361083984,-77.7042007446289,America/Toronto
63,Gaspé (Michel-Pouliot) Airport,Gaspe,Canada,YGP,CYGP,48.7752990723,-64.4785995483,America/Toronto
64,Geraldton Greenstone Regional Airport,Geraldton,Canada,YGQ,CYGQ,49.77830123901367,-86.93939971923828,America/Toronto
65,Îles-de-la-Madeleine Airport,Iles De La Madeleine,Canada,YGR,CYGR,47.42470169067383,-61.778099060058594,America/Toronto
66,Hudson Bay Airport,Hudson Bay,Canada,YHB,CYHB,52.8166999817,-102.310997009,America/Regina
67,Dryden Regional Airport,Dryden,Canada,YHD,CYHD,49.831699,-92.744202,America/Winnipeg
68,Ulukhaktok Holman Airport,Holman Island,Canada,YHI,CYHI,70.76280212402344,-117.80599975585938,America/Edmonton
69,Gjoa Haven Airport,Gjoa Haven,Canada,YHK,CYHK,68.635597229,-95.84970092770001,America/Edmonton
70,John C. Munro Hamilton International Airport,Hamilton,Canada,YHM,CYHM,43.173599243199995,-79.93499755859999,America/Toronto
71,Montréal / Saint-Hubert Airport,Montreal,Canada,YHU,CYHU,45.5175018311,-73.4169006348,America/Toronto
72,Hay River / Merlyn Carter Airport,Hay River,Canada,YHY,CYHY,60.8396987915,-115.782997131,America/Edmonton
73,Halifax / Stanfield International Airport,Halifax,Canada,YHZ,CYHZ,44.8807983398,-63.5085983276,America/Halifax
74,Atikokan Municipal Airport,Atikokan,Canada,YIB,CYIB,48.7738990784,-91.6386032104,America/Coral_Harbour
75,Pond Inlet Airport,Pond Inlet,Canada,YIO,CYIO,72.6832962036,-77.9666976929,America/Toronto
76,St Jean Airport,St. Jean,Canada,YJN,CYJN,45.29439926147461,-73.28109741210938,America/Toronto
77,Stephenville Airport,Stephenville,Canada,YJT,CYJT,48.5442008972168,-58.54999923706055,America/St_Johns
78,Kamloops Airport,Kamloops,Canada,YKA,CYKA,50.7022018433,-120.444000244,America/Vancouver
79,Waterloo Airport,Waterloo,Canada,YKF,CYKF,43.460800170899994,-80.3786010742,America/Toronto
80,Schefferville Airport,Schefferville,Canada,YKL,CYKL,54.805301666259766,-66.8052978515625,America/Toronto
81,Kindersley Airport,Kindersley,Canada,YKY,CYKY,51.5175018311,-109.180999756,America/Regina
82,Buttonville Municipal Airport,Toronto,Canada,YKZ,CYKZ,43.86220169067383,-79.37000274658203,America/Toronto
83,Chapleau Airport,Chapleau,Canada,YLD,CYLD,47.81999969482422,-83.3467025756836,America/Toronto
84,Meadow Lake Airport,Meadow Lake,Canada,YLJ,CYLJ,54.125301361083984,-108.52300262451172,America/Regina
85,Lloydminster Airport,Lloydminster,Canada,YLL,CYLL,53.309200286865234,-110.072998046875,America/Edmonton
86,Alert Airport,Alert,Canada,YLT,CYLT,82.51779937740001,-62.2806015015,America/Toronto
87,Kelowna International Airport,Kelowna,Canada,YLW,CYLW,49.9561004639,-119.377998352,America/Vancouver
88,Mayo Airport,Mayo,Canada,YMA,CYMA,63.61640167236328,-135.8679962158203,America/Vancouver
89,Moose Jaw Air Vice Marshal C. M. McEwen Airport,Moose Jaw,Canada,YMJ,CYMJ,50.330299377441406,-105.55899810791016,America/Regina
90,Fort McMurray Airport,Fort Mcmurray,Canada,YMM,CYMM,56.653301239,-111.222000122,America/Edmonton
91,Moosonee Airport,Moosonee,Canada,YMO,CYMO,51.291099548339844,-80.60780334472656,America/Toronto
92,Maniwaki Airport,Maniwaki,Canada,YMW,CYMW,46.2728004456,-75.9906005859,America/Toronto
93,Montreal International (Mirabel) Airport,Montreal,Canada,YMX,CYMX,45.679501,-74.038696,America/Toronto
94,Natashquan Airport,Natashquan,Canada,YNA,CYNA,50.189998626708984,-61.78919982910156,America/Toronto
95,Ottawa / Gatineau Airport,Gatineau,Canada,YND,CYND,45.521701812699995,-75.5635986328,America/Toronto
96,Matagami Airport,Matagami,Canada,YNM,CYNM,49.76169967651367,-77.80280303955078,America/Toronto
97,Old Crow Airport,Old Crow,Canada,YOC,CYOC,67.57060241699219,-139.83900451660156,America/Vancouver
98,CFB Cold Lake,Cold Lake,Canada,YOD,CYOD,54.404998779296875,-110.27899932861328,America/Edmonton
99,High Level Airport,High Level,Canada,YOJ,CYOJ,58.62139892578125,-117.16500091552734,America/Edmonton
100,Ottawa Macdonald-Cartier International Airport,Ottawa,Canada,YOW,CYOW,45.3224983215332,-75.66919708251953,America/Toronto
101,Prince Albert Glass Field,Prince Albert,Canada,YPA,CYPA,53.214199066199996,-105.672996521,America/Regina
102,Peace River Airport,Peace River,Canada,YPE,CYPE,56.226898,-117.446999,America/Edmonton
103,Southport Airport,Portage-la-prairie,Canada,YPG,CYPG,49.903099,-98.273817,America/Winnipeg
104,Pitt Meadows Airport,Pitt Meadows,Canada,,CYPK,49.21609878540039,-122.70999908447266,America/Vancouver
105,Pickle Lake Airport,Pickle Lake,Canada,YPL,CYPL,51.4463996887207,-90.21420288085938,America/Coral_Harbour
106,Port Menier Airport,Port Menier,Canada,YPN,CYPN,49.83639907836914,-64.2885971069336,America/Toronto
107,Peterborough Airport,Peterborough,Canada,YPQ,CYPQ,44.22999954223633,-78.36329650878906,America/Toronto
108,Prince Rupert Airport,Prince Pupert,Canada,YPR,CYPR,54.286098480199996,-130.445007324,America/Vancouver
109,Fort Chipewyan Airport,Fort Chipewyan,Canada,YPY,CYPY,58.7672004699707,-111.11699676513672,America/Edmonton
110,Muskoka Airport,Muskoka,Canada,YQA,CYQA,44.974700927734375,-79.30329895019531,America/Toronto
111,Quebec Jean Lesage International Airport,Quebec,Canada,YQB,CYQB,46.7911,-71.393303,America/Toronto
112,Red Deer Regional Airport,Red Deer Industrial,Canada,YQF,CYQF,52.18220138549805,-113.89399719238281,America/Edmonton
113,Windsor Airport,Windsor,Canada,YQG,CYQG,42.27560043334961,-82.95559692382812,America/Toronto
114,Watson Lake Airport,Watson Lake,Canada,YQH,CYQH,60.11640167236328,-128.82200622558594,America/Vancouver
115,Kenora Airport,Kenora,Canada,YQK,CYQK,49.788299560546875,-94.36309814453125,America/Winnipeg
116,Lethbridge County Airport,Lethbridge,Canada,YQL,CYQL,49.6302986145,-112.800003052,America/Edmonton
117,Greater Moncton International Airport,Moncton,Canada,YQM,CYQM,46.11220169067383,-64.67859649658203,America/Halifax
119,Comox Airport,Comox,Canada,YQQ,CYQQ,49.71080017089844,-124.88700103759766,America/Vancouver
120,Regina International Airport,Regina,Canada,YQR,CYQR,50.43190002441406,-104.66600036621094,America/Regina
121,Thunder Bay Airport,Thunder Bay,Canada,YQT,CYQT,48.37189865112305,-89.32389831542969,America/Toronto
122,Grande Prairie Airport,Grande Prairie,Canada,YQU,CYQU,55.1796989441,-118.885002136,America/Edmonton
123,Yorkton Municipal Airport,Yorkton,Canada,YQV,CYQV,51.26470184326172,-102.46199798583984,America/Regina
124,North Battleford Airport,North Battleford,Canada,YQW,CYQW,52.76919937133789,-108.24400329589844,America/Regina
125,Gander International Airport,Gander,Canada,YQX,CYQX,48.9369010925293,-54.56809997558594,America/St_Johns
126,Sydney / J.A. Douglas McCurdy Airport,Sydney,Canada,YQY,CYQY,46.1614,-60.047798,America/Halifax
127,Quesnel Airport,Quesnel,Canada,YQZ,CYQZ,53.026100158691406,-122.51000213623047,America/Vancouver
128,Resolute Bay Airport,Resolute,Canada,YRB,CYRB,74.7169036865,-94.9693984985,America/Winnipeg
129,Rivière-du-Loup Airport,Riviere Du Loup,Canada,YRI,CYRI,47.764400482177734,-69.58470153808594,America/Toronto
130,Roberval Airport,Roberval,Canada,YRJ,CYRJ,48.52000045776367,-72.2656021118164,America/Toronto
131,Rocky Mountain House Airport,Rocky Mountain House,Canada,YRM,CYRM,52.4296989441,-114.903999329,America/Edmonton
132,Rankin Inlet Airport,Rankin Inlet,Canada,YRT,CYRT,62.8114013672,-92.1157989502,America/Winnipeg
133,Sudbury Airport,Sudbury,Canada,YSB,CYSB,46.625,-80.79889678955078,America/Toronto
134,Sherbrooke Airport,Sherbrooke,Canada,YSC,CYSC,45.4385986328125,-71.69139862060547,America/Toronto
135,Saint John Airport,St. John,Canada,YSJ,CYSJ,45.31610107421875,-65.89029693603516,America/Halifax
136,Fort Smith Airport,Fort Smith,Canada,YSM,CYSM,60.020301818847656,-111.96199798583984,America/Edmonton
137,Nanisivik Airport,Nanisivik,Canada,YSR,CYSR,72.982201,-84.613602,America/Toronto
138,Summerside Airport,Summerside,Canada,YSU,CYSU,46.44060134887695,-63.83359909057617,America/Halifax
139,Sachs Harbour (David Nasogaluak Jr. Saaryuaq) Airport,Sachs Harbour,Canada,YSY,CYSY,71.9938964844,-125.242996216,America/Edmonton
140,Cape Dorset Airport,Cape Dorset,Canada,YTE,CYTE,64.2300033569,-76.5267028809,America/Toronto
141,Thompson Airport,Thompson,Canada,YTH,CYTH,55.80110168457031,-97.86419677734375,America/Winnipeg
142,CFB Trenton,Trenton,Canada,YTR,CYTR,44.118900299072266,-77.5280990600586,America/Toronto
143,Timmins/Victor M. Power,Timmins,Canada,YTS,CYTS,48.569698333699996,-81.376701355,America/Toronto
144,Billy Bishop Toronto City Centre Airport,Toronto,Canada,YTZ,CYTZ,43.627499,-79.396202,America/Toronto
145,Tuktoyaktuk Airport,Tuktoyaktuk,Canada,YUB,CYUB,69.43329620361328,-133.0260009765625,America/Edmonton
146,Montreal / Pierre Elliott Trudeau International Airport,Montreal,Canada,YUL,CYUL,45.4706001282,-73.7407989502,America/Toronto
147,Repulse Bay Airport,Repulse Bay,Canada,YUT,CYUT,66.5214004517,-86.22470092770001,America/Winnipeg
148,Hall Beach Airport,Hall Beach,Canada,YUX,CYUX,68.77610015869999,-81.2425,America/Toronto
149,Rouyn Noranda Airport,Rouyn,Canada,YUY,CYUY,48.20610046386719,-78.83560180664062,America/Toronto
150,La Ronge Airport,La Ronge,Canada,YVC,CYVC,55.151401519800004,-105.262001038,America/Regina
151,Vermilion Airport,Vermillion,Canada,YVG,CYVG,53.355800628699996,-110.823997498,America/Edmonton
152,Qikiqtarjuaq Airport,Broughton Island,Canada,YVM,CYVM,67.5457992554,-64.03140258789999,America/Toronto
153,Val-d'Or Airport,Val D'or,Canada,YVO,CYVO,48.0532989502,-77.7827987671,America/Toronto
154,Kuujjuaq Airport,Quujjuaq,Canada,YVP,CYVP,58.096099853515625,-68.4269027709961,America/Toronto
155,Norman Wells Airport,Norman Wells,Canada,YVQ,CYVQ,65.28160095214844,-126.7979965209961,America/Edmonton
156,Vancouver International Airport,Vancouver,Canada,YVR,CYVR,49.193901062,-123.183998108,America/Vancouver
157,Buffalo Narrows Airport,Buffalo Narrows,Canada,YVT,CYVT,55.8418998718,-108.417999268,America/Regina
158,Wiarton Airport,Wiarton,Canada,YVV,CYVV,44.7458,-81.107201,America/Toronto
159,Petawawa Airport,Petawawa,Canada,YWA,CYWA,45.95220184326172,-77.31919860839844,America/Toronto
160,Winnipeg / James Armstrong Richardson International Airport,Winnipeg,Canada,YWG,CYWG,49.909999847399995,-97.2398986816,America/Winnipeg
161,Wabush Airport,Wabush,Canada,YWK,CYWK,52.92190170288086,-66.8644027709961,America/Halifax
162,Williams Lake Airport,Williams Lake,Canada,YWL,CYWL,52.1831016541,-122.054000854,America/Vancouver
163,Wrigley Airport,Wrigley,Canada,YWY,CYWY,63.20940017700195,-123.43699645996094,America/Edmonton
164,Cranbrook/Canadian Rockies International Airport,Cranbrook,Canada,YXC,CYXC,49.610801696777,-115.78199768066,America/Edmonton
165,Edmonton City Centre (Blatchford Field) Airport,Edmonton,Canada,YXD,CYXD,53.5724983215,-113.521003723,America/Edmonton
166,Saskatoon John G. Diefenbaker International Airport,Saskatoon,Canada,YXE,CYXE,52.170799255371094,-106.69999694824219,America/Regina
167,Medicine Hat Airport,Medicine Hat,Canada,YXH,CYXH,50.01890182495117,-110.72100067138672,America/Edmonton
168,Fort St John Airport,Fort Saint John,Canada,YXJ,CYXJ,56.23809814453125,-120.73999786376953,America/Dawson_Creek
169,Sioux Lookout Airport,Sioux Lookout,Canada,YXL,CYXL,50.11389923095703,-91.9052963256836,America/Winnipeg
170,Pangnirtung Airport,Pangnirtung,Canada,YXP,CYXP,66.1449966431,-65.71360015869999,America/Toronto
171,Earlton (Timiskaming Regional) Airport,Earlton,Canada,YXR,CYXR,47.697400654599996,-79.8473453522,America/Toronto
172,Prince George Airport,Prince George,Canada,YXS,CYXS,53.8894004822,-122.679000854,America/Vancouver
173,Northwest Regional Airport Terrace-Kitimat,Terrace,Canada,YXT,CYXT,54.468498,-128.576009,America/Vancouver
174,London Airport,London,Canada,YXU,CYXU,43.035599,-81.1539,America/Toronto
175,Abbotsford Airport,Abbotsford,Canada,YXX,CYXX,49.025299072265625,-122.36100006103516,America/Vancouver
176,Whitehorse / Erik Nielsen International Airport,Whitehorse,Canada,YXY,CYXY,60.7095985413,-135.067001343,America/Vancouver
177,North Bay Jack Garland Airport,North Bay,Canada,YYB,CYYB,46.363602,-79.422798,America/Toronto
178,Calgary International Airport,Calgary,Canada,YYC,CYYC,51.113899231,-114.019996643,America/Edmonton
179,Smithers Airport,Smithers,Canada,YYD,CYYD,54.82469940185547,-127.18299865722656,America/Vancouver
180,Fort Nelson Airport,Fort Nelson,Canada,YYE,CYYE,58.8363990784,-122.597000122,America/Vancouver
181,Penticton Airport,Penticton,Canada,YYF,CYYF,49.46310043334961,-119.60199737548828,America/Vancouver
182,Charlottetown Airport,Charlottetown,Canada,YYG,CYYG,46.290000915527344,-63.12110137939453,America/Halifax
183,Taloyoak Airport,Spence Bay,Canada,YYH,CYYH,69.5466995239,-93.5766983032,America/Edmonton
184,Victoria International Airport,Victoria,Canada,YYJ,CYYJ,48.646900177,-123.426002502,America/Vancouver
185,Lynn Lake Airport,Lynn Lake,Canada,YYL,CYYL,56.86389923095703,-101.07599639892578,America/Winnipeg
186,Swift Current Airport,Swift Current,Canada,YYN,CYYN,50.291900634799994,-107.691001892,America/Regina
187,Churchill Airport,Churchill,Canada,YYQ,CYYQ,58.739200592041016,-94.06500244140625,America/Winnipeg
188,Goose Bay Airport,Goose Bay,Canada,YYR,CYYR,53.3191986084,-60.4258003235,America/Halifax
189,St. John's International Airport,St. John's,Canada,YYT,CYYT,47.618598938,-52.7518997192,America/St_Johns
190,Kapuskasing Airport,Kapuskasing,Canada,YYU,CYYU,49.41389846801758,-82.46749877929688,America/Toronto
191,Armstrong Airport,Armstrong,Canada,YYW,CYYW,50.29029846191406,-88.90969848632812,America/Toronto
192,Mont Joli Airport,Mont Joli,Canada,YYY,CYYY,48.60860061645508,-68.20809936523438,America/Toronto
193,Lester B. Pearson International Airport,Toronto,Canada,YYZ,CYYZ,43.6772003174,-79.63059997559999,America/Toronto
194,Downsview Airport,Toronto,Canada,YZD,CYZD,43.74250030517578,-79.4655990600586,America/Toronto
195,Gore Bay Manitoulin Airport,Gore Bay,Canada,YZE,CYZE,45.88529968261719,-82.56780242919922,America/Toronto
196,Yellowknife Airport,Yellowknife,Canada,YZF,CYZF,62.462799072265625,-114.44000244140625,America/Edmonton
197,Slave Lake Airport,Slave Lake,Canada,YZH,CYZH,55.2930984497,-114.777000427,America/Edmonton
198,Sandspit Airport,Sandspit,Canada,YZP,CYZP,53.25429916379999,-131.813995361,America/Vancouver
199,Chris Hadfield Airport,Sarnia,Canada,YZR,CYZR,42.9994010925293,-82.30889892578125,America/Toronto
200,Port Hardy Airport,Port Hardy,Canada,YZT,CYZT,50.680599212646484,-127.36699676513672,America/Vancouver
201,Whitecourt Airport,Whitecourt,Canada,YZU,CYZU,54.14390182495117,-115.78700256347656,America/Edmonton
202,Sept-Îles Airport,Sept-iles,Canada,YZV,CYZV,50.22330093383789,-66.2656021118164,America/Toronto
203,Teslin Airport,Teslin,Canada,YZW,CYZW,60.17279815673828,-132.7429962158203,America/Vancouver
204,CFB Greenwood,Greenwood,Canada,YZX,CYZX,44.98440170288086,-64.91690063476562,America/Halifax
205,Faro Airport,Faro,Canada,ZFA,CZFA,62.20750045776367,-133.37600708007812,America/Vancouver
206,Fort Mcpherson Airport,Fort Mcpherson,Canada,ZFM,CZFM,67.40750122070312,-134.86099243164062,America/Edmonton
207,Blida Airport,Blida,Algeria,QLD,DAAB,36.50360107421875,2.8141698837280273,Africa/Algiers
208,Bou Saada Airport,Bou Saada,Algeria,BUJ,DAAD,35.33250045776367,4.206389904022217,Africa/Algiers
209,Soummam Airport,Bejaja,Algeria,BJA,DAAE,36.7120018005,5.0699200630200005,Africa/Algiers
210,Houari Boumediene Airport,Algier,Algeria,ALG,DAAG,36.691001892089844,3.215409994125366,Africa/Algiers
211,Djanet Inedbirene Airport,Djanet,Algeria,DJG,DAAJ,24.292801,9.45244,Africa/Algiers
212,Boufarik Airport,Boufarik,Algeria,,DAAK,36.545799,2.87611,Africa/Algiers
213,Reggane Airport,Reggan,Algeria,,DAAN,26.7101,0.285647,Africa/Algiers
214,Illizi Takhamalt Airport,Illizi,Algeria,VVZ,DAAP,26.7234992981,8.62265014648,Africa/Algiers
215,Ain Oussera Airport,Ain Oussera,Algeria,,DAAQ,35.52539825439453,2.8787100315093994,Africa/Algiers
216,Aguenar – Hadj Bey Akhamok Airport,Tamanrasset,Algeria,TMR,DAAT,22.8115005493,5.45107984543,Africa/Algiers
217,Jijel Ferhat Abbas Airport,Jijel,Algeria,GJL,DAAV,36.7951011658,5.87361001968,Africa/Algiers
218,Mecheria Airport,Mecheria,Algeria,MZW,DAAY,33.535900116,-0.242353007197,Africa/Algiers
219,Relizane Airport,Relizane,Algeria,,DAAZ,35.752201,0.626272,Africa/Algiers
220,Rabah Bitat Airport,Annaba,Algeria,AAE,DABB,36.822201,7.809174,Africa/Algiers
221,Mohamed Boudiaf International Airport,Constantine,Algeria,CZL,DABC,36.2760009765625,6.620389938354492,Africa/Algiers
222,Cheikh Larbi Tébessi Airport,Tebessa,Algeria,TEE,DABS,35.4315986633,8.12071990967,Africa/Algiers
224,Hassi R'Mel Airport,Tilrempt,Algeria,HRM,DAFH,32.93040084838867,3.311539888381958,Africa/Algiers
225,Bou Chekif Airport,Tiaret,Algeria,TID,DAOB,35.3410987854,1.46315002441,Africa/Algiers
226,Bou Sfer Airport,Bou Sfer,Algeria,,DAOE,35.73540115356445,-0.8053889870643616,Africa/Algiers
227,Tindouf Airport,Tindouf,Algeria,TIN,DAOF,27.7003993988,-8.167099952700001,Africa/Algiers
228,Ech Cheliff Airport,Ech-cheliff,Algeria,CFK,DAOI,36.2126998901,1.33176994324,Africa/Algiers
229,Tafaraoui Airport,Oran,Algeria,TAF,DAOL,35.54240036010742,-0.5322780013084412,Africa/Algiers
230,Zenata – Messali El Hadj Airport,Tlemcen,Algeria,TLM,DAON,35.0167007446,-1.45000004768,Africa/Algiers
231,Es Senia Airport,Oran,Algeria,ORN,DAOO,35.6239013672,-0.6211829781529999,Africa/Algiers
232,Sidi Bel Abbes Airport,Sidi Bel Abbes,Algeria,BFW,DAOS,35.1717987061,-0.593275010586,Africa/Algiers
233,Ghriss Airport,Ghriss,Algeria,MUW,DAOV,35.207698822021484,0.14714199304580688,Africa/Algiers
234,Touat Cheikh Sidi Mohamed Belkebir Airport,Adrar,Algeria,AZR,DAUA,27.837600708007812,-0.18641400337219238,Africa/Algiers
235,Biskra Airport,Biskra,Algeria,BSK,DAUB,34.793300628699996,5.73823022842,Africa/Algiers
236,El Golea Airport,El Golea,Algeria,ELG,DAUE,30.571300506591797,2.8595900535583496,Africa/Algiers
237,Noumérat - Moufdi Zakaria Airport,Ghardaia,Algeria,GHA,DAUG,32.38410186767578,3.794110059738159,Africa/Algiers
238,Oued Irara Airport,Hassi Messaoud,Algeria,HME,DAUH,31.673000335699996,6.140439987180001,Africa/Algiers
239,In Salah Airport,In Salah,Algeria,INZ,DAUI,27.250999450699997,2.51202011108,Africa/Algiers
240,Touggourt Sidi Madhi Airport,Touggourt,Algeria,TGR,DAUK,33.06779861450195,6.088669776916504,Africa/Algiers
241,Laghouat Airport,Laghouat,Algeria,LOO,DAUL,33.764400482199996,2.92833995819,Africa/Algiers
242,Timimoun Airport,Timimoun,Algeria,TMX,DAUT,29.2371006012,0.276033014059,Africa/Algiers
243,Ain el Beida Airport,Ouargla,Algeria,OGX,DAUU,31.917200088500977,5.412779808044434,Africa/Algiers
244,In Aménas Airport,Zarzaitine,Algeria,IAM,DAUZ,28.0515,9.64291,Africa/Algiers
245,Cadjehoun Airport,Cotonou,Benin,COO,DBBB,6.357230186462402,2.384350061416626,Africa/Porto-Novo
246,Ouagadougou Airport,Ouagadougou,Burkina Faso,OUA,DFFD,12.3532,-1.51242,Africa/Ouagadougou
247,Bobo Dioulasso Airport,Bobo-dioulasso,Burkina Faso,BOY,DFOO,11.160099983215332,-4.33096981048584,Africa/Ouagadougou
248,Kotoka International Airport,Accra,Ghana,ACC,DGAA,5.605189800262451,-0.16678600013256073,Africa/Accra
249,Tamale Airport,Tamale,Ghana,TML,DGLE,9.55718994140625,-0.8632140159606934,Africa/Accra
250,Wa Airport,Wa,Ghana,,DGLW,10.0826997756958,-2.507689952850342,Africa/Accra
251,Sunyani Airport,Sunyani,Ghana,NYI,DGSN,7.361830234527588,-2.3287599086761475,Africa/Accra
252,Takoradi Airport,Takoradi,Ghana,TKD,DGTK,4.896059989929199,-1.7747600078582764,Africa/Accra
253,Port Bouet Airport,Abidjan,Cote d'Ivoire,ABJ,DIAP,5.261390209197998,-3.9262900352478027,Africa/Abidjan
254,Bouaké Airport,Bouake,Cote d'Ivoire,BYK,DIBK,7.738800048828125,-5.073669910430908,Africa/Abidjan
255,Daloa Airport,Daloa,Cote d'Ivoire,DJO,DIDL,6.792809963226318,-6.473189830780029,Africa/Abidjan
256,Korhogo Airport,Korhogo,Cote d'Ivoire,HGO,DIKO,9.38718032837,-5.55666017532,Africa/Abidjan
257,Man Airport,Man,Cote d'Ivoire,MJC,DIMN,7.272069931030273,-7.58735990524292,Africa/Abidjan
258,San Pedro Airport,San Pedro,Cote d'Ivoire,SPY,DISP,4.746719837188721,-6.660820007324219,Africa/Abidjan
259,Yamoussoukro Airport,Yamoussoukro,Cote d'Ivoire,ASK,DIYO,6.9031701088,-5.36558008194,Africa/Abidjan
260,Nnamdi Azikiwe International Airport,Abuja,Nigeria,ABV,DNAA,9.006790161132812,7.263169765472412,Africa/Lagos
261,Akure Airport,Akure,Nigeria,AKR,DNAK,7.246739864349365,5.3010101318359375,Africa/Lagos
262,Benin Airport,Benin,Nigeria,BNI,DNBE,6.316979885101318,5.5995001792907715,Africa/Lagos
263,Margaret Ekpo International Airport,Calabar,Nigeria,CBQ,DNCA,4.976019859313965,8.347200393676758,Africa/Lagos
264,Akanu Ibiam International Airport,Enugu,Nigeria,ENU,DNEN,6.474269866943359,7.561960220336914,Africa/Lagos
265,Gusau Airport,Gusau,Nigeria,,DNGU,12.1717,6.69611,Africa/Lagos
266,Ibadan Airport,Ibadan,Nigeria,IBA,DNIB,7.362460136413574,3.97832989692688,Africa/Lagos
267,Ilorin International Airport,Ilorin,Nigeria,ILR,DNIL,8.440210342407227,4.493919849395752,Africa/Lagos
268,Yakubu Gowon Airport,Jos,Nigeria,JOS,DNJO,9.639829635620117,8.869050025939941,Africa/Lagos
269,Kaduna Airport,Kaduna,Nigeria,KAD,DNKA,10.696000099182129,7.320109844207764,Africa/Lagos
270,Mallam Aminu International Airport,Kano,Nigeria,KAN,DNKN,12.0476,8.52462,Africa/Lagos
271,Maiduguri International Airport,Maiduguri,Nigeria,MIU,DNMA,11.855299949645996,13.080900192260742,Africa/Lagos
272,Makurdi Airport,Makurdi,Nigeria,MDI,DNMK,7.70388,8.61394,Africa/Lagos
273,Murtala Muhammed International Airport,Lagos,Nigeria,LOS,DNMM,6.5773701667785645,3.321160078048706,Africa/Lagos
274,Minna Airport,Minna,Nigeria,MXJ,DNMN,9.652170181274414,6.462259769439697,Africa/Lagos
275,Port Harcourt International Airport,Port Hartcourt,Nigeria,PHC,DNPO,5.0154900550842285,6.94959020614624,Africa/Lagos
276,Sadiq Abubakar III International Airport,Sokoto,Nigeria,SKO,DNSO,12.916299819946289,5.207190036773682,Africa/Lagos
277,Yola Airport,Yola,Nigeria,YOL,DNYO,9.257550239562988,12.430399894714355,Africa/Lagos
278,Zaria Airport,Zaria,Nigeria,ZAR,DNZA,11.1302,7.68581,Africa/Lagos
279,Maradi Airport,Maradi,Niger,MFQ,DRRM,13.5024995803833,7.1267499923706055,Africa/Niamey
280,Diori Hamani International Airport,Niamey,Niger,NIM,DRRN,13.4815,2.18361,Africa/Niamey
281,Tahoua Airport,Tahoua,Niger,THZ,DRRT,14.875699996948242,5.265359878540039,Africa/Niamey
282,Mano Dayak International Airport,Agadez,Niger,AJY,DRZA,16.965999603271484,8.000109672546387,Africa/Niamey
283,Dirkou Airport,Dirkou,Niger,,DRZD,18.968700408935547,12.86870002746582,Africa/Niamey
284,Diffa Airport,Diffa,Niger,,DRZF,13.372900009155273,12.626700401306152,Africa/Niamey
285,Zinder Airport,Zinder,Niger,ZND,DRZR,13.779000282287598,8.983759880065918,Africa/Niamey
286,Monastir Habib Bourguiba International Airport,Monastir,Tunisia,MIR,DTMB,35.75809860229492,10.75469970703125,Africa/Tunis
287,Tunis Carthage International Airport,Tunis,Tunisia,TUN,DTTA,36.85100173950195,10.22719955444336,Africa/Tunis
288,Sidi Ahmed Air Base,Bizerte,Tunisia,,DTTB,37.245398,9.79145,Africa/Tunis
289,Remada Air Base,Remada,Tunisia,,DTTD,32.30619812011719,10.382100105285645,Africa/Tunis
290,Gafsa Ksar International Airport,Gafsa,Tunisia,GAF,DTTF,34.422000885009766,8.822500228881836,Africa/Tunis
291,Gabès Matmata International Airport,Gabes,Tunisia,GAE,DTTG,33.87689971923828,10.103300094604492,Africa/Tunis
292,Borj El Amri Airport,Bordj El Amri,Tunisia,,DTTI,36.72129821777344,9.94314956665039,Africa/Tunis
293,Djerba Zarzis International Airport,Djerba,Tunisia,DJE,DTTJ,33.875,10.775500297546387,Africa/Tunis
294,El Borma Airport,El Borma,Tunisia,EBM,DTTR,31.704299926757812,9.254619598388672,Africa/Tunis
295,Sfax Thyna International Airport,Sfax,Tunisia,SFA,DTTX,34.71799850463867,10.690999984741211,Africa/Tunis
296,Tozeur Nefta International Airport,Tozeur,Tunisia,TOE,DTTZ,33.939701080322266,8.110560417175293,Africa/Tunis
297,Niamtougou International Airport,Niatougou,Togo,LRL,DXNG,9.767330169677734,1.091249942779541,Africa/Lome
298,Lomé-Tokoin Airport,Lome,Togo,LFW,DXXX,6.165609836578369,1.2545100450515747,Africa/Lome
299,Antwerp International Airport (Deurne),Antwerp,Belgium,ANR,EBAW,51.1893997192,4.46027994156,Europe/Brussels
300,Beauvechain Air Base,Beauvechain,Belgium,,EBBE,50.75859832763672,4.768330097198486,Europe/Brussels
301,Kleine Brogel Air Base,Kleine Brogel,Belgium,,EBBL,51.168301,5.47,Europe/Brussels
302,Brussels Airport,Brussels,Belgium,BRU,EBBR,50.901401519800004,4.48443984985,Europe/Brussels
303,Jehonville Air Base,Bertrix,Belgium,,EBBX,49.891700744628906,5.2238898277282715,Europe/Brussels
304,Brussels South Charleroi Airport,Charleroi,Belgium,CRL,EBCI,50.459202,4.45382,Europe/Brussels
305,Chièvres Air Base,Chievres,Belgium,,EBCV,50.575801849365234,3.8310000896453857,Europe/Brussels
306,Koksijde Air Base,Koksijde,Belgium,,EBFN,51.090301513671875,2.652780055999756,Europe/Brussels
307,Florennes Air Base,Florennes,Belgium,,EBFS,50.2433013916,4.64583015442,Europe/Brussels
308,Wevelgem Airport,Kortrijk-vevelgem,Belgium,KJK,EBKT,50.817199707,3.20472002029,Europe/Brussels
309,Liège Airport,Liege,Belgium,LGG,EBLG,50.63740158081055,5.443220138549805,Europe/Brussels
310,Ostend-Bruges International Airport,Ostend,Belgium,OST,EBOS,51.198898315399994,2.8622200489,Europe/Brussels
311,Zutendaal Air Base,Zutendaal,Belgium,,EBSL,50.9474983215332,5.590559959411621,Europe/Brussels
312,Brustem Airfield Sint Truiden,Sint-truiden,Belgium,,EBST,50.791901,5.20167,Europe/Brussels
313,Saint Hubert Air Base,St.-hubert,Belgium,,EBSU,50.034400939941406,5.440810203552246,Europe/Brussels
314,Ursel Air Base,Ursel,Belgium,,EBUL,51.14419937133789,3.475559949874878,Europe/Brussels
315,Weelde Air Base,Weelde,Belgium,,EBWE,51.394798278808594,4.9601898193359375,Europe/Brussels
316,Zoersel (Oostmalle) Airfield,Zoersel,Belgium,OBL,EBZR,51.264702,4.75333,Europe/Brussels
317,Flugplatz Bautzen,Bautzen,Germany,,EDAB,51.193611,14.519722,Europe/Berlin
318,Altenburg-Nobitz Airport,Altenburg,Germany,AOC,EDAC,50.981945,12.506389,Europe/Berlin
319,Dessau Airfield,Dessau,Germany,,EDAD,51.831694,12.190962,Europe/Berlin
320,Eisenhüttenstadt Airfield,Eisenhuettenstadt,Germany,,EDAE,52.195856,14.58753,Europe/Berlin
322,Großenhain Airport,Suhl,Germany,,EDAK,51.30805587768555,13.555556297302246,Europe/Berlin
323,Merseburg Airport,Muehlhausen,Germany,,EDAM,51.3630556,11.9408333,Europe/Berlin
324,Halle-Oppin Airport,Halle,Germany,,EDAQ,51.552223,12.053889,Europe/Berlin
325,Riesa-Göhlis Airport,Riesa,Germany,IES,EDAU,51.2936096191,13.3561105728,Europe/Berlin
326,Rechlin-Lärz Airport,Rechlin-laerz,Germany,REB,EDAX,53.306388855,12.7522220612,Europe/Berlin
327,Strausberg Airport,Strausberg,Germany,,EDAY,52.5805549621582,13.916666984558105,Europe/Berlin
328,Schönhagen Airport,Schoenhagen,Germany,QXH,EDAZ,52.203609,13.156389,Europe/Berlin
329,Barth Airport,Barth,Germany,BBH,EDBH,54.338253,12.710515,Europe/Berlin
330,Jena-Schöngleina Airfield,Jena,Germany,,EDBJ,50.915279,11.714444,Europe/Berlin
331,Kyritz Airport,Kyritz,Germany,,EDBK,52.918888092041016,12.425277709960938,Europe/Berlin
332,"Magdeburg ""City"" Airport",Magdeburg,Germany,ZMG,EDBM,52.073612,11.626389,Europe/Berlin
333,Rothenburg/Görlitz Airport,Rothenburg/ol,Germany,,EDBR,51.36333465576172,14.949999809265137,Europe/Berlin
334,Anklam Airfield,Anklam,Germany,,EDCA,53.832779,13.668611,Europe/Berlin
335,Cottbus-Drewitz Airport,Cottbus,Germany,CBU,EDCD,51.889442,14.531944,Europe/Berlin
336,Kamenz Airport,Kamenz,Germany,,EDCM,51.29694366455078,14.1274995803833,Europe/Berlin
337,Berlin-Schönefeld Airport,Berlin,Germany,SXF,EDDB,52.380001,13.5225,Europe/Berlin
338,Dresden Airport,Dresden,Germany,DRS,EDDC,51.1328010559082,13.767200469970703,Europe/Berlin
339,Erfurt Airport,Erfurt,Germany,ERF,EDDE,50.979801177978516,10.958100318908691,Europe/Berlin
340,Frankfurt am Main Airport,Frankfurt,Germany,FRA,EDDF,50.033333,8.570556,Europe/Berlin
341,Münster Osnabrück Airport,Munster,Germany,FMO,EDDG,52.134601593,7.68483018875,Europe/Berlin
342,Hamburg Airport,Hamburg,Germany,HAM,EDDH,53.630401611328,9.9882297515869,Europe/Berlin
343,Berlin-Tempelhof International Airport,Berlin,Germany,THF,EDDI,52.472999572753906,13.403900146484375,Europe/Berlin
344,Cologne Bonn Airport,Cologne,Germany,CGN,EDDK,50.8658981323,7.1427397728,Europe/Berlin
345,Düsseldorf Airport,Duesseldorf,Germany,DUS,EDDL,51.289501,6.76678,Europe/Berlin
346,Munich Airport,Munich,Germany,MUC,EDDM,48.353802,11.7861,Europe/Berlin
347,Nuremberg Airport,Nuernberg,Germany,NUE,EDDN,49.498699,11.078056,Europe/Berlin
348,Leipzig/Halle Airport,Leipzig,Germany,LEJ,EDDP,51.423889,12.236389,Europe/Berlin
349,Saarbrücken Airport,Saarbruecken,Germany,SCN,EDDR,49.214599609400004,7.10950994492,Europe/Berlin
350,Stuttgart Airport,Stuttgart,Germany,STR,EDDS,48.689899444599995,9.22196006775,Europe/Berlin
351,Berlin-Tegel Airport,Berlin,Germany,TXL,EDDT,52.5597,13.2877,Europe/Berlin
352,Hannover Airport,Hannover,Germany,HAJ,EDDV,52.461101532,9.685079574580001,Europe/Berlin
353,Bremen Airport,Bremen,Germany,BRE,EDDW,53.0475006104,8.78666973114,Europe/Berlin
354,Frankfurt-Egelsbach Airport,Egelsbach,Germany,QEF,EDFE,49.959999,8.645833,Europe/Berlin
355,Frankfurt-Hahn Airport,Hahn,Germany,HHN,EDFH,49.9487,7.26389,Europe/Berlin
356,Mannheim-City Airport,Mannheim,Germany,MHG,EDFM,49.473057,8.514167,Europe/Berlin
357,Allendorf/Eder Airport,Allendorf,Germany,,EDFQ,51.03499984741211,8.680832862854004,Europe/Berlin
358,Worms Airport,Worms,Germany,,EDFV,49.606945,8.368333,Europe/Berlin
359,Mainz-Finthen Airport,Mainz,Germany,,EDFZ,49.967499,8.147222,Europe/Berlin
360,Eisenach-Kindel Airport,Eisenach,Germany,EIB,EDGE,50.991604,10.47973,Europe/Berlin
361,Siegerland Airport,Siegerland,Germany,SGE,EDGS,50.707698822021484,8.082969665527344,Europe/Berlin
362,Hamburg-Finkenwerder Airport,Hamburg,Germany,XFW,EDHI,53.5352783203125,9.835556030273438,Europe/Berlin
363,Kiel-Holtenau Airport,Kiel,Germany,KEL,EDHK,54.37944412231445,10.145277976989746,Europe/Berlin
364,Lübeck Blankensee Airport,Luebeck,Germany,LBC,EDHL,53.8054008484,10.7192001343,Europe/Berlin
365,Flugplatz Dahlemer Binz,Dahlemer Binz,Germany,,EDKV,50.405555725,6.5288891792,Europe/Berlin
366,Meinerzhagen Airport,Meinerzhagen,Germany,,EDKZ,51.099998474121094,7.599999904632568,Europe/Berlin
367,Arnsberg-Menden Airport,Arnsberg,Germany,,EDLA,51.483890533447266,7.8983330726623535,Europe/Berlin
368,Essen Mulheim Airport,Essen,Germany,ESS,EDLE,51.40230178833008,6.9373297691345215,Europe/Berlin
369,Bielefeld Airport,Bielefeld,Germany,BFE,EDLI,51.964722,8.544444,Europe/Berlin
370,Mönchengladbach Airport,Moenchengladbach,Germany,MGL,EDLN,51.230278,6.504444,Europe/Berlin
371,Paderborn Lippstadt Airport,Paderborn,Germany,PAD,EDLP,51.614101409899995,8.616319656369999,Europe/Berlin
372,Stadtlohn-Vreden Airport,Stadtlohn,Germany,,EDLS,51.99583435058594,6.8405561447143555,Europe/Berlin
373,Dortmund Airport,Dortmund,Germany,DTM,EDLW,51.51829910279999,7.61223983765,Europe/Berlin
374,Augsburg Airport,Augsburg,Germany,AGB,EDMA,48.425278,10.931667,Europe/Berlin
375,Biberach a.d. Riß Airfield,Biberach,Germany,,EDMB,48.111111,9.762778,Europe/Berlin
376,Eggenfelden Airport,Eggenfelden,Germany,,EDME,48.39611053466797,12.723610877990723,Europe/Berlin
377,Mindelheim-Mattsies Airfield,Mindelheim,Germany,,EDMN,48.106945,10.525,Europe/Berlin
378,Oberpfaffenhofen Airport,Oberpfaffenhofen,Germany,OBF,EDMO,48.081402,11.2831,Europe/Berlin
379,Straubing Airport,Straubing,Germany,RBM,EDMS,48.90083312988281,12.516667366027832,Europe/Berlin
380,Vilshofen Airport,Vilshofen,Germany,,EDMV,48.6349983215332,13.195555686950684,Europe/Berlin
381,Leutkirch-Unterzeil Airport,Leutkirch,Germany,,EDNL,47.858890533447266,10.014166831970215,Europe/Berlin
382,Friedrichshafen Airport,Friedrichshafen,Germany,FDH,EDNY,47.671298980699994,9.51148986816,Europe/Berlin
383,Schwerin Parchim Airport,Parchim,Germany,SZW,EDOP,53.426998,11.7834,Europe/Berlin
384,Stendal-Borstel Airport,Stendal,Germany,,EDOV,52.62888717651367,11.818611145019531,Europe/Berlin
385,Aalen-Heidenheim/Elchingen Airport,Aalen-heidenheim,Germany,,EDPA,48.77777862548828,10.264721870422363,Europe/Berlin
386,Bayreuth Airport,Bayreuth,Germany,BYU,EDQD,49.985001,11.64,Europe/Berlin
387,Burg Feuerstein Airport,Burg Feuerstein,Germany,URD,EDQE,49.794166564941,11.133610725403,Europe/Berlin
388,Hof-Plauen Airport,Hof,Germany,HOQ,EDQM,50.288612365722656,11.856389045715332,Europe/Berlin
389,Haßfurt-Schweinfurt Airport,Hassfurt,Germany,,EDQT,50.0180549621582,10.529443740844727,Europe/Berlin
390,Koblenz-Winningen Airfield,Koblenz,Germany,,EDRK,50.325558,7.528611,Europe/Berlin
391,Trier-Föhren Airport,Trier,Germany,,EDRT,49.863888,6.7875,Europe/Berlin
392,Speyer Airfield,Speyer,Germany,,EDRY,49.304722,8.451389,Europe/Berlin
393,Zweibrücken Airport,Zweibruecken,Germany,ZQW,EDRZ,49.2094,7.40056,Europe/Berlin
394,Donaueschingen-Villingen Airport,Donaueschingen,Germany,ZQL,EDTD,47.97333145139999,8.52222156525,Europe/Berlin
395,Freiburg i. Br. Airport,Freiburg,Germany,,EDTF,48.022777557400005,7.83249998093,Europe/Berlin
396,Mengen-Hohentengen Airport,Mengen,Germany,,EDTM,48.053890228271484,9.372777938842773,Europe/Berlin
397,Adolf Würth Airport,Schwaebisch Hall,Germany,,EDTY,49.1183319092,9.783888816829998,Europe/Berlin
398,Finsterwalde/Schacksdorf Airport,Soest,Germany,,EDUS,51.607498,13.743611,Europe/Berlin
399,Braunschweig-Wolfsburg Airport,Braunschweig,Germany,BWE,EDVE,52.319199,10.5561,Europe/Berlin
400,Kassel-Calden Airport,Kassel,Germany,KSF,EDVK,51.417273,9.384967,Europe/Berlin
401,Hildesheim Airport,Hildesheim,Germany,,EDVM,52.18138885498047,9.946389198303223,Europe/Berlin
402,Bremerhaven Airport,Bremerhaven,Germany,BRV,EDWB,53.506943,8.572778,Europe/Berlin
403,Emden Airport,Emden,Germany,EME,EDWE,53.391109,7.2275,Europe/Berlin
404,Leer-Papenburg Airport,Leer,Germany,,EDWF,53.271942138671875,7.441667079925537,Europe/Berlin
405,Wilhelmshaven-Mariensiel Airport,Wilhelmshaven,Germany,WVN,EDWI,53.502220153808594,8.05222225189209,Europe/Berlin
406,Borkum Airport,Borkum,Germany,BMK,EDWR,53.59639,6.709167,Europe/Berlin
407,Norderney Airport,Norderney,Germany,NRD,EDWY,53.70694351196289,7.230000019073486,Europe/Berlin
408,Flensburg-Schäferhaus Airport,Flensburg,Germany,FLF,EDXF,54.77333450317383,9.378889083862305,Europe/Berlin
409,Rendsburg-Schachtholm Airport,Rendsburg,Germany,,EDXR,54.220001220703125,9.599444389343262,Europe/Berlin
410,Westerland Sylt Airport,Westerland,Germany,GWT,EDXW,54.9132003784,8.34047031403,Europe/Berlin
411,Ämari Air Base,Armari Air Force Base,Estonia,,EEEI,59.26029968261719,24.208499908447266,Europe/Tallinn
412,Kärdla Airport,Kardla,Estonia,KDL,EEKA,58.99079895019531,22.830699920654297,Europe/Tallinn
413,Kuressaare Airport,Kuressaare,Estonia,URE,EEKE,58.22990036010742,22.50950050354004,Europe/Tallinn
414,Pärnu Airport,Parnu,Estonia,EPU,EEPU,58.41899871826172,24.47279930114746,Europe/Tallinn
415,Lennart Meri Tallinn Airport,Tallinn-ulemiste International,Estonia,TLL,EETN,59.41329956049999,24.832799911499997,Europe/Tallinn
416,Tartu Airport,Tartu,Estonia,TAY,EETU,58.3074989319,26.690399169900004,Europe/Tallinn
417,Enontekio Airport,Enontekio,Finland,ENF,EFET,68.362602233887,23.424299240112,Europe/Helsinki
418,Eura Airport,Eura,Finland,,EFEU,61.1161003112793,22.201400756835938,Europe/Helsinki
419,Halli Airport,Halli,Finland,KEV,EFHA,61.856039,24.786686,Europe/Helsinki
420,Helsinki Malmi Airport,Helsinki,Finland,HEM,EFHF,60.254600524902344,25.042800903320312,Europe/Helsinki
421,Helsinki Vantaa Airport,Helsinki,Finland,HEL,EFHK,60.317199707031,24.963300704956,Europe/Helsinki
422,Hameenkyro Airport,Hameenkyro,Finland,,EFHM,61.689701080322266,23.073699951171875,Europe/Helsinki
423,Hanko Airport,Hanko,Finland,,EFHN,59.848899841308594,23.083599090576172,Europe/Helsinki
424,Hyvinkää Airfield,Hyvinkaa,Finland,HYV,EFHV,60.6543998718,24.8810997009,Europe/Helsinki
425,Kiikala Airport,Kikala,Finland,,EFIK,60.4625015259,23.6525001526,Europe/Helsinki
426,Immola Airport,Immola,Finland,,EFIM,61.24919891357422,28.90369987487793,Europe/Helsinki
427,Kitee Airport,Kitee,Finland,KTQ,EFIT,62.1661,30.073601,Europe/Helsinki
428,Ivalo Airport,Ivalo,Finland,IVL,EFIV,68.607299804688,27.405300140381,Europe/Helsinki
429,Joensuu Airport,Joensuu,Finland,JOE,EFJO,62.662899017334,29.607500076294,Europe/Helsinki
430,Jyvaskyla Airport,Jyvaskyla,Finland,JYV,EFJY,62.399501800537,25.678300857544,Europe/Helsinki
431,Kauhava Airport,Kauhava,Finland,KAU,EFKA,63.127102,23.051399,Europe/Helsinki
432,Kemi-Tornio Airport,Kemi,Finland,KEM,EFKE,65.778701782227,24.582099914551,Europe/Helsinki
433,Kajaani Airport,Kajaani,Finland,KAJ,EFKI,64.285499572754,27.692399978638,Europe/Helsinki
434,Kauhajoki Airport,Kauhajoki,Finland,KHJ,EFKJ,62.4625015259,22.3931007385,Europe/Helsinki
435,Kokkola-Pietarsaari Airport,Kruunupyy,Finland,KOK,EFKK,63.721199035645,23.143100738525,Europe/Helsinki
436,Kemijarvi Airport,Kemijarvi,Finland,,EFKM,66.712898,27.156799,Europe/Helsinki
437,Kuusamo Airport,Kuusamo,Finland,KAO,EFKS,65.987602233887,29.239400863647,Europe/Helsinki
438,Kittilä Airport,Kittila,Finland,KTT,EFKT,67.700996398926,24.846799850464,Europe/Helsinki
439,Kuopio Airport,Kuopio,Finland,KUO,EFKU,63.007099151611,27.797800064087,Europe/Helsinki
440,Lahti Vesivehmaa Airport,Vesivehmaa,Finland,QLF,EFLA,61.144199,25.693501,Europe/Helsinki
441,Lappeenranta Airport,Lappeenranta,Finland,LPP,EFLP,61.044601,28.144743,Europe/Helsinki
442,Mariehamn Airport,Mariehamn,Finland,MHQ,EFMA,60.122200012207,19.898199081421,Europe/Mariehamn
443,Menkijarvi Airport,Menkijarvi,Finland,,EFME,62.94670104980469,23.51889991760254,Europe/Helsinki
444,Mikkeli Airport,Mikkeli,Finland,MIK,EFMI,61.6866,27.201799,Europe/Helsinki
445,Nummela Airport,Nummela,Finland,,EFNU,60.333900451699996,24.2964000702,Europe/Helsinki
446,Oulu Airport,Oulu,Finland,OUL,EFOU,64.930099487305,25.354600906372,Europe/Helsinki
447,Piikajarvi Airport,Piikajarvi,Finland,,EFPI,61.245601654052734,22.19339942932129,Europe/Helsinki
448,Pori Airport,Pori,Finland,POR,EFPO,61.461700439453,21.799999237061,Europe/Helsinki
449,Pudasjärvi Airport,Pudasjarvi,Finland,,EFPU,65.4021987915,26.946899414100002,Europe/Helsinki
450,Pyhäsalmi Airport,Pyhasalmi,Finland,,EFPY,63.7318992615,25.926300048799998,Europe/Helsinki
451,Raahe Pattijoki Airport,Pattijoki,Finland,,EFRH,64.6881027222,24.6958007812,Europe/Helsinki
452,Rantasalmi Airport,Rantasalmi,Finland,,EFRN,62.0654983521,28.3565006256,Europe/Helsinki
453,Rovaniemi Airport,Rovaniemi,Finland,RVN,EFRO,66.564796447754,25.830400466919,Europe/Helsinki
454,Rayskala Airport,Rayskala,Finland,,EFRY,60.74470138549805,24.107799530029297,Europe/Helsinki
455,Savonlinna Airport,Savonlinna,Finland,SVL,EFSA,61.943099975586,28.945100784302,Europe/Helsinki
456,Selanpaa Airport,Selanpaa,Finland,,EFSE,61.062400817871094,26.798900604248047,Europe/Helsinki
457,Sodankyla Airport,Sodankyla,Finland,SOT,EFSO,67.3949966431,26.6191005707,Europe/Helsinki
458,Tampere-Pirkkala Airport,Tampere,Finland,TMP,EFTP,61.414100646973,23.604400634766,Europe/Helsinki
459,Teisko Airport,Teisko,Finland,,EFTS,61.7733,24.027,Europe/Helsinki
460,Turku Airport,Turku,Finland,TKU,EFTU,60.514099121094,22.262800216675,Europe/Helsinki
461,Utti Air Base,Utti,Finland,UTI,EFUT,60.89640045166,26.938400268555,Europe/Helsinki
462,Vaasa Airport,Vaasa,Finland,VAA,EFVA,63.050701141357,21.762199401855,Europe/Helsinki
463,Varkaus Airport,Varkaus,Finland,VRK,EFVR,62.171100616455,27.868600845337,Europe/Helsinki
464,Ylivieska Airfield,Ylivieska-raudaskyla,Finland,YLI,EFYL,64.0547222,24.7252778,Europe/Helsinki
465,Belfast International Airport,Belfast,United Kingdom,BFS,EGAA,54.6575012207,-6.2158298492399995,Europe/London
466,St Angelo Airport,Enniskillen,United Kingdom,ENK,EGAB,54.39889907836914,-7.651669979095459,Europe/London
467,George Best Belfast City Airport,Belfast,United Kingdom,BHD,EGAC,54.618099212646484,-5.872499942779541,Europe/London
468,City of Derry Airport,Londonderry,United Kingdom,LDY,EGAE,55.04280090332031,-7.161109924316406,Europe/London
469,Birmingham International Airport,Birmingham,United Kingdom,BHX,EGBB,52.453899383499994,-1.74802994728,Europe/London
470,Coventry Airport,Coventry,United Kingdom,CVT,EGBE,52.3697013855,-1.4797199964499999,Europe/London
471,Leicester Airport,Leicester,United Kingdom,,EGBG,52.6077995300293,-1.03193998336792,Europe/London
472,Gloucestershire Airport,Golouchestershire,United Kingdom,GLO,EGBJ,51.89419937133789,-2.167220115661621,Europe/London
474,Wolverhampton Halfpenny Green Airport,Halfpenny Green,United Kingdom,,EGBO,52.51750183105469,-2.2594399452209473,Europe/London
475,Cotswold Airport,Pailton,United Kingdom,GBA,EGBP,51.668095,-2.05694,Europe/London
476,Turweston Airport,Turweston,United Kingdom,,EGBT,52.0407981873,-1.09555995464,Europe/London
477,Wellesbourne Mountford Airport,Wellesbourne,United Kingdom,,EGBW,52.19219970703125,-1.6144399642944336,Europe/London
478,Manchester Airport,Manchester,United Kingdom,MAN,EGCC,53.35369873046875,-2.2749500274658203,Europe/London
479,Manchester Woodford Airport,Woodfort,United Kingdom,,EGCD,53.3381,-2.14889,Europe/London
480,Royal Marines Base Chivenor Airport,Chivenor,United Kingdom,,EGDC,51.08720016479492,-4.1503400802612305,Europe/London
481,Newquay Cornwall Airport,Newquai,United Kingdom,NQY,EGHQ,50.44060134887695,-4.995409965515137,Europe/London
482,RAF Lyneham,Lyneham,United Kingdom,LYE,EGDL,51.5051,-1.99343,Europe/London
483,MoD Boscombe Down Airport,Boscombe Down,United Kingdom,,EGDM,51.152198791503906,-1.7474100589752197,Europe/London
484,RNAS Culdrose,Culdrose,United Kingdom,,EGDR,50.08610153198242,-5.255710124969482,Europe/London
485,MoD St. Athan,St. Athan,United Kingdom,,EGDX,51.4048,-3.43575,Europe/London
486,RNAS Yeovilton,Yeovilton,United Kingdom,YEO,EGDY,51.0093994140625,-2.638819932937622,Europe/London
487,Haverfordwest Airport,Haverfordwest,United Kingdom,HAW,EGFE,51.833099365234375,-4.9611101150512695,Europe/London
488,Cardiff International Airport,Cardiff,United Kingdom,CWL,EGFF,51.39670181274414,-3.343329906463623,Europe/London
489,Swansea Airport,Swansea,United Kingdom,SWS,EGFH,51.60530090332031,-4.0678300857543945,Europe/London
490,Bristol Airport,Bristol,United Kingdom,BRS,EGGD,51.382702,-2.71909,Europe/London
491,Liverpool John Lennon Airport,Liverpool,United Kingdom,LPL,EGGP,53.33359909057617,-2.849720001220703,Europe/London
492,London Luton Airport,London,United Kingdom,LTN,EGGW,51.874698638916016,-0.36833301186561584,Europe/London
493,Plymouth City Airport,Plymouth,United Kingdom,PLH,EGHD,50.422798,-4.10583,Europe/London
494,Bournemouth Airport,Bournemouth,United Kingdom,BOH,EGHH,50.779998779296875,-1.8424999713897705,Europe/London
495,Southampton Airport,Southampton,United Kingdom,SOU,EGHI,50.95029830932617,-1.3567999601364136,Europe/London
496,Lasham Airport,Lasham,United Kingdom,QLA,EGHL,51.187198638916016,-1.0334999561309814,Europe/London
497,Alderney Airport,Alderney,Guernsey,ACI,EGJA,49.706104,-2.21472,Europe/Guernsey
498,Guernsey Airport,Guernsey,Guernsey,GCI,EGJB,49.435001373291016,-2.6019699573516846,Europe/Guernsey
499,Jersey Airport,Jersey,Jersey,JER,EGJJ,49.20790100097656,-2.195509910583496,Europe/Jersey
500,Shoreham Airport,Shoreham By Sea,United Kingdom,ESH,EGKA,50.835602,-0.297222,Europe/London
501,London Biggin Hill Airport,Biggin Hill,United Kingdom,BQH,EGKB,51.33079910279999,0.0324999988079,Europe/London
502,London Gatwick Airport,London,United Kingdom,LGW,EGKK,51.148102,-0.190278,Europe/London
503,London City Airport,London,United Kingdom,LCY,EGLC,51.505299,0.055278,Europe/London
504,Farnborough Airport,Farnborough,United Kingdom,FAB,EGLF,51.2757987976,-0.776332974434,Europe/London
505,Chalgrove Airport,Chalsgrove,United Kingdom,,EGLJ,51.67610168457031,-1.0808299779891968,Europe/London
506,Blackbushe Airport,Blackbushe,United Kingdom,BBS,EGLK,51.32389831542969,-0.8475000262260437,Europe/London
507,London Heathrow Airport,London,United Kingdom,LHR,EGLL,51.4706,-0.461941,Europe/London
508,Southend Airport,Southend,United Kingdom,SEN,EGMC,51.5713996887207,0.6955559849739075,Europe/London
509,Lydd Airport,Lydd,United Kingdom,LYX,EGMD,50.95610046386719,0.9391670227050781,Europe/London
510,Kent International Airport,Manston,United Kingdom,MSE,EGMH,51.342201,1.34611,Europe/London
511,Brough Airport,Brough,United Kingdom,,EGNB,53.7197,-0.566333,Europe/London
512,Carlisle Airport,Carlisle,United Kingdom,CAX,EGNC,54.9375,-2.8091700077056885,Europe/London
513,Retford Gamston Airport,Repton,United Kingdom,,EGNE,53.280601501464844,-0.9513890147209167,Europe/London
514,Blackpool International Airport,Blackpool,United Kingdom,BLK,EGNH,53.77170181274414,-3.0286099910736084,Europe/London
515,Humberside Airport,Humberside,United Kingdom,HUY,EGNJ,53.57440185546875,-0.350832998752594,Europe/London
516,Barrow Walney Island Airport,Barrow Island,United Kingdom,BWF,EGNL,54.1286111,-3.2675,Europe/London
517,Leeds Bradford Airport,Leeds,United Kingdom,LBA,EGNM,53.86589813232422,-1.6605700254440308,Europe/London
518,Warton Airport,Warton,United Kingdom,WRT,EGNO,53.745098,-2.88306,Europe/London
519,Hawarden Airport,Hawarden,United Kingdom,CEG,EGNR,53.1781005859375,-2.9777801036834717,Europe/London
520,Isle of Man Airport,Isle Of Man,Isle of Man,IOM,EGNS,54.08330154418945,-4.623889923095703,Europe/Isle_of_Man
521,Newcastle Airport,Newcastle,United Kingdom,NCL,EGNT,55.037498474121094,-1.6916699409484863,Europe/London
522,Durham Tees Valley Airport,Teesside,United Kingdom,MME,EGNV,54.50920104980469,-1.4294099807739258,Europe/London
523,East Midlands Airport,East Midlands,United Kingdom,EMA,EGNX,52.8311004639,-1.32806003094,Europe/London
524,Llanbedr Airport,Llanbedr,United Kingdom,,EGOD,52.811698913574,-4.1235799789429,Europe/London
525,RAF Ternhill,Ternhill,United Kingdom,,EGOE,52.87120056152344,-2.533560037612915,Europe/London
526,RAF Shawbury,Shawbury,United Kingdom,,EGOS,52.79819869995117,-2.6680400371551514,Europe/London
528,RAF Woodvale,Woodvale,United Kingdom,,EGOW,53.5816,-3.05552,Europe/London
529,Kirkwall Airport,Kirkwall,United Kingdom,KOI,EGPA,58.957801818847656,-2.9049999713897705,Europe/London
530,Sumburgh Airport,Sumburgh,United Kingdom,LSI,EGPB,59.87889862060547,-1.2955600023269653,Europe/London
531,Wick Airport,Wick,United Kingdom,WIC,EGPC,58.458900451660156,-3.09306001663208,Europe/London
532,Aberdeen Dyce Airport,Aberdeen,United Kingdom,ABZ,EGPD,57.201900482177734,-2.197779893875122,Europe/London
533,Inverness Airport,Inverness,United Kingdom,INV,EGPE,57.54249954223633,-4.047500133514404,Europe/London
534,Glasgow International Airport,Glasgow,United Kingdom,GLA,EGPF,55.8718986511,-4.43306016922,Europe/London
535,Edinburgh Airport,Edinburgh,United Kingdom,EDI,EGPH,55.95000076293945,-3.372499942779541,Europe/London
536,Islay Airport,Islay,United Kingdom,ILY,EGPI,55.68190002441406,-6.256669998168945,Europe/London
537,Glasgow Prestwick Airport,Prestwick,United Kingdom,PIK,EGPK,55.5093994140625,-4.586669921875,Europe/London
538,Benbecula Airport,Benbecula,United Kingdom,BEB,EGPL,57.48109817504883,-7.3627800941467285,Europe/London
539,Scatsta Airport,Scatsta,United Kingdom,SCS,EGPM,60.43280029296875,-1.2961100339889526,Europe/London
540,Dundee Airport,Dundee,United Kingdom,DND,EGPN,56.45249938964844,-3.025830030441284,Europe/London
541,Stornoway Airport,Stornoway,United Kingdom,SYY,EGPO,58.215599060058594,-6.331110000610352,Europe/London
542,Tiree Airport,Tiree,United Kingdom,TRE,EGPU,56.49919891357422,-6.869170188903809,Europe/London
543,RAF Leuchars,Leuchars,United Kingdom,ADX,EGQL,56.37289810180664,-2.8684399127960205,Europe/London
544,RAF Lossiemouth,Lossiemouth,United Kingdom,LMO,EGQS,57.7052001953125,-3.339169979095459,Europe/London
545,Cambridge Airport,Cambridge,United Kingdom,CBG,EGSC,52.205002,0.175,Europe/London
546,Peterborough Business Airport,Peterborough,United Kingdom,,EGSF,52.468101501464844,-0.2511110007762909,Europe/London
547,Norwich International Airport,Norwich,United Kingdom,NWI,EGSH,52.6758003235,1.28278005123,Europe/London
548,London Stansted Airport,London,United Kingdom,STN,EGSS,51.8849983215,0.234999999404,Europe/London
549,North Weald Airport,North Weald,United Kingdom,,EGSX,51.721698761,0.154166996479,Europe/London
550,Sheffield City Heliport,Fowlmere,United Kingdom,,EGSY,53.394299,-1.38849,Europe/London
551,Cranfield Airport,Cranfield,United Kingdom,,EGTC,52.0722007751,-0.616666972637,Europe/London
552,Exeter International Airport,Exeter,United Kingdom,EXT,EGTE,50.73440170288086,-3.4138898849487305,Europe/London
553,Bristol Filton Airport,Bristol,United Kingdom,FZO,EGTG,51.5194015503,-2.59083008766,Europe/London
554,Oxford (Kidlington) Airport,Oxford,United Kingdom,OXF,EGTK,51.8368988037,-1.32000005245,Europe/London
555,RAF Benson,Benson,United Kingdom,BEX,EGUB,51.616401672399995,-1.09582996368,Europe/London
556,RAF Lakenheath,Lakenheath,United Kingdom,LKZ,EGUL,52.409301757799994,0.56099998951,Europe/London
557,RAF Mildenhall,Mildenhall,United Kingdom,MHZ,EGUN,52.361900329589844,0.48640599846839905,Europe/London
558,RAF Wattisham,Wattisham,United Kingdom,,EGUW,52.1273002625,0.956264019012,Europe/London
559,RAF Wyton,Wyton,United Kingdom,QUY,EGUY,52.3572006226,-0.107832998037,Europe/London
560,RAF Fairford,Fairford,United Kingdom,FFD,EGVA,51.6822013855,-1.7900300025900002,Europe/London
561,RAF Brize Norton,Brize Norton,United Kingdom,BZZ,EGVN,51.75,-1.58362,Europe/London
562,RAF Odiham,Odiham,United Kingdom,ODH,EGVO,51.2341003418,-0.94282501936,Europe/London
563,DCAE Cosford Air Base,Cosford,United Kingdom,,EGWC,52.639999,-2.30558,Europe/London
564,RAF Northolt,Northolt,United Kingdom,NHT,EGWU,51.553001403799996,-0.418166995049,Europe/London
565,RAF Coningsby,Coningsby,United Kingdom,QCY,EGXC,53.0929985046,-0.166014000773,Europe/London
566,RAF Dishforth,Dishforth,United Kingdom,,EGXD,54.1371994019,-1.42025005817,Europe/London
567,Leeming Airport,Leeming,United Kingdom,,EGXE,54.2924,-1.5354,Europe/London
568,Leeds East Airport,Church Fenton,United Kingdom,,EGXG,53.834301,-1.1955,Europe/London
569,RAF Honington,Honington,United Kingdom,BEQ,EGXH,52.34260177612305,0.7729390263557434,Europe/London
570,RAF Cottesmore,Cottesmore,United Kingdom,,EGXJ,52.735699,-0.648769,Europe/London
571,RAF Scampton,Scampton,United Kingdom,SQZ,EGXP,53.307800293,-0.550832986832,Europe/London
572,RAF Wittering,Wittering,United Kingdom,,EGXT,52.612598,-0.476453,Europe/London
573,RAF Linton-On-Ouse,Linton-on-ouse,United Kingdom,HRT,EGXU,54.0489006042,-1.2527500391,Europe/London
574,RAF Waddington,Waddington,United Kingdom,WTN,EGXW,53.1661987305,-0.523810982704,Europe/London
575,RAF Topcliffe,Topcliffe,United Kingdom,,EGXZ,54.205501556399994,-1.3820899725,Europe/London
576,RAF Cranwell,Cranwell,United Kingdom,,EGYD,53.0303001404,-0.48324200511,Europe/London
577,RAF Barkston Heath,Barkston Heath,United Kingdom,,EGYE,52.962200164799995,-0.561625003815,Europe/London
578,RAF Marham,Marham,United Kingdom,KNF,EGYM,52.648395,0.550692,Europe/London
579,Mount Pleasant Airport,Mount Pleasant,Falkland Islands,MPN,EGYP,-51.82279968261719,-58.447200775146484,Atlantic/Stanley
580,Amsterdam Airport Schiphol,Amsterdam,Netherlands,AMS,EHAM,52.308601,4.76389,Europe/Amsterdam
581,Budel Airfield Kempen,Weert,Netherlands,,EHBD,51.255299,5.60139,Europe/Amsterdam
582,Maastricht Aachen Airport,Maastricht,Netherlands,MST,EHBK,50.911701,5.77014,Europe/Amsterdam
583,Deelen Air Base,Deelen,Netherlands,,EHDL,52.0606,5.87306,Europe/Amsterdam
584,Drachten Airport,Drachten,Netherlands,,EHDR,53.1192016602,6.12972021103,Europe/Amsterdam
585,Eindhoven Airport,Eindhoven,Netherlands,EIN,EHEH,51.4500999451,5.37452983856,Europe/Amsterdam
586,Eelde Airport,Groningen,Netherlands,GRQ,EHGG,53.1197013855,6.57944011688,Europe/Amsterdam
587,Gilze Rijen Air Base,Gilze-rijen,Netherlands,GLZ,EHGR,51.56740188598633,4.931829929351807,Europe/Amsterdam
588,De Kooy Airport,De Kooy,Netherlands,DHR,EHKD,52.92340087890625,4.780620098114014,Europe/Amsterdam
589,Lelystad Airport,Lelystad,Netherlands,LEY,EHLE,52.4603,5.52722,Europe/Amsterdam
590,Leeuwarden Air Base,Leeuwarden,Netherlands,LWR,EHLW,53.228599548339844,5.760560035705566,Europe/Amsterdam
591,Rotterdam The Hague Airport,Rotterdam,Netherlands,RTM,EHRD,51.956902,4.43722,Europe/Amsterdam
592,Soesterberg Air Base,Soesterberg,Netherlands,UTC,EHSB,52.1273002625,5.27618980408,Europe/Amsterdam
593,Twente Airport,Enschede,Netherlands,ENS,EHTW,52.275833,6.889167,Europe/Amsterdam
594,Valkenburg Naval Air Base,Valkenburg,Netherlands,LID,EHVB,52.166099548300004,4.41794013977,Europe/Amsterdam
595,Woensdrecht Air Base,Woensdrecht,Netherlands,WOE,EHWO,51.4491,4.34203,Europe/Amsterdam
596,Cork Airport,Cork,Ireland,ORK,EICK,51.84130096435547,-8.491109848022461,Europe/Dublin
597,Galway Airport,Galway,Ireland,GWY,EICM,53.300201416015625,-8.941590309143066,Europe/Dublin
599,Dublin Airport,Dublin,Ireland,DUB,EIDW,53.421299,-6.27007,Europe/Dublin
600,Ireland West Knock Airport,Connaught,Ireland,NOC,EIKN,53.910301208496094,-8.818490028381348,Europe/Dublin
601,Kerry Airport,Kerry,Ireland,KIR,EIKY,52.18090057373047,-9.52377986907959,Europe/Dublin
602,Casement Air Base,Casement,Ireland,,EIME,53.301700592,-6.451330184940001,Europe/Dublin
603,Shannon Airport,Shannon,Ireland,SNN,EINN,52.702,-8.92482,Europe/Dublin
604,Sligo Airport,Sligo,Ireland,SXL,EISG,54.280200958252,-8.5992097854614,Europe/Dublin
605,Waterford Airport,Waterford,Ireland,WAT,EIWF,52.187198638916016,-7.0869598388671875,Europe/Dublin
607,Aarhus Airport,Aarhus,Denmark,AAR,EKAH,56.2999992371,10.619000434899998,Europe/Copenhagen
608,Billund Airport,Billund,Denmark,BLL,EKBI,55.7402992249,9.15178012848,Europe/Copenhagen
609,Copenhagen Kastrup Airport,Copenhagen,Denmark,CPH,EKCH,55.617900848389,12.656000137329,Europe/Copenhagen
610,Esbjerg Airport,Esbjerg,Denmark,EBJ,EKEB,55.525902,8.5534,Europe/Copenhagen
611,Grønholt Hillerød Airport,Gronholt,Denmark,,EKGH,55.94139862060547,12.382200241088867,Europe/Copenhagen
612,Karup Airport,Karup,Denmark,KRP,EKKA,56.29750061035156,9.124629974365234,Europe/Copenhagen
613,Læsø Airport,Laeso,Denmark,BYR,EKLS,57.277198791503906,11.000100135803223,Europe/Copenhagen
614,Lolland Falster Maribo Airport,Maribo,Denmark,MRW,EKMB,54.699299,11.4401,Europe/Copenhagen
615,Odense Airport,Odense,Denmark,ODE,EKOD,55.47669982910156,10.330900192260742,Europe/Copenhagen
616,Kruså-Padborg Airport,Krusa-padborg,Denmark,,EKPB,54.87030029296875,9.279009819030762,Europe/Copenhagen
617,Copenhagen Roskilde Airport,Copenhagen,Denmark,RKE,EKRK,55.585601806640625,12.131400108337402,Europe/Copenhagen
618,Bornholm Airport,Ronne,Denmark,RNN,EKRN,55.06330108642578,14.759599685668945,Europe/Copenhagen
619,Sønderborg Airport,Soenderborg,Denmark,SGD,EKSB,54.96440124511719,9.791729927062988,Europe/Copenhagen
621,Skrydstrup Air Base,Skrydstrup,Denmark,SKS,EKSP,55.221048,9.26702,Europe/Copenhagen
622,Skive Airport,Skive,Denmark,SQW,EKSV,56.550201416015625,9.172980308532715,Europe/Copenhagen
623,Thisted Airport,Thisted,Denmark,TED,EKTS,57.06880187988281,8.705220222473145,Europe/Copenhagen
624,Kolding Vamdrup Airfield,Kolding,Denmark,,EKVD,55.436298,9.33092,Europe/Copenhagen
625,Vagar Airport,Vagar,Faroe Islands,FAE,EKVG,62.0635986328125,-7.277219772338867,Atlantic/Faeroe
626,Vesthimmerlands Flyveplads,Vesthimmerland,Denmark,,EKVH,56.846901,9.45861,Europe/Copenhagen
627,Stauning Airport,Stauning,Denmark,STA,EKVJ,55.9901008605957,8.353910446166992,Europe/Copenhagen
628,Aalborg Airport,Aalborg,Denmark,AAL,EKYT,57.0927589138,9.84924316406,Europe/Copenhagen
629,Luxembourg-Findel International Airport,Luxemburg,Luxembourg,LUX,ELLX,49.6233333,6.2044444,Europe/Luxembourg
630,Ålesund Airport,Alesund,Norway,AES,ENAL,62.5625,6.119699954986572,Europe/Oslo
631,Andøya Airport,Andoya,Norway,ANX,ENAN,69.292503356934,16.144199371338,Europe/Oslo
632,Alta Airport,Alta,Norway,ALF,ENAT,69.976097106934,23.371700286865,Europe/Oslo
633,Bømoen Airport,Voss,Norway,,ENBM,60.63890075683594,6.501500129699707,Europe/Oslo
634,Brønnøysund Airport,Bronnoysund,Norway,BNN,ENBN,65.461097717285,12.217499732971,Europe/Oslo
635,Bodø Airport,Bodo,Norway,BOO,ENBO,67.26920318603516,14.365300178527832,Europe/Oslo
636,Bergen Airport Flesland,Bergen,Norway,BGO,ENBR,60.29339981,5.218140125,Europe/Oslo
637,Båtsfjord Airport,Batsfjord,Norway,BJF,ENBS,70.60050201416,29.691400527954,Europe/Oslo
638,Kristiansand Airport,Kristiansand,Norway,KRS,ENCN,58.204201,8.08537,Europe/Oslo
639,Geilo Airport Dagali,Geilo,Norway,DLD,ENDI,60.417301177978516,8.518349647521973,Europe/Oslo
640,Bardufoss Airport,Bardufoss,Norway,BDU,ENDU,69.055801391602,18.540399551392,Europe/Oslo
641,"Harstad/Narvik Airport, Evenes",Harstad/Narvik,Norway,EVE,ENEV,68.491302490234,16.678100585938,Europe/Oslo
642,Leirin Airport,Fagernes,Norway,VDB,ENFG,61.015598297119,9.2880601882935,Europe/Oslo
643,Florø Airport,Floro,Norway,FRO,ENFL,61.583599090576,5.0247201919556,Europe/Oslo
644,Oslo Lufthavn,Oslo,Norway,OSL,ENGM,60.121,11.0502,Europe/Oslo
645,Haugesund Airport,Haugesund,Norway,HAU,ENHD,59.34529876709,5.2083601951599,Europe/Oslo
646,Hasvik Airport,Hasvik,Norway,HAA,ENHK,70.486701965332,22.139699935913,Europe/Oslo
647,Kristiansund Airport (Kvernberget),Kristiansund,Norway,KSU,ENKB,63.111801147461,7.824520111084,Europe/Oslo
648,Kjeller Airport,Kjeller,Norway,,ENKJ,59.9692993164,11.036100387600001,Europe/Oslo
649,Kirkenes Airport (Høybuktmoen),Kirkenes,Norway,KKN,ENKR,69.725799560547,29.891300201416,Europe/Oslo
650,Lista Airport,Farsund,Norway,FAN,ENLI,58.0994987487793,6.626049995422363,Europe/Oslo
651,Molde Airport,Molde,Norway,MOL,ENML,62.744701385498,7.2624998092651,Europe/Oslo
652,Mosjøen Airport (Kjærstad),Mosjoen,Norway,MJF,ENMS,65.783996582031,13.214900016785,Europe/Oslo
653,Banak Airport,Lakselv,Norway,LKL,ENNA,70.068801879883,24.973499298096,Europe/Oslo
654,Notodden Airport,Notodden,Norway,NTB,ENNO,59.565701,9.21222,Europe/Oslo
655,Ørland Airport,Orland,Norway,OLA,ENOL,63.69889831542969,9.604000091552734,Europe/Oslo
656,Røros Airport,Roros,Norway,RRS,ENRO,62.578399658203,11.342300415039,Europe/Oslo
657,"Moss Airport, Rygge",Rygge,Norway,RYG,ENRY,59.378817,10.785439,Europe/Oslo
658,"Svalbard Airport, Longyear",Svalbard,Norway,LYR,ENSB,78.246101379395,15.465600013733,Arctic/Longyearbyen
659,Skien Airport,Skien,Norway,SKE,ENSN,59.185001373291016,9.566940307617188,Europe/Oslo
660,Stord Airport,Stord,Norway,SRP,ENSO,59.791900634765625,5.340849876403809,Europe/Oslo
662,Sandnessjøen Airport (Stokka),Sandnessjoen,Norway,SSJ,ENST,65.956802368164,12.468899726868,Europe/Oslo
663,"Tromsø Airport,",Tromso,Norway,TOS,ENTC,69.68329620361328,18.918899536132812,Europe/Oslo
664,"Sandefjord Airport, Torp",Sandefjord,Norway,TRF,ENTO,59.1866989136,10.258600235,Europe/Oslo
665,Trondheim Airport Værnes,Trondheim,Norway,TRD,ENVA,63.4578018,10.9239998,Europe/Oslo
666,Stavanger Airport Sola,Stavanger,Norway,SVG,ENZV,58.876701354,5.6377801895,Europe/Oslo
667,Babice Airport,Warsaw,Poland,,EPBC,52.26850128173828,20.910999298095703,Europe/Warsaw
668,Gdańsk Lech Wałęsa Airport,Gdansk,Poland,GDN,EPGD,54.377601623535156,18.46619987487793,Europe/Warsaw
669,Kraków John Paul II International Airport,Krakow,Poland,KRK,EPKK,50.077702,19.7848,Europe/Warsaw
670,Muchowiec Airport,Katowice,Poland,,EPKM,50.23809814453125,19.03420066833496,Europe/Warsaw
671,Katowice International Airport,Katowice,Poland,KTW,EPKT,50.4743,19.08,Europe/Warsaw
673,Mielec Airport,Mielec,Poland,,EPML,50.32229995727539,21.462099075317383,Europe/Warsaw
674,Poznań-Ławica Airport,Poznan,Poland,POZ,EPPO,52.421001434299995,16.8262996674,Europe/Warsaw
675,Rzeszów-Jasionka Airport,Rzeszow,Poland,RZE,EPRZ,50.1100006104,22.0189990997,Europe/Warsaw
676,"Szczecin-Goleniów ""Solidarność"" Airport",Szczecin,Poland,SZZ,EPSC,53.584701538100006,14.902199745199999,Europe/Warsaw
677,Redzikowo Air Base,Slupsk,Poland,OSP,EPSK,54.47890090942383,17.107500076293945,Europe/Warsaw
678,Swidwin Military Air Base,Shapaja,Poland,,EPSN,53.790599823,15.826299667399999,Europe/Warsaw
679,Warsaw Chopin Airport,Warsaw,Poland,WAW,EPWA,52.1656990051,20.967100143399996,Europe/Warsaw
680,Copernicus Wrocław Airport,Wroclaw,Poland,WRO,EPWR,51.1026992798,16.885799408,Europe/Warsaw
681,Zielona Góra-Babimost Airport,Zielona Gora,Poland,IEG,EPZG,52.138500213600004,15.7986001968,Europe/Warsaw
682,Malmen Air Base,Linkoeping,Sweden,,ESCF,58.40230178833008,15.525699615478516,Europe/Stockholm
683,Bråvalla Air Base,Norrkoeping,Sweden,,ESCK,58.61090087890625,16.103599548339844,Europe/Stockholm
684,Uppsala Airport,Uppsala,Sweden,,ESCM,59.897300720214844,17.588600158691406,Europe/Stockholm
685,Ronneby Airport,Ronneby,Sweden,RNB,ESDF,56.266700744629,15.265000343323,Europe/Stockholm
686,Råda Air Base,Rada,Sweden,,ESFR,58.49810028076172,13.053199768066406,Europe/Stockholm
687,Gothenburg-Landvetter Airport,Gothenborg,Sweden,GOT,ESGG,57.662799835205,12.279800415039,Europe/Stockholm
688,Jönköping Airport,Joenkoeping,Sweden,JKG,ESGJ,57.757598876953125,14.068699836730957,Europe/Stockholm
689,Falköping Airport,Falkoping,Sweden,,ESGK,58.1697998046875,13.587800025939941,Europe/Stockholm
690,Lidköping-Hovby Airport,Lidkoping,Sweden,LDK,ESGL,58.4655,13.1744,Europe/Stockholm
691,Gothenburg City Airport,Gothenborg,Sweden,GSE,ESGP,57.7747,11.8704,Europe/Stockholm
692,Skövde Airport,Skovde,Sweden,KVB,ESGR,58.45640182495117,13.972700119018555,Europe/Stockholm
693,Trollhättan-Vänersborg Airport,Trollhattan,Sweden,THN,ESGT,58.31809997558594,12.345000267028809,Europe/Stockholm
694,Karlsborg Air Base,Karlsborg,Sweden,,ESIA,58.51380157470703,14.507100105285645,Europe/Stockholm
695,Såtenäs Air Base,Satenas,Sweden,,ESIB,58.42639923095703,12.714400291442871,Europe/Stockholm
696,Barkarby Airport,Stockholm,Sweden,,ESKB,59.4144743644,17.8821372986,Europe/Stockholm
697,Karlskoga Airport,Karlskoga,Sweden,KSK,ESKK,59.34590148925781,14.49590015411377,Europe/Stockholm
698,Mora Airport,Mora,Sweden,MXX,ESKM,60.957901,14.5114,Europe/Stockholm
699,Stockholm Skavsta Airport,Stockholm,Sweden,NYO,ESKN,58.78860092163086,16.912200927734375,Europe/Stockholm
700,Arvika Airport,Arvika,Sweden,,ESKV,59.6759,12.6394,Europe/Stockholm
701,Emmaboda Airfield,Emmaboda,Sweden,,ESMA,56.610802,15.6048,Europe/Stockholm
702,Feringe Airport,Ljungby,Sweden,,ESMG,56.9502983093,13.921699523900001,Europe/Stockholm
703,Kristianstad Airport,Kristianstad,Sweden,KID,ESMK,55.92169952392578,14.08549976348877,Europe/Stockholm
704,Landskrona Airport,Landskrona,Sweden,,ESML,55.94599914550781,12.869999885559082,Europe/Stockholm
705,Oskarshamn Airport,Oskarshamn,Sweden,OSK,ESMO,57.350498,16.497999,Europe/Stockholm
706,Anderstorp Airport,Anderstorp,Sweden,,ESMP,57.264198303222656,13.59939956665039,Europe/Stockholm
707,Kalmar Airport,Kalkmar,Sweden,KLR,ESMQ,56.68550109863281,16.287599563598633,Europe/Stockholm
708,Malmö Sturup Airport,Malmoe,Sweden,MMX,ESMS,55.536305364,13.376197814900001,Europe/Stockholm
709,Halmstad Airport,Halmstad,Sweden,HAD,ESMT,56.69110107421875,12.820199966430664,Europe/Stockholm
710,Hagshult Air Base,Hagshult,Sweden,,ESMV,57.292198,14.1372,Europe/Stockholm
711,Växjö Kronoberg Airport,Vaxjo,Sweden,VXO,ESMX,56.929100036621094,14.727999687194824,Europe/Stockholm
712,Hallviken Airport,Hallviken,Sweden,,ESNA,63.73830032348633,15.45829963684082,Europe/Stockholm
713,Hedlanda Airport,Hede,Sweden,,ESNC,62.40890121459999,13.747200012199999,Europe/Stockholm
714,Sveg Airport,Sveg,Sweden,EVG,ESND,62.04779815673828,14.422900199890137,Europe/Stockholm
715,Gällivare Airport,Gallivare,Sweden,GEV,ESNG,67.13240051269531,20.814599990844727,Europe/Stockholm
716,Hudiksvall Airport,Hudiksvall,Sweden,HUV,ESNH,61.7681007385,17.0806999207,Europe/Stockholm
717,Jokkmokk Airport,Jokkmokk,Sweden,,ESNJ,66.49620056152344,20.147199630737305,Europe/Stockholm
718,Kramfors Sollefteå Airport,Kramfors,Sweden,KRF,ESNK,63.04859924316406,17.76889991760254,Europe/Stockholm
719,Lycksele Airport,Lycksele,Sweden,LYC,ESNL,64.54830169677734,18.71619987487793,Europe/Stockholm
720,Optand Airport,Optand,Sweden,,ESNM,63.12860107421875,14.802800178527832,Europe/Stockholm
721,Sundsvall-Härnösand Airport,Sundsvall,Sweden,SDL,ESNN,62.528099060058594,17.443899154663086,Europe/Stockholm
722,Örnsköldsvik Airport,Ornskoldsvik,Sweden,OER,ESNO,63.40829849243164,18.989999771118164,Europe/Stockholm
723,Piteå Airport,Pitea,Sweden,,ESNP,65.39830017089844,21.260799407958984,Europe/Stockholm
724,Kiruna Airport,Kiruna,Sweden,KRN,ESNQ,67.821998596191,20.336799621582,Europe/Stockholm
725,Orsa Airport,Orsa,Sweden,,ESNR,61.189998626708984,14.712599754333496,Europe/Stockholm
726,Skellefteå Airport,Skelleftea,Sweden,SFT,ESNS,64.62480163574219,21.076900482177734,Europe/Stockholm
727,Sättna Airport,Sattna,Sweden,,ESNT,62.4814,17.002899,Europe/Stockholm
728,Umeå Airport,Umea,Sweden,UME,ESNU,63.791801452637,20.282800674438,Europe/Stockholm
729,Vilhelmina Airport,Vilhelmina,Sweden,VHM,ESNV,64.5791015625,16.833599090576172,Europe/Stockholm
730,Arvidsjaur Airport,Arvidsjaur,Sweden,AJR,ESNX,65.59030151367188,19.28190040588379,Europe/Stockholm
731,Örebro Airport,Orebro,Sweden,ORB,ESOE,59.22370147705078,15.038000106811523,Europe/Stockholm
733,Stockholm Västerås Airport,Vasteras,Sweden,VST,ESOW,59.58940124511719,16.63360023498535,Europe/Stockholm
734,Luleå Airport,Lulea,Sweden,LLA,ESPA,65.543800354004,22.121999740601,Europe/Stockholm
735,Vidsel Air Base,Vidsel,Sweden,,ESPE,65.87529754638672,20.149900436401367,Europe/Stockholm
736,Arboga Airport,Arboga,Sweden,,ESQO,59.386600494384766,15.924099922180176,Europe/Stockholm
737,Stockholm-Arlanda Airport,Stockholm,Sweden,ARN,ESSA,59.651901245117,17.918600082397,Europe/Stockholm
738,Stockholm-Bromma Airport,Stockholm,Sweden,BMA,ESSB,59.354400634765625,17.941699981689453,Europe/Stockholm
739,Borlange Airport,Borlange,Sweden,BLE,ESSD,60.422000885009766,15.515199661254883,Europe/Stockholm
740,Hultsfred Airport,Hultsfred,Sweden,HLF,ESSF,57.525799,15.8233,Europe/Stockholm
741,Gävle Sandviken Airport,Gavle,Sweden,GVX,ESSK,60.593299865722656,16.951400756835938,Europe/Stockholm
742,Linköping City Airport,Linkoeping,Sweden,LPI,ESSL,58.4062004089,15.680500030500001,Europe/Stockholm
743,Norrköping Airport,Norrkoeping,Sweden,NRK,ESSP,58.586299896240234,16.250600814819336,Europe/Stockholm
745,Eskilstuna Airport,Eskilstuna,Sweden,EKT,ESSU,59.35110092163086,16.70840072631836,Europe/Stockholm
746,Visby Airport,Visby,Sweden,VBY,ESSV,57.662799835205,18.346200942993,Europe/Stockholm
748,Kalixfors Airport,Kalixfors,Sweden,,ESUK,67.76480102539062,20.257200241088867,Europe/Stockholm
750,Spangdahlem Air Base,Spangdahlem,Germany,SPM,ETAD,49.9726982117,6.69250011444,Europe/Berlin
751,Ramstein Air Base,Ramstein,Germany,RMS,ETAR,49.4369010925293,7.600279808044434,Europe/Berlin
753,[Duplicate] Giebelstadt Army Air Field,Giebelstadt,Germany,GHF,ETEU,49.648101806599996,9.966489791870002,Europe/Berlin
754,Bückeburg Air Base,Brueckeburg,Germany,,ETHB,52.2785,9.08217,Europe/Berlin
755,Celle Airport,Celle,Germany,ZCN,ETHC,52.59120178222656,10.022100448608398,Europe/Berlin
756,Rheine Bentlage Air Base,Rheine-brentlange,Germany,,ETHE,52.291199,7.387,Europe/Berlin
757,Fritzlar Airport,Fritzlar,Germany,FRZ,ETHF,51.1146,9.286,Europe/Berlin
758,Laupheim Air Base,Laupheim,Germany,,ETHL,48.220299,9.91002,Europe/Berlin
759,Mendig Airfield,Mendig,Germany,,ETHM,50.366001,7.31533,Europe/Berlin
760,Niederstetten Army Air Base,Niederstetten,Germany,,ETHN,49.391945,9.958889,Europe/Berlin
761,Roth Airport,Roth,Germany,,ETHR,49.217498779296875,11.100199699401855,Europe/Berlin
762,Fassberg Air Base,Fassberg,Germany,,ETHS,52.919399,10.185827,Europe/Berlin
763,Grafenwohr Army Air Field,Grafenwoehr,Germany,,ETIC,49.698699951171875,11.940199851989746,Europe/Berlin
764,Hanau Army Air Field,Hanau,Germany,ZNF,ETID,50.169201,8.96159,Europe/Berlin
765,Hohenfels Army Air Field,Hohenfels,Germany,,ETIH,49.218101501464844,11.836099624633789,Europe/Berlin
766,Flugplatz Kitzingen,Kitzingen,Germany,KZG,ETIN,49.743099,10.2006,Europe/Berlin
767,Nordholz Naval Airbase,Nordholz,Germany,FCN,ETMN,53.7677001953,8.658499717709999,Europe/Berlin
768,Diepholz Air Base,Diepholz,Germany,,ETND,52.585556,8.342222,Europe/Berlin
769,Geilenkirchen Air Base,Geilenkirchen,Germany,GKE,ETNG,50.9608,6.04242,Europe/Berlin
770,Hohn Air Base,Hohn,Germany,,ETNH,54.312199,9.53817,Europe/Berlin
771,Jever Air Base,Jever,Germany,,ETNJ,53.533501,7.88867,Europe/Berlin
772,Rostock-Laage Airport,Laage,Germany,RLG,ETNL,53.9182014465,12.278300285299999,Europe/Berlin
773,Nörvenich Air Base,Noervenich,Germany,,ETNN,50.8312,6.65817,Europe/Berlin
774,Schleswig Air Base,Schleswig,Germany,WBG,ETNS,54.459301,9.51633,Europe/Berlin
775,Wittmundhafen Airport,Wittmundhafen,Germany,,ETNT,53.54779815673828,7.667329788208008,Europe/Berlin
777,Wunstorf Air Base,Wunstorf,Germany,,ETNW,52.457298,9.42717,Europe/Berlin
778,Vilseck Army Air Field,Vilseck,Germany,,ETOI,49.63359832763672,11.767200469970703,Europe/Berlin
779,Coleman Army Air Field,Coleman,Germany,,ETOR,49.5635986328125,8.463390350341797,Europe/Berlin
780,Wiesbaden Army Airfield,Wiesbaden,Germany,WIE,ETOU,50.049800872802734,8.325400352478027,Europe/Berlin
781,Landsberg Lech Air Base,Landsberg,Germany,,ETSA,48.070599,10.906,Europe/Berlin
782,Büchel Air Base,Buechel,Germany,,ETSB,50.1738014221,7.06333017349,Europe/Berlin
783,Erding Airport,Erding,Germany,,ETSE,48.32229995727539,11.948699951171875,Europe/Berlin
784,Fürstenfeldbruck Air Base,Fuerstenfeldbruck,Germany,FEL,ETSF,48.205555,11.266944,Europe/Berlin
785,Holzdorf Air Base,Holzdorf,Germany,,ETSH,51.767799,13.1677,Europe/Berlin
786,Ingolstadt Manching Airport,Ingolstadt,Germany,IGS,ETSI,48.7156982421875,11.534000396728516,Europe/Berlin
787,Lechfeld Air Base,Lechfeld,Germany,,ETSL,48.185504,10.8612,Europe/Berlin
788,Neuburg AFB,Neuburg,Germany,,ETSN,48.710999,11.2115,Europe/Berlin
789,Gütersloh Air Base,Guetersloh,Germany,GUT,ETUO,51.922798,8.30633,Europe/Berlin
790,Alexander Bay Airport,Alexander Bay,South Africa,ALJ,FAAB,-28.575001,16.5333,Africa/Johannesburg
791,Aggeneys Airport,Aggeneys,South Africa,AGZ,FAAG,-29.28179931640625,18.813899993896484,Africa/Johannesburg
792,Brakpan Airport,Brakpan,South Africa,,FABB,-26.23859977722168,28.301799774169922,Africa/Johannesburg
793,Bisho Airport,Bisho,South Africa,BIY,FABE,-32.8970985413,27.279100418099997,Africa/Johannesburg
794,Bram Fischer International Airport,Bloemfontein,South Africa,BFN,FABL,-29.092699050900002,26.302400589,Africa/Johannesburg
795,Bethlehem Airport,Bethlehem,South Africa,,FABM,-28.2483997345,28.3360996246,Africa/Johannesburg
796,Hendrik Potgieter Airport,Bothaville,South Africa,,FABO,-27.36680030822754,26.629199981689453,Africa/Johannesburg
797,Cape Town International Airport,Cape Town,South Africa,CPT,FACT,-33.9648017883,18.6016998291,Africa/Johannesburg
798,Calvinia Airport,Calvinia,South Africa,,FACV,-31.50029945373535,19.725900650024414,Africa/Johannesburg
799,King Shaka International Airport,Durban,South Africa,DUR,FALE,-29.6144444444,31.1197222222,Africa/Johannesburg
800,Ben Schoeman Airport,East London,South Africa,ELS,FAEL,-33.0355987549,27.825899124099998,Africa/Johannesburg
801,Ermelo Airport,Ermelo,South Africa,,FAEO,-26.4955997467041,29.979799270629883,Africa/Johannesburg
802,Ficksburg Sentraoes Airport,Ficksburg,South Africa,FCB,FAFB,-28.82309913635254,27.908899307250977,Africa/Johannesburg
803,Grand Central Airport,Johannesburg,South Africa,GCJ,FAGC,-25.986299514799995,28.1401004791,Africa/Johannesburg
804,George Airport,George,South Africa,GRJ,FAGG,-34.0056,22.378902,Africa/Johannesburg
806,Graaff Reinet Airport,Graaff Reinet,South Africa,,FAGR,-32.193599700927734,24.541400909423828,Africa/Johannesburg
807,Grahamstown Airport,Grahamstown,South Africa,,FAGT,-33.284698486328125,26.49810028076172,Africa/Johannesburg
808,Greytown Airport,Greytown,South Africa,,FAGY,-29.1219997406,30.586700439499996,Africa/Johannesburg
809,Harmony Airport,Harmony,South Africa,,FAHA,-28.078699111938477,26.8612003326416,Africa/Johannesburg
810,Harrismith Airport,Harrismith,South Africa,HRS,FAHR,-28.23509979248047,29.106199264526367,Africa/Johannesburg
811,Hoedspruit Air Force Base Airport,Hoedspruit,South Africa,HDS,FAHS,-24.368600845299998,31.0487003326,Africa/Johannesburg
812,Gariep Dam Airport,Hendrik Verwoerddam,South Africa,,FAHV,-30.56220054626465,25.52829933166504,Africa/Johannesburg
813,OR Tambo International Airport,Johannesburg,South Africa,JNB,FAOR,-26.1392,28.246,Africa/Johannesburg
814,P C Pelser Airport,Klerksdorp,South Africa,KXE,FAKD,-26.8710994720459,26.718000411987305,Africa/Johannesburg
815,Kimberley Airport,Kimberley,South Africa,KIM,FAKM,-28.802799224900003,24.7651996613,Africa/Johannesburg
816,Krugersdorp Airport,Krugersdorp,South Africa,,FAKR,-26.0808259199,27.7259149551,Africa/Johannesburg
817,Kroonstad Airport,Kroonstad,South Africa,,FAKS,-27.660600662231445,27.315799713134766,Africa/Johannesburg
818,Johan Pienaar Airport,Kuruman,South Africa,KMH,FAKU,-27.45669937133789,23.411399841308594,Africa/Johannesburg
819,Kleinsee Airport,Kleinsee,South Africa,KLZ,FAKZ,-29.6884002686,17.093999862700002,Africa/Johannesburg
820,Lanseria Airport,Johannesburg,South Africa,HLA,FALA,-25.938499450699997,27.9260997772,Africa/Johannesburg
821,Lichtenburg Airport,Lichtenburg,South Africa,,FALI,-26.17569923400879,26.184600830078125,Africa/Johannesburg
822,Makhado Air Force Base Airport,Lambertsbaai,South Africa,,FALM,-23.159900665283203,29.696500778198242,Africa/Johannesburg
823,Langebaanweg Airport,Langebaanweg,South Africa,SDB,FALW,-32.968898773199996,18.1602993011,Africa/Johannesburg
824,Ladysmith Airport,Ladysmith,South Africa,LAY,FALY,-28.5816993713,29.749700546299998,Africa/Johannesburg
825,Middelburg Airport,Middelburg,South Africa,,FAMB,-25.684799194335938,29.440200805664062,Africa/Johannesburg
827,Margate Airport,Margate,South Africa,MGH,FAMG,-30.8574008942,30.343000412,Africa/Johannesburg
828,Marble Hall Airport,Marble Hall,South Africa,,FAMI,-24.989099502563477,29.283100128173828,Africa/Johannesburg
829,Majuba Power Station Airport,Majuba Power Station,South Africa,,FAMJ,-27.079299926799997,29.7784996033,Africa/Johannesburg
831,Riverside Airport,Malalane,South Africa,LLE,FAMN,-25.4300003052,31.5767002106,Africa/Johannesburg
832,Morningside Farm Airport,Musina,South Africa,,FAMS,-25.7045001984,26.9090003967,Africa/Johannesburg
833,Mkuze Airport,Mkuze,South Africa,MZQ,FAMU,-27.626100540161133,32.0443000793457,Africa/Johannesburg
834,Newcastle Airport,Newcastle,South Africa,NCS,FANC,-27.7705993652,29.976900100699996,Africa/Johannesburg
835,Nylstroom Airfield,Nylstroom,South Africa,,FANY,-24.686100006103516,28.434900283813477,Africa/Johannesburg
836,Overberg Airport,Overberg,South Africa,OVG,FAOB,-34.554901123,20.250699996900003,Africa/Johannesburg
837,Oudtshoorn Airport,Oudtshoorn,South Africa,OUH,FAOH,-33.6069984436,22.188999176,Africa/Johannesburg
838,Port Elizabeth Airport,Port Elizabeth,South Africa,PLZ,FAPE,-33.9849014282,25.6173000336,Africa/Johannesburg
839,Plettenberg Bay Airport,Plettenberg Bay,South Africa,PBZ,FAPG,-34.0881601675,23.3287234306,Africa/Johannesburg
840,Hendrik Van Eck Airport,Phalaborwa,South Africa,PHW,FAPH,-23.937200546299998,31.1553993225,Africa/Johannesburg
841,Pietersburg Municipal Airport,Polokwane,South Africa,,FAPI,-23.9260997772,29.4843997955,Africa/Johannesburg
842,Port St Johns Airport,Port Saint Johns,South Africa,JOH,FAPJ,-31.605899810791016,29.519800186157227,Africa/Johannesburg
843,Pietermaritzburg Airport,Pietermaritzburg,South Africa,PZB,FAPM,-29.649000167799997,30.3987007141,Africa/Johannesburg
844,Pilanesberg International Airport,Pilanesberg,South Africa,NTY,FAPN,-25.333799362199997,27.173400878900004,Africa/Johannesburg
845,Polokwane International Airport,Potgietersrus,South Africa,PTG,FAPP,-23.845269,29.458615,Africa/Johannesburg
846,Potchefstroom Airport,Potchefstroom,South Africa,PCF,FAPS,-26.670999527,27.0818996429,Africa/Johannesburg
847,Parys Airport,Parys,South Africa,,FAPY,-26.889299392700195,27.503400802612305,Africa/Johannesburg
848,Queenstown Airport,Queenstown,South Africa,UTW,FAQT,-31.92020034790039,26.882200241088867,Africa/Johannesburg
849,Richards Bay Airport,Richard's Bay,South Africa,RCB,FARB,-28.740999221800003,32.0920982361,Africa/Johannesburg
850,Rustenburg Airport,Rustenburg,South Africa,,FARG,-25.6443004608,27.271099090599996,Africa/Johannesburg
851,Robertson Airport,Robertson,South Africa,ROD,FARS,-33.812198638916016,19.902799606323242,Africa/Johannesburg
852,Springbok Airport,Springbok,South Africa,SBU,FASB,-29.689300537109375,17.939599990844727,Africa/Johannesburg
853,Secunda Airport,Secunda,South Africa,ZEC,FASC,-26.52409935,29.170099258399997,Africa/Johannesburg
854,Saldanha /Vredenburg Airport,Saldanha,South Africa,,FASD,-32.964099884,17.9692993164,Africa/Johannesburg
855,Springs Airfield,Springs,South Africa,,FASI,-26.2494004736,28.3982715607,Africa/Johannesburg
856,Swartkop Air Force Base,Swartkop,South Africa,,FASK,-25.8097000122,28.164600372299997,Africa/Johannesburg
857,Sishen Airport,Sishen,South Africa,SIS,FASS,-27.6485996246,22.9993000031,Africa/Johannesburg
858,Hendrik Swellengrebel Airport,Swellendam,South Africa,,FASX,-34.04819869995117,20.474599838256836,Africa/Johannesburg
859,Skukuza Airport,Skukuza,South Africa,SZK,FASZ,-24.960899353,31.5886993408,Africa/Johannesburg
860,Tommys Field Airport,Tommy's Field,South Africa,,FATF,-28.260000228881836,22.993200302124023,Africa/Johannesburg
861,New Tempe Airport,Bloemfontein,South Africa,,FATP,-29.032899856567383,26.15760040283203,Africa/Johannesburg
862,Tutuka Power Station Airport,Tutuka,South Africa,,FATT,-26.776599884,29.3388004303,Africa/Johannesburg
863,Tzaneen Airport,Tzaneen,South Africa,LTA,FATZ,-23.8243999481,30.329299926799997,Africa/Johannesburg
864,Prince Mangosuthu Buthelezi Airport,Ulundi,South Africa,ULD,FAUL,-28.3206005096,31.4165000916,Africa/Johannesburg
865,Pierre Van Ryneveld Airport,Upington,South Africa,UTN,FAUP,-28.39909935,21.260200500499998,Africa/Johannesburg
866,K. D. Matanzima Airport,Umtata,South Africa,UTT,FAUT,-31.546363184900002,28.6733551025,Africa/Johannesburg
867,Vryburg Airport,Vryburg,South Africa,VRU,FAVB,-26.9824008942,24.7287998199,Africa/Johannesburg
868,Virginia Airport,Durban,South Africa,VIR,FAVG,-29.770599365234375,31.058399200439453,Africa/Johannesburg
869,Vredendal Airport,Vredendal,South Africa,VRE,FAVR,-31.641000747680664,18.5447998046875,Africa/Johannesburg
870,Vereeniging Airport,Vereeniging,South Africa,,FAVV,-26.566400528,27.9608001709,Africa/Johannesburg
871,Wonderboom Airport,Pretoria,South Africa,PRY,FAWB,-25.6539,28.224199,Africa/Johannesburg
872,Witbank Airport,Witbank,South Africa,,FAWI,-25.832300186199998,29.1919994354,Africa/Johannesburg
873,Waterkloof Air Force Base,Waterkloof,South Africa,WKF,FAWK,-25.829999923699997,28.222499847399998,Africa/Johannesburg
874,Welkom Airport,Welkom,South Africa,,FAWM,-27.996824511099998,26.663333892799997,Africa/Johannesburg
875,Ysterplaat Air Force Base,Ysterplaat,South Africa,,FAYP,-33.90019989013672,18.498300552368164,Africa/Johannesburg
876,Zeerust Airport,Zeerust,South Africa,,FAZR,-25.599000930786133,26.042299270629883,Africa/Johannesburg
877,Francistown Airport,Francistown,Botswana,FRW,FBFT,-21.15959930419922,27.47450065612793,Africa/Gaborone
878,Jwaneng Airport,Jwaneng,Botswana,JWA,FBJW,-24.6023006439209,24.69099998474121,Africa/Gaborone
879,Kasane Airport,Kasane,Botswana,BBK,FBKE,-17.83289909362793,25.162399291992188,Africa/Gaborone
880,Maun Airport,Maun,Botswana,MUB,FBMN,-19.97260093688965,23.431100845336914,Africa/Gaborone
881,Sir Seretse Khama International Airport,Gaberone,Botswana,GBE,FBSK,-24.555201,25.9182,Africa/Gaborone
882,Selebi Phikwe Airport,Selebi-phikwe,Botswana,PKW,FBSP,-22.0583,27.8288,Africa/Gaborone
883,Maya-Maya Airport,Brazzaville,Congo (Brazzaville),BZV,FCBB,-4.251699924468994,15.253000259399414,Africa/Brazzaville
884,Owando Airport,Owando,Congo (Kinshasa),FTX,FCOO,-0.5313500165939331,15.95009994506836,Africa/Brazzaville
885,Ouesso Airport,Ouesso,Congo (Kinshasa),OUE,FCOU,1.6159900426899998,16.0379009247,Africa/Brazzaville
886,Pointe Noire Airport,Pointe-noire,Congo (Brazzaville),PNR,FCPP,-4.816030025482178,11.88659954071045,Africa/Brazzaville
887,Matsapha Airport,Manzini,Swaziland,MTS,FDMS,-26.52899932861328,31.3075008392334,Africa/Mbabane
888,Bangui M'Poko International Airport,Bangui,Central African Republic,BGF,FEFF,4.39847993850708,18.518800735473633,Africa/Bangui
889,Berbérati Airport,Berberati,Central African Republic,BBT,FEFT,4.2215800285339355,15.786399841308594,Africa/Bangui
890,Bata Airport,Bata,Equatorial Guinea,BSG,FGBT,1.9054700136184692,9.805680274963379,Africa/Malabo
891,Malabo Airport,Malabo,Equatorial Guinea,SSG,FGSL,3.755270004272461,8.708720207214355,Africa/Malabo
892,RAF Ascension Island,Wide Awake,Saint Helena,ASI,FHAW,-7.9696,-14.3937,Atlantic/St_Helena
893,Sir Seewoosagur Ramgoolam International Airport,Plaisance,Mauritius,MRU,FIMP,-20.430201,57.683601,Indian/Mauritius
894,Sir Charles Gaetan Duval Airport,Rodriguez Island,Mauritius,RRG,FIMR,-19.7577,63.361,Indian/Mauritius
895,Diego Garcia Naval Support Facility,Diego Garcia Island,British Indian Ocean Territory,NKW,FJDG,-7.31327,72.411102,Indian/Chagos
896,Tiko Airport,Tiko,Cameroon,TKC,FKKC,4.08919000626,9.360529899600001,Africa/Douala
897,Douala International Airport,Douala,Cameroon,DLA,FKKD,4.0060801506,9.719479560849999,Africa/Douala
898,Salak Airport,Maroua,Cameroon,MVR,FKKL,10.451399803161621,14.257399559020996,Africa/Douala
899,Foumban Nkounja Airport,Foumban,Cameroon,FOM,FKKM,5.636919975280762,10.750800132751465,Africa/Douala
900,N'Gaoundéré Airport,N'gaoundere,Cameroon,NGE,FKKN,7.3570098876953125,13.559200286865234,Africa/Douala
901,Garoua International Airport,Garoua,Cameroon,GOU,FKKR,9.33588981628418,13.370100021362305,Africa/Douala
902,Bafoussam Airport,Bafoussam,Cameroon,BFX,FKKU,5.536920070650001,10.354599952700001,Africa/Douala
903,Bamenda Airport,Bamenda,Cameroon,BPC,FKKV,6.039239883422852,10.122599601745605,Africa/Douala
904,Yaoundé Airport,Yaounde,Cameroon,YAO,FKKY,3.8360400199890137,11.523500442504883,Africa/Douala
905,Kasompe Airport,Kasompe,Zambia,CGJ,FLKE,-12.572799682617,27.893899917603,Africa/Lusaka
906,Livingstone Airport,Livingstone,Zambia,LVI,FLLI,-17.821800231933594,25.82270050048828,Africa/Lusaka
907,Kenneth Kaunda International Airport Lusaka,Lusaka,Zambia,LUN,FLLS,-15.3308000565,28.4526004791,Africa/Lusaka
908,Mfuwe Airport,Mfuwe,Zambia,MFU,FLMF,-13.258899688720703,31.936599731445312,Africa/Lusaka
909,Mongu Airport,Mongu,Zambia,MNR,FLMG,-15.254500389099121,23.16230010986328,Africa/Lusaka
910,Simon Mwansa Kapwepwe International Airport,Ndola,Zambia,NLA,FLND,-12.998100280762,28.66489982605,Africa/Lusaka
911,Southdowns Airport,Southdowns,Zambia,KIW,FLSO,-12.900500297546387,28.149900436401367,Africa/Lusaka
912,Prince Said Ibrahim International Airport,Moroni,Comoros,HAH,FMCH,-11.5337,43.2719,Indian/Comoro
913,Mohéli Bandar Es Eslam Airport,Moheli,Comoros,NWA,FMCI,-12.298100471496582,43.76639938354492,Indian/Comoro
914,Ouani Airport,Anjouan,Comoros,AJN,FMCV,-12.131699562072754,44.430301666259766,Indian/Comoro
915,Dzaoudzi Pamandzi International Airport,Dzaoudzi,Mayotte,DZA,FMCZ,-12.804699897766113,45.28110122680664,Indian/Mayotte
916,Roland Garros Airport,St.-denis,Reunion,RUN,FMEE,-20.887100219726562,55.51029968261719,Indian/Reunion
917,Pierrefonds Airport,St.-pierre,Reunion,ZSE,FMEP,-21.320899963378906,55.42499923706055,Indian/Reunion
918,Ivato Airport,Antananarivo,Madagascar,TNR,FMMI,-18.7969,47.478802,Indian/Antananarivo
919,Miandrivazo Airport,Miandrivazo,Madagascar,ZVA,FMMN,-19.56279945373535,45.450801849365234,Indian/Antananarivo
920,Sainte Marie Airport,Sainte Marie,Madagascar,SMS,FMMS,-17.093900680541992,49.815799713134766,Indian/Antananarivo
921,Toamasina Airport,Toamasina,Madagascar,TMM,FMMT,-18.109500885009766,49.39250183105469,Indian/Antananarivo
922,Morondava Airport,Morondava,Madagascar,MOQ,FMMV,-20.284700393676758,44.31760025024414,Indian/Antananarivo
923,Arrachart Airport,Antsiranana,Madagascar,DIE,FMNA,-12.34939956665039,49.29169845581055,Indian/Antananarivo
924,Mananara Nord Airport,Mananara,Madagascar,WMR,FMNC,-16.16390037536621,49.773799896240234,Indian/Antananarivo
925,Andapa Airport,Andapa,Madagascar,ZWA,FMND,-14.651700019836426,49.620601654052734,Indian/Antananarivo
926,Ambilobe Airport,Ambilobe,Madagascar,AMB,FMNE,-13.188400268554688,48.987998962402344,Indian/Antananarivo
927,Antsirabato Airport,Antalaha,Madagascar,ANM,FMNH,-14.99940013885498,50.3202018737793,Indian/Antananarivo
928,Analalava Airport,Analalava,Madagascar,HVA,FMNL,-14.62969970703125,47.76380157470703,Indian/Antananarivo
929,Amborovy Airport,Mahajanga,Madagascar,MJN,FMNM,-15.6668417421,46.351232528699995,Indian/Antananarivo
930,Fascene Airport,Nosy-be,Madagascar,NOS,FMNN,-13.3121004105,48.3148002625,Indian/Antananarivo
931,Besalampy Airport,Besalampy,Madagascar,BPY,FMNQ,-16.744530296500002,44.4824838638,Indian/Antananarivo
932,Maroantsetra Airport,Maroantsetra,Madagascar,WMN,FMNR,-15.436699867248535,49.68830108642578,Indian/Antananarivo
933,Sambava Airport,Sambava,Madagascar,SVB,FMNS,-14.278599739074707,50.17470169067383,Indian/Antananarivo
934,Vohimarina Airport,Vohemar,Madagascar,VOH,FMNV,-13.375800132751465,50.00279998779297,Indian/Antananarivo
935,Ambalabe Airport,Antsohihy,Madagascar,WAI,FMNW,-14.898799896240234,47.993900299072266,Indian/Antananarivo
936,Ampampamena Airport,Ampampamena,Madagascar,IVA,FMNZ,-13.484816,48.632702,Indian/Antananarivo
937,Tôlanaro Airport,Tolagnaro,Madagascar,FTU,FMSD,-25.03809928894043,46.95610046386719,Indian/Antananarivo
938,Fianarantsoa Airport,Fianarantsoa,Madagascar,WFI,FMSF,-21.441600799560547,47.111698150634766,Indian/Antananarivo
939,Farafangana Airport,Farafangana,Madagascar,RVA,FMSG,-22.805299758911133,47.82059860229492,Indian/Antananarivo
940,Manakara Airport,Manakara,Madagascar,WVK,FMSK,-22.119699478149414,48.02170181274414,Indian/Antananarivo
941,Mananjary Airport,Mananjary,Madagascar,MNJ,FMSM,-21.201799392700195,48.358299255371094,Indian/Antananarivo
942,Morombe Airport,Morombe,Madagascar,MXM,FMSR,-21.7539005279541,43.3754997253418,Indian/Antananarivo
943,Toliara Airport,Toliara,Madagascar,TLE,FMST,-23.383399963378906,43.72850036621094,Indian/Antananarivo
944,Mbanza Congo Airport,M'banza-congo,Angola,SSY,FNBC,-6.269899845123291,14.246999740600586,Africa/Luanda
945,Benguela Airport,Benguela,Angola,BUG,FNBG,-12.609000206,13.4036998749,Africa/Luanda
946,Cabinda Airport,Cabinda,Angola,CAB,FNCA,-5.59699010848999,12.188400268554688,Africa/Luanda
948,Nova Lisboa Airport,Huambo,Angola,NOV,FNHU,-12.808899879455566,15.760499954223633,Africa/Luanda
949,Kuito Airport,Kuito,Angola,SVP,FNKU,-12.404600143433,16.947399139404,Africa/Luanda
950,Lobito Airport,Lobito,Angola,,FNLB,-12.371199607849121,13.536600112915039,Africa/Luanda
951,Quatro de Fevereiro Airport,Luanda,Angola,LAD,FNLU,-8.85837,13.2312,Africa/Luanda
952,Malanje Airport,Malanje,Angola,MEG,FNMA,-9.525090217590332,16.312400817871094,Africa/Luanda
953,Menongue Airport,Menongue,Angola,SPP,FNME,-14.657600402832031,17.71980094909668,Africa/Luanda
955,Negage Airport,Negage,Angola,GXG,FNNG,-7.754509925842285,15.287699699401855,Africa/Luanda
956,Porto Amboim Airport,Porto Amboim,Angola,PBN,FNPA,-10.722000122070312,13.76550006866455,Africa/Luanda
957,Saurimo Airport,Saurimo,Angola,VHC,FNSA,-9.689069747924805,20.431900024414062,Africa/Luanda
958,Soyo Airport,Soyo,Angola,SZA,FNSO,-6.141089916229248,12.371800422668457,Africa/Luanda
959,Lubango Airport,Lubango,Angola,SDD,FNUB,-14.924699783325195,13.574999809265137,Africa/Luanda
960,Luena Airport,Luena,Angola,LUO,FNUE,-11.768099784851074,19.8976993560791,Africa/Luanda
961,Uige Airport,Uige,Angola,UGO,FNUG,-7.60306978225708,15.027799606323242,Africa/Luanda
962,Xangongo Airport,Xangongo,Angola,XGN,FNXA,-16.755399703979492,14.965299606323242,Africa/Luanda
963,Oyem Airport,Oyem,Gabon,OYE,FOGO,1.5431100130081177,11.581399917602539,Africa/Libreville
964,Okondja Airport,Okondja,Gabon,OKN,FOGQ,-0.6652140021324158,13.673100471496582,Africa/Libreville
965,Lambarene Airport,Lambarene,Gabon,LBQ,FOGR,-0.7043889760971069,10.245699882507324,Africa/Libreville
966,Bitam Airport,Bitam,Gabon,BMM,FOOB,2.0756399631500244,11.493200302124023,Africa/Libreville
967,Port Gentil Airport,Port Gentil,Gabon,POG,FOOG,-0.7117390036582947,8.754380226135254,Africa/Libreville
968,Omboue Hopital Airport,Omboue Hospial,Gabon,OMB,FOOH,-1.5747300386428833,9.262689590454102,Africa/Libreville
969,Makokou Airport,Makokou,Gabon,MKU,FOOK,0.5792109966278076,12.890899658203125,Africa/Libreville
970,Libreville Leon M'ba International Airport,Libreville,Gabon,LBV,FOOL,0.458600014448,9.412280082699999,Africa/Libreville
971,M'Vengue El Hadj Omar Bongo Ondimba International Airport,Franceville,Gabon,MVB,FOON,-1.6561599969863892,13.437999725341797,Africa/Libreville
972,Principe Airport,Principe,Sao Tome and Principe,PCP,FPPR,1.6629400253295898,7.411739826202393,Africa/Sao_Tome
973,São Tomé International Airport,Sao Tome,Sao Tome and Principe,TMS,FPST,0.3781749904155731,6.7121500968933105,Africa/Sao_Tome
974,Beira Airport,Beira,Mozambique,BEW,FQBR,-19.79640007019043,34.90760040283203,Africa/Maputo
976,Inhambane Airport,Inhambane,Mozambique,INH,FQIN,-23.876399993896484,35.40850067138672,Africa/Maputo
977,Lichinga Airport,Lichinga,Mozambique,VXC,FQLC,-13.274,35.2663,Africa/Maputo
978,Lumbo Airport,Lumbo,Mozambique,LFB,FQLU,-15.0331001282,40.671699523899996,Africa/Maputo
979,Maputo Airport,Maputo,Mozambique,MPM,FQMA,-25.920799,32.572601,Africa/Maputo
980,Mueda Airport,Mueda,Mozambique,MUD,FQMD,-11.672900199890137,39.5630989074707,Africa/Maputo
981,Mocímboa da Praia Airport,Mocimboa Da Praia,Mozambique,MZB,FQMP,-11.361800193786621,40.35490036010742,Africa/Maputo
982,Marrupa Airport,Marrupa,Mozambique,,FQMR,-13.225099563598633,37.552101135253906,Africa/Maputo
983,Nacala Airport,Nacala,Mozambique,MNC,FQNC,-14.488200187683105,40.71220016479492,Africa/Maputo
984,Nampula Airport,Nampula,Mozambique,APL,FQNP,-15.105600357055664,39.28179931640625,Africa/Maputo
985,Pemba Airport,Pemba,Mozambique,POL,FQPB,-12.991762161254883,40.52401351928711,Africa/Maputo
986,Quelimane Airport,Quelimane,Mozambique,UEL,FQQL,-17.855499267578125,36.86909866333008,Africa/Maputo
987,Songo Airport,Songo,Mozambique,,FQSG,-15.602700233459473,32.77320098876953,Africa/Maputo
988,Chingozi Airport,Tete,Mozambique,TET,FQTT,-16.104799270629883,33.640201568603516,Africa/Maputo
989,Ulongwe Airport,Ulongwe,Mozambique,,FQUG,-14.70460033416748,34.35240173339844,Africa/Maputo
990,Vilankulo Airport,Vilankulu,Mozambique,VNX,FQVL,-22.018400192260742,35.31330108642578,Africa/Maputo
991,Alphonse Airport,Alphonse,Seychelles,,FSAL,-7.00478,52.7262,Indian/Mahe
992,Desroches Airport,Desroches,Seychelles,DES,FSDR,-5.6967,53.6558,Indian/Mahe
993,Farquhar Airport,Farquhar,Seychelles,,FSFA,-10.1096,51.176102,Indian/Mahe
994,Seychelles International Airport,Mahe,Seychelles,SEZ,FSIA,-4.67434,55.521801,Indian/Mahe
995,Praslin Airport,Praslin,Seychelles,PRI,FSPP,-4.3192901611328125,55.69139862060547,Indian/Mahe
996,Coetivy Airport,Coetivy,Seychelles,,FSSC,-7.13457,56.278198,Indian/Mahe
997,Abeche Airport,Abeche,Chad,AEH,FTTC,13.847000122070312,20.84429931640625,Africa/Ndjamena
998,Moundou Airport,Moundou,Chad,MQQ,FTTD,8.624409675598145,16.071399688720703,Africa/Ndjamena
999,N'Djamena International Airport,N'djamena,Chad,NDJ,FTTJ,12.1337,15.034,Africa/Ndjamena
1000,Faya Largeau Airport,Faya-largeau,Chad,FYT,FTTY,17.91710090637207,19.111099243164062,Africa/Ndjamena
1001,Joshua Mqabuko Nkomo International Airport,Bulawayo,Zimbabwe,BUQ,FVBU,-20.017401,28.617901,Africa/Harare
1002,Charles Prince Airport,Harare,Zimbabwe,,FVCP,-17.75160026550293,30.924699783325195,Africa/Harare
1003,Buffalo Range Airport,Chiredzi,Zimbabwe,BFO,FVCZ,-21.008101,31.5786,Africa/Harare
1004,Victoria Falls International Airport,Victoria Falls,Zimbabwe,VFA,FVFA,-18.09589958190918,25.839000701904297,Africa/Harare
1005,Robert Gabriel Mugabe International Airport,Harare,Zimbabwe,HRE,FVHA,-17.931801,31.0928,Africa/Harare
1006,Kariba International Airport,Kariba,Zimbabwe,KAB,FVKB,-16.519800186157227,28.885000228881836,Africa/Harare
1007,Mutoko Airport,Mutoko,Zimbabwe,,FVMT,-17.431900024414062,32.18450164794922,Africa/Harare
1008,Mutare Airport,Mutare,Zimbabwe,UTA,FVMU,-18.997499465942,32.627201080322,Africa/Harare
1009,Masvingo International Airport,Masvingo,Zimbabwe,MVZ,FVMV,-20.055299758911133,30.859100341796875,Africa/Harare
1010,Zvishavane Airport,Zvishavane,Zimbabwe,,FVSH,-20.289499282836914,30.088199615478516,Africa/Harare
1011,Thornhill Air Base,Gwert,Zimbabwe,GWE,FVTL,-19.436399459838867,29.861900329589844,Africa/Harare
1012,Hwange National Park Airport,Hwange National Park,Zimbabwe,HWN,FVWN,-18.629899978637695,27.020999908447266,Africa/Harare
1013,Chileka International Airport,Blantyre,Malawi,BLZ,FWCL,-15.679100036621094,34.9739990234375,Africa/Blantyre
1014,Karonga Airport,Karonga,Malawi,KGJ,FWKA,-9.953570365905762,33.893001556396484,Africa/Blantyre
1015,Kasungu Airport,Kasungu,Malawi,KBQ,FWKG,-13.014599800109863,33.46860122680664,Africa/Blantyre
1016,Lilongwe International Airport,Lilongwe,Malawi,LLW,FWKI,-13.7894001007,33.78099823,Africa/Blantyre
1017,Mzuzu Airport,Mzuzu,Malawi,ZZU,FWUU,-11.444700241088867,34.01179885864258,Africa/Blantyre
1018,Moshoeshoe I International Airport,Maseru,Lesotho,MSU,FXMM,-29.462299346923828,27.552499771118164,Africa/Maseru
1019,Mejametalana Airbase,Maseru,Lesotho,,FXMU,-29.304100036621094,27.50349998474121,Africa/Maseru
1020,Ndjili International Airport,Kinshasa,Congo (Kinshasa),FIH,FZAA,-4.38575,15.4446,Africa/Kinshasa
1021,Ndolo Airport,Kinshasa,Congo (Kinshasa),NLO,FZAB,-4.32666015625,15.327500343323,Africa/Kinshasa
1022,Muanda Airport,Muanda,Congo (Kinshasa),MNB,FZAG,-5.9308600425720215,12.351799964904785,Africa/Kinshasa
1023,Kitona Base Airport,Kitona Base,Congo (Kinshasa),,FZAI,-5.918059825897217,12.447699546813965,Africa/Kinshasa
1024,Bandundu Airport,Bandoundu,Congo (Kinshasa),FDU,FZBO,-3.3113200664520264,17.38170051574707,Africa/Kinshasa
1025,Kikwit Airport,Kikwit,Congo (Kinshasa),KKW,FZCA,-5.035769939422607,18.785600662231445,Africa/Kinshasa
1026,Mbandaka Airport,Mbandaka,Congo (Kinshasa),MDK,FZEA,0.0226000007242,18.2887001038,Africa/Kinshasa
1027,Gbadolite Airport,Gbadolite,Congo (Kinshasa),BDT,FZFD,4.253210067749023,20.975299835205078,Africa/Kinshasa
1028,Gemena Airport,Gemena,Congo (Kinshasa),GMA,FZFK,3.2353699207299997,19.771299362199997,Africa/Kinshasa
1029,Kotakoli Airport,Kotakoli,Congo (Kinshasa),KLI,FZFP,4.157639980316162,21.65089988708496,Africa/Kinshasa
1030,Lisala Airport,Lisala,Congo (Kinshasa),LIQ,FZGA,2.17066,21.496901,Africa/Kinshasa
1031,Bangoka International Airport,Kisangani,Congo (Kinshasa),FKI,FZIC,0.481638997793,25.3379993439,Africa/Lubumbashi
1032,Matari Airport,Isiro,Congo (Kinshasa),IRP,FZJH,2.8276100158691406,27.588300704956055,Africa/Lubumbashi
1033,Bunia Airport,Bunia,Congo (Kinshasa),BUX,FZKA,1.5657199621200562,30.220800399780273,Africa/Lubumbashi
1034,Buta Zega Airport,Buta Zega,Congo (Kinshasa),BZU,FZKJ,2.818350076675415,24.793699264526367,Africa/Lubumbashi
1035,Bukavu Kavumu Airport,Bukavu/kavumu,Congo (Kinshasa),BKY,FZMA,-2.3089799880981445,28.808799743652344,Africa/Lubumbashi
1036,Goma International Airport,Goma,Congo (Kinshasa),GOM,FZNA,-1.6708099842071533,29.238500595092773,Africa/Kigali
1037,Kindu Airport,Kindu,Congo (Kinshasa),KND,FZOA,-2.91917991638,25.915399551399997,Africa/Lubumbashi
1038,Lubumbashi International Airport,Lubumashi,Congo (Kinshasa),FBM,FZQA,-11.5913000107,27.5308990479,Africa/Lubumbashi
1039,Kolwezi Airport,Kolwezi,Congo (Kinshasa),KWZ,FZQM,-10.765899658203125,25.505699157714844,Africa/Lubumbashi
1040,Kalemie Airport,Kalemie,Congo (Kinshasa),FMI,FZRF,-5.8755598068237305,29.25,Africa/Lubumbashi
1041,Kamina Base Airport,Kamina Base,Congo (Kinshasa),KMN,FZSA,-8.642020225524902,25.252899169921875,Africa/Lubumbashi
1042,Kananga Airport,Kananga,Congo (Kinshasa),KGA,FZUA,-5.90005016327,22.4692001343,Africa/Lubumbashi
1043,Mbuji Mayi Airport,Mbuji-mayi,Congo (Kinshasa),MJM,FZWA,-6.121240139010001,23.569000244099996,Africa/Lubumbashi
1044,Modibo Keita International Airport,Bamako,Mali,BKO,GABS,12.5335,-7.94994,Africa/Bamako
1045,Gao Airport,Gao,Mali,GAQ,GAGO,16.24839973449707,-0.005456000100821257,Africa/Bamako
1046,Kayes Dag Dag Airport,Kayes,Mali,KYS,GAKY,14.481200218200684,-11.404399871826172,Africa/Bamako
1047,Mopti Airport,Mopti,Mali,MZI,GAMB,14.5128002167,-4.0795598030099995,Africa/Bamako
1048,Timbuktu Airport,Tombouctou,Mali,TOM,GATB,16.730499267578125,-3.007580041885376,Africa/Bamako
1049,Tessalit Airport,Tessalit,Mali,,GATS,20.243000030517578,0.9773079752922058,Africa/Bamako
1050,Banjul International Airport,Banjul,Gambia,BJL,GBYD,13.338000297546387,-16.65220069885254,Africa/Banjul
1051,Fuerteventura Airport,Fuerteventura,Spain,FUE,GCFV,28.452699661254883,-13.863800048828125,Atlantic/Canary
1052,Hierro Airport,Hierro,Spain,VDE,GCHI,27.814800262451172,-17.887100219726562,Atlantic/Canary
1053,La Palma Airport,Santa Cruz De La Palma,Spain,SPC,GCLA,28.626499,-17.7556,Atlantic/Canary
1054,Gran Canaria Airport,Gran Canaria,Spain,LPA,GCLP,27.931900024414062,-15.38659954071045,Atlantic/Canary
1055,Lanzarote Airport,Arrecife,Spain,ACE,GCRR,28.945499,-13.6052,Atlantic/Canary
1056,Tenerife South Airport,Tenerife,Spain,TFS,GCTS,28.044500351,-16.5725002289,Atlantic/Canary
1057,Tenerife Norte Airport,Tenerife,Spain,TFN,GCXO,28.4827003479,-16.3414993286,Atlantic/Canary
1058,Melilla Airport,Melilla,Spain,MLN,GEML,35.279800415,-2.9562599659,Europe/Madrid
1059,Lungi International Airport,Freetown,Sierra Leone,FNA,GFLL,8.61644,-13.1955,Africa/Freetown
1060,Cufar Airport,Cufar,Guinea-Bissau,,GGCF,11.2878999710083,-15.180500030517578,Africa/Bissau
1062,Spriggs Payne Airport,Monrovia,Liberia,MLW,GLMR,6.289060115814209,-10.758700370788574,Africa/Monrovia
1063,Roberts International Airport,Monrovia,Liberia,ROB,GLRB,6.23379,-10.3623,Africa/Monrovia
1064,Al Massira Airport,Agadir,Morocco,AGA,GMAD,30.325000762939453,-9.413069725036621,Africa/Casablanca
1065,Tan Tan Airport,Tan Tan,Morocco,TTA,GMAT,28.448200225830078,-11.161299705505371,Africa/Casablanca
1066,Saïss Airport,Fes,Morocco,FEZ,GMFF,33.9272994995,-4.977960109709999,Africa/Casablanca
1067,Ifrane Airport,Ifrane,Morocco,,GMFI,33.50529861450195,-5.152900218963623,Africa/Casablanca
1068,Moulay Ali Cherif Airport,Er-rachidia,Morocco,ERH,GMFK,31.9475002289,-4.39833021164,Africa/Casablanca
1069,Bassatine Airport,Meknes,Morocco,MEK,GMFM,33.87910079956055,-5.515120029449463,Africa/Casablanca
1070,Angads Airport,Oujda,Morocco,OUD,GMFO,34.787200927734375,-1.92399001121521,Africa/Casablanca
1071,Ben Slimane Airport,Ben Slimane,Morocco,GMD,GMMB,33.655399,-7.22145,Africa/Casablanca
1072,Rabat-Salé Airport,Rabat,Morocco,RBA,GMME,34.051498,-6.75152,Africa/Casablanca
1074,Mohammed V International Airport,Casablanca,Morocco,CMN,GMMN,33.36750030517578,-7.589970111846924,Africa/Casablanca
1075,Menara Airport,Marrakech,Morocco,RAK,GMMX,31.606899261499997,-8.03629970551,Africa/Casablanca
1076,Kenitra Airport,Kentira,Morocco,NNA,GMMY,34.29890060424805,-6.595880031585693,Africa/Casablanca
1077,Ouarzazate Airport,Ouarzazate,Morocco,OZZ,GMMZ,30.9391002655,-6.909430027010001,Africa/Casablanca
1078,Cherif Al Idrissi Airport,Al Hociema,Morocco,AHU,GMTA,35.177101135253906,-3.83951997756958,Africa/Casablanca
1079,Saniat R'mel Airport,Tetouan,Morocco,TTU,GMTN,35.594299316406,-5.320020198822,Africa/Casablanca
1080,Ibn Batouta Airport,Tanger,Morocco,TNG,GMTT,35.726898193400004,-5.91689014435,Africa/Casablanca
1081,Ziguinchor Airport,Ziguinchor,Senegal,ZIG,GOGG,12.5556,-16.281799,Africa/Dakar
1082,Cap Skirring Airport,Cap Skiring,Senegal,CSK,GOGS,12.39533,-16.748,Africa/Dakar
1083,Kaolack Airport,Kaolack,Senegal,KLC,GOOK,14.146900177001953,-16.051300048828125,Africa/Dakar
1084,Léopold Sédar Senghor International Airport,Dakar,Senegal,DKR,GOOY,14.739700317382812,-17.49020004272461,Africa/Dakar
1085,Saint Louis Airport,St. Louis,Senegal,XLS,GOSS,16.050800323486328,-16.463199615478516,Africa/Dakar
1086,Bakel Airport,Bakel,Senegal,BXE,GOTB,14.847299575805664,-12.468299865722656,Africa/Dakar
1087,Kédougou Airport,Kedougou,Senegal,KGG,GOTK,12.57229995727539,-12.22029972076416,Africa/Dakar
1088,Tambacounda Airport,Tambacounda,Senegal,TUD,GOTT,13.736800193786621,-13.65310001373291,Africa/Dakar
1089,Aioun el Atrouss Airport,Aioun El Atrouss,Mauritania,AEO,GQNA,16.711299896240234,-9.637880325317383,Africa/Nouakchott
1090,Tidjikja Airport,Tidjikja,Mauritania,TIY,GQND,18.570100784301758,-11.423500061035156,Africa/Nouakchott
1091,Kiffa Airport,Kiffa,Mauritania,KFA,GQNF,16.59000015258789,-11.406200408935547,Africa/Nouakchott
1092,Néma Airport,Nema,Mauritania,EMN,GQNI,16.621999740600586,-7.3165998458862305,Africa/Nouakchott
1093,Kaédi Airport,Kaedi,Mauritania,KED,GQNK,16.159500122070312,-13.507599830627441,Africa/Nouakchott
1094,Nouakchott–Oumtounsy International Airport,Nouakschott,Mauritania,NKC,GQNO,18.31,-15.9697222,Africa/Nouakchott
1095,Sélibaby Airport,Selibabi,Mauritania,SEY,GQNS,15.179699897766113,-12.207300186157227,Africa/Nouakchott
1096,Atar International Airport,Atar,Mauritania,ATR,GQPA,20.506799697875977,-13.04319953918457,Africa/Nouakchott
1097,Nouadhibou International Airport,Nouadhibou,Mauritania,NDB,GQPP,20.9330997467041,-17.030000686645508,Africa/Nouakchott
1098,Bir Moghrein Airport,Bir Moghrein,Mauritania,,GQPT,25.2367000579834,-11.588700294494629,Africa/Nouakchott
1099,Fria Airport,Fira,Guinea,FIG,GUFA,10.350600242615,-13.569199562073,Africa/Conakry
1100,Faranah Airport,Faranah,Guinea,FAA,GUFH,10.0354995728,-10.7698001862,Africa/Conakry
1101,Tata Airport,Labe,Guinea,LEK,GULB,11.326100349426,-12.286800384521,Africa/Conakry
1102,Amílcar Cabral International Airport,Amilcar Cabral,Cape Verde,SID,GVAC,16.7414,-22.9494,Atlantic/Cape_Verde
1103,Rabil Airport,Boa Vista,Cape Verde,BVC,GVBA,16.136499404907227,-22.888900756835938,Atlantic/Cape_Verde
1104,Maio Airport,Maio,Cape Verde,MMO,GVMA,15.155900001525879,-23.213699340820312,Atlantic/Cape_Verde
1105,Preguiça Airport,Sao Nocolau Island,Cape Verde,SNE,GVSN,16.58839988708496,-24.284700393676758,Atlantic/Cape_Verde
1106,São Pedro Airport,Sao Vicente Island,Cape Verde,VXE,GVSV,16.833200454711914,-25.055299758911133,Atlantic/Cape_Verde
1107,Addis Ababa Bole International Airport,Addis Ababa,Ethiopia,ADD,HAAB,8.97789001465,38.799301147499996,Africa/Addis_Ababa
1108,Lideta Army Airport,Addis Ababa,Ethiopia,,HAAL,9.003685,38.725498,Africa/Addis_Ababa
1109,Arba Minch Airport,Arba Minch,Ethiopia,AMH,HAAM,6.0393900871276855,37.59049987792969,Africa/Addis_Ababa
1110,Axum Airport,Axum,Ethiopia,AXU,HAAX,14.14680004119873,38.77280044555664,Africa/Addis_Ababa
1111,Bahir Dar Airport,Bahar Dar,Ethiopia,BJR,HABD,11.608099937438965,37.32160186767578,Africa/Addis_Ababa
1112,Aba Tenna Dejazmach Yilma International Airport,Dire Dawa,Ethiopia,DIR,HADR,9.624699592590332,41.85419845581055,Africa/Addis_Ababa
1113,Gambella Airport,Gambella,Ethiopia,GMB,HAGM,8.12876033782959,34.5630989074707,Africa/Addis_Ababa
1114,Gonder Airport,Gondar,Ethiopia,GDQ,HAGN,12.51990032196045,37.433998107910156,Africa/Addis_Ababa
1116,Jimma Airport,Jimma,Ethiopia,JIM,HAJM,7.66609001159668,36.81660079956055,Africa/Addis_Ababa
1117,Lalibella Airport,Lalibella,Ethiopia,LLI,HALL,11.975000381469727,38.97999954223633,Africa/Addis_Ababa
1118,Mekele Airport,Makale,Ethiopia,MQX,HAMK,13.467399597167969,39.53350067138672,Africa/Addis_Ababa
1119,Asosa Airport,Asosa,Ethiopia,ASO,HASO,10.018500328063965,34.586299896240234,Africa/Addis_Ababa
1120,Bujumbura International Airport,Bujumbura,Burundi,BJM,HBBA,-3.3240199089050293,29.318500518798828,Africa/Bujumbura
1121,Egal International Airport,Hargeisa,Somalia,HGA,HCMH,9.518170356750488,44.08879852294922,Africa/Mogadishu
1122,Berbera Airport,Berbera,Somalia,BBO,HCMI,10.389200210571289,44.94110107421875,Africa/Mogadishu
1123,Kisimayu Airport,Kismayu,Somalia,KMU,HCMK,-0.3773530125617981,42.45920181274414,Africa/Mogadishu
1126,El Nouzha Airport,Alexandria,Egypt,ALY,HEAX,31.183900833129883,29.94890022277832,Africa/Cairo
1127,Abu Simbel Airport,Abu Simbel,Egypt,ABS,HEBL,22.375999450699997,31.611700058,Africa/Cairo
1128,Cairo International Airport,Cairo,Egypt,CAI,HECA,30.12190055847168,31.40559959411621,Africa/Cairo
1129,Cairo West Airport,Cairo,Egypt,CWE,HECW,30.116399765,30.915399551399997,Africa/Cairo
1130,Hurghada International Airport,Hurghada,Egypt,HRG,HEGN,27.178300857543945,33.799400329589844,Africa/Cairo
1131,El Gora Airport,El Gorah,Egypt,EGH,HEGR,31.068559,34.129629,Africa/Cairo
1132,Luxor International Airport,Luxor,Egypt,LXR,HELX,25.671,32.7066,Africa/Cairo
1133,Mersa Matruh Airport,Mersa-matruh,Egypt,MUH,HEMM,31.3253993988,27.221700668300002,Africa/Cairo
1134,Port Said Airport,Port Said,Egypt,PSD,HEPS,31.279399871826172,32.2400016784668,Africa/Cairo
1135,St Catherine International Airport,St. Catherine,Egypt,SKV,HESC,28.685300827,34.0625,Africa/Cairo
1136,Aswan International Airport,Aswan,Egypt,ASW,HESN,23.9643993378,32.8199996948,Africa/Cairo
1137,El Tor Airport,El-tor,Egypt,ELT,HETR,28.208999633789062,33.64550018310547,Africa/Cairo
1138,Eldoret International Airport,Eldoret,Kenya,EDL,HKEL,0.4044579863548279,35.23889923095703,Africa/Nairobi
1139,Kakamega Airport,Kakamega,Kenya,GGM,HKKG,0.271342009306,34.7873001099,Africa/Nairobi
1140,Kisumu Airport,Kisumu,Kenya,KIS,HKKI,-0.0861390009522438,34.72890090942383,Africa/Nairobi
1141,Kitale Airport,Kitale,Kenya,KTL,HKKT,0.9719889760017395,34.95859909057617,Africa/Nairobi
1143,Lodwar Airport,Lodwar,Kenya,LOK,HKLO,3.1219699382781982,35.608699798583984,Africa/Nairobi
1144,Manda Airstrip,Lamu,Kenya,LAU,HKLU,-2.252419948577881,40.91310119628906,Africa/Nairobi
1145,Mombasa Moi International Airport,Mombasa,Kenya,MBA,HKMO,-4.034830093383789,39.594200134277344,Africa/Nairobi
1146,Naivasha Airport,Naivasha,Kenya,,HKNV,-0.787953,36.433494,Africa/Nairobi
1147,Nairobi Wilson Airport,Nairobi,Kenya,WIL,HKNW,-1.321720004081726,36.81480026245117,Africa/Nairobi
1148,Moi Air Base,Nairobi,Kenya,,HKRE,-1.2772699594499999,36.8623008728,Africa/Nairobi
1149,Wajir Airport,Wajir,Kenya,WJR,HKWJ,1.73324,40.091599,Africa/Nairobi
1150,Bu Attifel Airport,Buattifel,Libya,,HLFL,28.795400619506836,22.080900192260742,Africa/Tripoli
1151,Warehouse 59e Airport,Giallo,Libya,,HLGL,28.638500213623047,21.437999725341797,Africa/Tripoli
1152,Ghat Airport,Ghat,Libya,GHT,HLGT,25.1455993652,10.142600059500001,Africa/Tripoli
1153,Kufra Airport,Kufra,Libya,AKF,HLKF,24.178699493408203,23.31399917602539,Africa/Tripoli
1154,Benina International Airport,Benghazi,Libya,BEN,HLLB,32.096801757799994,20.2695007324,Africa/Tripoli
1156,Sabha Airport,Sebha,Libya,SEB,HLLS,26.98699951171875,14.47249984741211,Africa/Tripoli
1157,Tripoli International Airport,Tripoli,Libya,TIP,HLLT,32.6635017395,13.1590003967,Africa/Tripoli
1158,Marsa Brega Airport,Marsa Brega,Libya,LMQ,HLMB,30.37809944152832,19.576400756835938,Africa/Tripoli
1159,Ras Lanuf Oil Airport,Ras Lanouf V 40,Libya,,HLNF,30.5,18.52720069885254,Africa/Tripoli
1160,Hon Airport,Hon,Libya,HUQ,HLON,29.11009979248047,15.96560001373291,Africa/Tripoli
1161,Dahra Airport,Dahra,Libya,,HLRA,29.47260093688965,17.934900283813477,Africa/Tripoli
1162,Ghadames East Airport,Ghadames,Libya,LTD,HLTD,30.15169906616211,9.715310096740723,Africa/Tripoli
1163,Zella 74 Airport,Zella 74,Libya,,HLZA,28.58989906311035,17.293899536132812,Africa/Tripoli
1164,Gisenyi Airport,Gisenyi,Rwanda,GYI,HRYG,-1.6771999597549438,29.258899688720703,Africa/Kigali
1165,Kigali International Airport,Kigali,Rwanda,KGL,HRYR,-1.96863,30.1395,Africa/Kigali
1166,Kamembe Airport,Kamembe,Rwanda,KME,HRZA,-2.462239980697632,28.907899856567383,Africa/Kigali
1167,Dongola Airport,Dongola,Sudan,DOG,HSDN,19.153900146499996,30.430099487299998,Africa/Khartoum
1168,Damazin Airport,Damazin,Sudan,RSS,HSDZ,11.7859,34.3367,Africa/Khartoum
1169,El Fasher Airport,El Fasher,Sudan,ELF,HSFS,13.614899635314941,25.324600219726562,Africa/Khartoum
1170,Kassala Airport,Kassala,Sudan,KSL,HSKA,15.387499809265137,36.328800201416016,Africa/Khartoum
1171,Kadugli Airport,Kadugli,Sudan,KDX,HSLI,11.137999534600002,29.7010993958,Africa/Khartoum
1172,El Obeid Airport,El Obeid,Sudan,EBD,HSOB,13.153200149536133,30.23270034790039,Africa/Khartoum
1173,Juba International Airport,Juba,South Sudan,JUB,HSSJ,4.87201023102,31.6011009216,Africa/Juba
1174,Malakal Airport,Malakal,Sudan,MAK,HSSM,9.55897045135498,31.65220069885254,Africa/Juba
1175,Khartoum International Airport,Khartoum,Sudan,KRT,HSSS,15.589500427246094,32.553199768066406,Africa/Khartoum
1176,Arusha Airport,Arusha,Tanzania,ARK,HTAR,-3.3677899837493896,36.63330078125,Africa/Dar_es_Salaam
1177,Julius Nyerere International Airport,Dar Es Salaam,Tanzania,DAR,HTDA,-6.87811,39.202599,Africa/Dar_es_Salaam
1178,Dodoma Airport,Dodoma,Tanzania,DOD,HTDO,-6.170440196990967,35.752601623535156,Africa/Dar_es_Salaam
1179,Iringa Airport,Iringa,Tanzania,IRI,HTIR,-7.668630123138428,35.75210189819336,Africa/Dar_es_Salaam
1180,Kilimanjaro International Airport,Kilimanjaro,Tanzania,JRO,HTKJ,-3.42940998077,37.0745010376,Africa/Dar_es_Salaam
1181,Lake Manyara Airport,Lake Manyara,Tanzania,LKY,HTLM,-3.376310110092163,35.81829833984375,Africa/Dar_es_Salaam
1182,Mtwara Airport,Mtwara,Tanzania,MYW,HTMT,-10.339099884033203,40.181800842285156,Africa/Dar_es_Salaam
1183,Mwanza Airport,Mwanza,Tanzania,MWZ,HTMW,-2.4444899559020996,32.932701110839844,Africa/Dar_es_Salaam
1184,Pemba Airport,Pemba,Tanzania,PMA,HTPE,-5.257259845733643,39.8114013671875,Africa/Dar_es_Salaam
1185,Tanga Airport,Tanga,Tanzania,TGT,HTTG,-5.092360019683838,39.07120132446289,Africa/Dar_es_Salaam
1186,Abeid Amani Karume International Airport,Zanzibar,Tanzania,ZNZ,HTZA,-6.22202,39.224899,Africa/Dar_es_Salaam
1187,Entebbe International Airport,Entebbe,Uganda,EBB,HUEN,0.042386,32.443501,Africa/Kampala
1189,Soroti Airport,Soroti,Uganda,SRT,HUSO,1.7276899814605713,33.622798919677734,Africa/Kampala
1190,Tirana International Airport Mother Teresa,Tirana,Albania,TIA,LATI,41.4146995544,19.7206001282,Europe/Tirane
1191,Burgas Airport,Bourgas,Bulgaria,BOJ,LBBG,42.56959915161133,27.515199661254883,Europe/Sofia
1192,Gorna Oryahovitsa Airport,Gorna Orechovica,Bulgaria,GOZ,LBGO,43.15140151977539,25.712900161743164,Europe/Sofia
1193,Plovdiv International Airport,Plovdiv,Bulgaria,PDV,LBPD,42.067799,24.8508,Europe/Sofia
1194,Sofia Airport,Sofia,Bulgaria,SOF,LBSF,42.696693420410156,23.411436080932617,Europe/Sofia
1195,Stara Zagora Airport,Stara Zagora,Bulgaria,SZR,LBSZ,42.3766667,25.655,Europe/Sofia
1196,Varna Airport,Varna,Bulgaria,VAR,LBWN,43.232101,27.8251,Europe/Sofia
1197,Larnaca International Airport,Larnaca,Cyprus,LCA,LCLK,34.875099182128906,33.624900817871094,Asia/Nicosia
1198,Paphos International Airport,Paphos,Cyprus,PFO,LCPH,34.71799850463867,32.48569869995117,Asia/Nicosia
1199,RAF Akrotiri,Akrotiri,Cyprus,AKT,LCRA,34.590401,32.9879,Europe/London
1200,Dubrovnik Airport,Dubrovnik,Croatia,DBV,LDDU,42.5614013671875,18.268199920654297,Europe/Zagreb
1201,Osijek-Čepin Airfield,Cepin,Croatia,,LDOC,45.5427778,18.6319444,Europe/Zagreb
1202,Osijek Airport,Osijek,Croatia,OSI,LDOS,45.46269989013672,18.810199737548828,Europe/Zagreb
1203,Pula Airport,Pula,Croatia,PUY,LDPL,44.89350128173828,13.922200202941895,Europe/Zagreb
1204,Grobnicko Polje Airport,Grobnik,Croatia,,LDRG,45.37950134277344,14.503800392150879,Europe/Zagreb
1205,Rijeka Airport,Rijeka,Croatia,RJK,LDRI,45.21689987182617,14.570300102233887,Europe/Zagreb
1206,Split Airport,Split,Croatia,SPU,LDSP,43.53889846801758,16.29800033569336,Europe/Zagreb
1207,Varaždin Airport,Varazdin,Croatia,,LDVA,46.294647216796875,16.382932662963867,Europe/Zagreb
1208,Zagreb Airport,Zagreb,Croatia,ZAG,LDZA,45.7429008484,16.0687999725,Europe/Zagreb
1209,Zadar Airport,Zadar,Croatia,ZAD,LDZD,44.108299,15.3467,Europe/Zagreb
1210,Udbina Air Base,Udbina,Croatia,,LDZU,44.55759811401367,15.774399757385254,Europe/Zagreb
1211,Albacete-Los Llanos Airport,Albacete,Spain,ABC,LEAB,38.9485015869,-1.8635200262099998,Europe/Madrid
1212,Alicante International Airport,Alicante,Spain,ALC,LEAL,38.28219985961914,-0.5581560134887695,Europe/Madrid
1213,Almería International Airport,Almeria,Spain,LEI,LEAM,36.84389877319336,-2.3701000213623047,Europe/Madrid
1214,Asturias Airport,Aviles,Spain,OVD,LEAS,43.5635986328125,-6.0346198081970215,Europe/Madrid
1215,Córdoba Airport,Cordoba,Spain,ODB,LEBA,37.84199905395508,-4.848879814147949,Europe/Madrid
1216,Bilbao Airport,Bilbao,Spain,BIO,LEBB,43.30110168457031,-2.9106099605560303,Europe/Madrid
1218,Barcelona International Airport,Barcelona,Spain,BCN,LEBL,41.2971,2.07846,Europe/Madrid
1219,Badajoz Airport,Badajoz,Spain,BJZ,LEBZ,38.891300201416016,-6.8213300704956055,Europe/Madrid
1220,A Coruña Airport,La Coruna,Spain,LCG,LECO,43.302101,-8.37726,Europe/Madrid
1221,Armilla Air Base,Granada,Spain,,LEGA,37.1332016,-3.63568997,Europe/Madrid
1222,Girona Airport,Gerona,Spain,GRO,LEGE,41.901000977,2.7605500221,Europe/Madrid
1223,Federico Garcia Lorca Airport,Granada,Spain,GRX,LEGR,37.18870162963867,-3.777359962463379,Europe/Madrid
1224,Getafe Air Base,Madrid,Spain,,LEGT,40.29410171508789,-3.723829984664917,Europe/Madrid
1225,Ibiza Airport,Ibiza,Spain,IBZ,LEIB,38.872898101800004,1.3731199502899998,Europe/Madrid
1226,Jerez Airport,Jerez,Spain,XRY,LEJR,36.744598388671875,-6.060110092163086,Europe/Madrid
1227,San Javier Airport,Murcia,Spain,MJV,LELC,37.775001525878906,-0.8123890161514282,Europe/Madrid
1229,Adolfo Suárez Madrid–Barajas Airport,Madrid,Spain,MAD,LEMD,40.471926,-3.56264,Europe/Madrid
1230,Málaga Airport,Malaga,Spain,AGP,LEMG,36.67490005493164,-4.499110221862793,Europe/Madrid
1231,Menorca Airport,Menorca,Spain,MAH,LEMH,39.86259841918945,4.218649864196777,Europe/Madrid
1232,Moron Air Base,Sevilla,Spain,OZP,LEMO,37.17490005493164,-5.615940093994141,Europe/Madrid
1233,Ocaña Airport,Ocana,Spain,,LEOC,39.9375,-3.5033299922943115,Europe/Madrid
1234,Pamplona Airport,Pamplona,Spain,PNA,LEPP,42.77000045776367,-1.6463299989700317,Europe/Madrid
1235,Alcantarilla Air Base,Murcia,Spain,,LERI,37.951099,-1.23032,Europe/Madrid
1236,Reus Air Base,Reus,Spain,REU,LERS,41.14739990234375,1.1671700477600098,Europe/Madrid
1237,Rota Naval Station Airport,Rota,Spain,ROZ,LERT,36.645198822,-6.34946012497,Europe/Madrid
1238,Salamanca Airport,Salamanca,Spain,SLM,LESA,40.95209884643555,-5.501989841461182,Europe/Madrid
1239,Son Bonet Airport,Son Bonet,Spain,,LESB,39.598899841308594,2.70278000831604,Europe/Madrid
1241,San Luis Airport,San Luis,Spain,,LESL,39.86220169067383,4.25832986831665,Europe/Madrid
1242,San Sebastian Airport,San Sebastian,Spain,EAS,LESO,43.35649871826172,-1.7906099557876587,Europe/Madrid
1243,Santiago de Compostela Airport,Santiago,Spain,SCQ,LEST,42.89630126953125,-8.415140151977539,Europe/Madrid
1244,Pirineus - la Seu d'Urgel Airport,Seo De Urgel,Spain,LEU,LESU,42.3386,1.40917,Europe/Madrid
1245,Torrejón Airport,Madrid,Spain,TOJ,LETO,40.496700286865234,-3.4458699226379395,Europe/Madrid
1246,Valencia Airport,Valencia,Spain,VLC,LEVC,39.4893,-0.481625,Europe/Madrid
1247,Valladolid Airport,Valladolid,Spain,VLL,LEVD,41.7061004639,-4.85194015503,Europe/Madrid
1249,Vitoria/Foronda Airport,Vitoria,Spain,VIT,LEVT,42.8828010559082,-2.7244699001312256,Europe/Madrid
1250,Vigo Airport,Vigo,Spain,VGO,LEVX,42.2318000793457,-8.62677001953125,Europe/Madrid
1251,Santander Airport,Santander,Spain,SDR,LEXJ,43.427101135253906,-3.82000994682312,Europe/Madrid
1252,Zaragoza Air Base,Zaragoza,Spain,ZAZ,LEZG,41.66619873046875,-1.0415500402450562,Europe/Madrid
1253,Sevilla Airport,Sevilla,Spain,SVQ,LEZL,37.417999267578125,-5.8931097984313965,Europe/Madrid
1254,Calais-Dunkerque Airport,Calais,France,CQF,LFAC,50.962100982666016,1.954759955406189,Europe/Paris
1255,Péronne-Saint-Quentin Airport,Peronne,France,,LFAG,49.8685,3.02958,Europe/Paris
1256,Nangis-Les Loges Airport,Nangis,France,,LFAI,48.59619903564453,3.0067899227142334,Europe/Paris
1257,Bagnoles-de-l'Orne-Couterne Airport,Bagnole-de-l'orne,France,,LFAO,48.545799255371094,-0.38744398951530457,Europe/Paris
1258,Albert-Bray Airport,Albert,France,BYF,LFAQ,49.9715003967,2.69765996933,Europe/Paris
1259,Le Touquet-Côte d'Opale Airport,Le Tourquet,France,LTQ,LFAT,50.517398834228516,1.6205899715423584,Europe/Paris
1260,Valenciennes-Denain Airport,Valenciennes,France,XVS,LFAV,50.325801849365234,3.4612600803375244,Europe/Paris
1261,Amiens-Glisy Airport,Amiens,France,,LFAY,49.873004,2.387074,Europe/Paris
1262,Agen-La Garenne Airport,Agen,France,AGF,LFBA,44.17470169067383,0.5905560255050659,Europe/Paris
1263,Cazaux (BA 120) Air Base,Cazaux,France,,LFBC,44.53329849243164,-1.125,Europe/Paris
1264,Bordeaux-Mérignac Airport,Bordeaux,France,BOD,LFBD,44.828300476100004,-0.715556025505,Europe/Paris
1265,Bergerac-Roumanière Airport,Bergerac,France,EGC,LFBE,44.82529830932617,0.5186110138893127,Europe/Paris
1266,Toulouse-Francazal (BA 101) Air Base,Toulouse,France,,LFBF,43.54560089111328,1.3674999475479126,Europe/Paris
1267,Cognac-Châteaubernard (BA 709) Air Base,Cognac,France,CNG,LFBG,45.65829849243164,-0.3174999952316284,Europe/Paris
1268,Poitiers-Biard Airport,Poitiers,France,PIS,LFBI,46.58769989013672,0.30666598677635193,Europe/Paris
1269,Montluçon-Guéret Airport,Montlucon-gueret,France,MCU,LFBK,46.222599029541016,2.363960027694702,Europe/Paris
1270,Limoges Airport,Limoges,France,LIG,LFBL,45.86280059814453,1.1794400215148926,Europe/Paris
1271,Mont-de-Marsan (BA 118) Air Base,Mont-de-marsan,France,,LFBM,43.911701,-0.5075,Europe/Paris
1272,Niort-Souché Airport,Niort,France,NIT,LFBN,46.313477,-0.394529,Europe/Paris
1273,Toulouse-Blagnac Airport,Toulouse,France,TLS,LFBO,43.629101,1.36382,Europe/Paris
1274,Pau Pyrénées Airport,Pau,France,PUF,LFBP,43.380001068115234,-0.41861099004745483,Europe/Paris
1275,Muret-Lherm Airport,La Rochelle,France,,LFBR,43.44889831542969,1.2633299827575684,Europe/Paris
1276,Tarbes-Lourdes-Pyrénées Airport,Tarbes,France,LDE,LFBT,43.1786994934082,-0.006438999902456999,Europe/Paris
1277,Angoulême-Brie-Champniers Airport,Angouleme,France,ANG,LFBU,45.72919845581055,0.22145600616931915,Europe/Paris
1278,Brive Souillac Airport,Brive,France,BVE,LFSL,45.039722,1.485556,Europe/Paris
1279,Périgueux-Bassillac Airport,Perigueux,France,PGX,LFBX,45.19810104370117,0.815555989742279,Europe/Paris
1280,Biarritz-Anglet-Bayonne Airport,Biarritz-bayonne,France,BIQ,LFBZ,43.4683333,-1.5311111,Europe/Paris
1281,Cahors-Lalbenque Airport,Cahors,France,ZAO,LFCC,44.35139846801758,1.4752800464630127,Europe/Paris
1282,Saint-Girons-Antichan Airport,St.-girons,France,,LFCG,43.0078010559082,1.1031500101089478,Europe/Paris
1283,Arcachon-La Teste-de-Buch Airport,Arcachon,France,,LFCH,44.596401,-1.11083,Europe/Paris
1284,Albi-Le Séquestre Airport,Albi,France,LBI,LFCI,43.91389846801758,2.1130599975585938,Europe/Paris
1285,Castres-Mazamet Airport,Castres,France,DCM,LFCK,43.55630111694336,2.289180040359497,Europe/Paris
1286,Toulouse-Lasbordes Airport,Toulouse,France,,LFCL,43.58610153198242,1.499169945716858,Europe/Paris
1287,Millau-Larzac Airfield,Millau,France,,LFCM,43.9893,3.183,Europe/Paris
1288,Graulhet-Montdragon Airport,Graulhet,France,,LFCQ,43.77109909057617,2.0108299255371094,Europe/Paris
1289,Rodez-Marcillac Airport,Rodez,France,RDZ,LFCR,44.407901763916016,2.4826700687408447,Europe/Paris
1290,Ussel-Thalamy Airport,Ussel,France,,LFCU,45.534698486328125,2.4238901138305664,Europe/Paris
1291,Villeneuve-sur-Lot Airport,Villeneuve-sur-lot,France,,LFCW,44.39690017700195,0.7588890194892883,Europe/Paris
1292,Royan-Médis Airport,Royan,France,RYN,LFCY,45.62810134887695,-0.9725000262260437,Europe/Paris
1293,Mimizan Airport,Mimizan,France,,LFCZ,44.145928,-1.16432,Europe/Paris
1294,Aire-sur-l'Adour Airport,Aire-sur-l'adour,France,,LFDA,43.70940017700195,-0.245278000831604,Europe/Paris
1295,Montauban Airport,Montauban,France,XMW,LFDB,44.025699615478516,1.3780399560928345,Europe/Paris
1296,Auch-Lamothe Airport,Auch,France,,LFDH,43.687801,0.601667,Europe/Paris
1297,Libourne-Artigues-de-Lussac Airport,Libourne,France,,LFDI,44.982498,-0.134722,Europe/Paris
1298,Pamiers-Les Pujols Airport,Pamiers,France,,LFDJ,43.090599060058594,1.69582998752594,Europe/Paris
1299,Marmande-Virazeil Airport,Marmande,France,,LFDM,44.4989013671875,0.20051400363445282,Europe/Paris
1300,Rochefort-Saint-Agnant (BA 721) Airport,Rochefort,France,RCO,LFDN,45.88779830932617,-0.9830560088157654,Europe/Paris
1301,Pontivy Airport,Pontivy,France,,LFED,48.05849838256836,-2.92182993888855,Europe/Paris
1302,Aubigny-sur-Nère Airport,Aubigny-sur-nere,France,,LFEH,47.480556,2.394167,Europe/Paris
1303,Guiscriff Scaer Airport,Guiscriff-scaer,France,,LFES,48.0525016784668,-3.664720058441162,Europe/Paris
1305,Ancenis Airport,Ancenis,France,,LFFI,47.40810012817383,-1.1775000095367432,Europe/Paris
1306,Brienne-le-Château Airport,Brienne-le Chateau,France,,LFFN,48.4297981262207,4.48222017288208,Europe/Paris
1307,Colmar-Houssen Airport,Colmar,France,CMR,LFGA,48.109901428222656,7.359010219573975,Europe/Paris
1308,Beaune-Challanges Airport,Beaune,France,,LFGF,47.005901,4.89342,Europe/Paris
1309,Dole-Tavaux Airport,Dole,France,DLE,LFGJ,47.042686,5.435063,Europe/Paris
1310,Joigny Airport,Joigny,France,,LFGK,47.9921989440918,3.3922200202941895,Europe/Paris
1311,Verdun-Le Rozelier Airfield,Verdun,France,,LFGW,49.122398,5.46905,Europe/Paris
1312,Aubenas-Ardèche Méridional Airport,Aubenas-vals-lanas,France,OBS,LFHO,44.544203,4.372192,Europe/Paris
1313,Le Puy-Loudes Airport,Le Puy,France,LPY,LFHP,45.0806999206543,3.762890100479126,Europe/Paris
1314,Saint-Flour-Coltines Airport,St.-flour,France,,LFHQ,45.07640075683594,2.99360990524292,Europe/Paris
1315,Bourg-Ceyzériat Airport,Bourg,France,,LFHS,46.20090103149414,5.292029857635498,Europe/Paris
1316,Villefranche-Tarare Airport,Vilefrance,France,,LFHV,45.919983,4.634931,Europe/Paris
1317,Moulins-Montbeugny Airport,Moulins,France,,LFHY,46.53459930419922,3.423719882965088,Europe/Paris
1318,Saint-Affrique-Belmont Airport,St.-afrique-belmont,France,,LFIF,43.823299407958984,2.7452800273895264,Europe/Paris
1319,Cassagnes-Bégonhès Airport,Cassagnes-beghones,France,,LFIG,44.177799224853516,2.515000104904175,Europe/Paris
1320,Metz-Nancy-Lorraine Airport,Metz,France,ETZ,LFJL,48.9821014404,6.25131988525,Europe/Paris
1321,Bastia-Poretta Airport,Bastia,France,BIA,LFKB,42.55270004272461,9.48373031616211,Europe/Paris
1322,Calvi-Sainte-Catherine Airport,Calvi,France,CLY,LFKC,42.5244444,8.7930556,Europe/Paris
1323,Figari Sud-Corse Airport,Figari,France,FSC,LFKF,41.5005989074707,9.097780227661133,Europe/Paris
1324,Ajaccio-Napoléon Bonaparte Airport,Ajaccio,France,AJA,LFKJ,41.92359924316406,8.8029203414917,Europe/Paris
1325,Propriano Airport,Propriano,France,PRP,LFKO,41.66059875488281,8.889749526977539,Europe/Paris
1326,Solenzara (BA 126) Air Base,Solenzara,France,SOZ,LFKS,41.924400329589844,9.406000137329102,Europe/Paris
1327,Corte Airport,Corte,France,,LFKT,42.29359817504883,9.193059921264648,Europe/Paris
1328,Auxerre-Branches Airport,Auxerre,France,AUF,LFLA,47.85020065307617,3.497109889984131,Europe/Paris
1329,Chambéry-Savoie Airport,Chambery,France,CMF,LFLB,45.638099670410156,5.880229949951172,Europe/Paris
1330,Clermont-Ferrand Auvergne Airport,Clermont-Ferrand,France,CFE,LFLC,45.7867012024,3.1691699028,Europe/Paris
1331,Bourges Airport,Bourges,France,BOU,LFLD,47.058101654052734,2.3702800273895264,Europe/Paris
1332,Chambéry-Challes-les-Eaux Airport,Chambery,France,,LFLE,45.5611000061,5.975759983060001,Europe/Paris
1333,Chalon-Champforgeuil Airport,Chalon,France,,LFLH,46.82609939575195,4.817629814147949,Europe/Paris
1334,Annemasse Airport,Annemasse,France,QNJ,LFLI,46.1920013428,6.268390178680001,Europe/Paris
1335,Lyon Saint-Exupéry Airport,Lyon,France,LYS,LFLL,45.725556,5.081111,Europe/Paris
1336,Mâcon-Charnay Airport,Macon,France,,LFLM,46.295101,4.79577,Europe/Paris
1337,Saint-Yan Airport,St.-yan,France,SYT,LFLN,46.412498474121094,4.0132598876953125,Europe/Paris
1338,Roanne-Renaison Airport,Roanne,France,RNE,LFLO,46.05830001831055,4.001389980316162,Europe/Paris
1339,Annecy-Haute-Savoie-Mont Blanc Airport,Annecy,France,NCY,LFLP,45.9308333,6.1063889,Europe/Paris
1340,Grenoble-Isère Airport,Grenoble,France,GNB,LFLS,45.36289978027344,5.329370021820068,Europe/Paris
1341,Montluçon-Domérat Airport,Montlucon,France,,LFLT,46.352501,2.57049,Europe/Paris
1342,Valence-Chabeuil Airport,Valence,France,VAF,LFLU,44.9216,4.9699,Europe/Paris
1343,Vichy-Charmeil Airport,Vichy,France,VHY,LFLV,46.169700622558594,3.4037399291992188,Europe/Paris
1344,Aurillac Airport,Aurillac,France,AUR,LFLW,44.89139938354492,2.4219400882720947,Europe/Paris
1345,"Châteauroux-Déols ""Marcel Dassault"" Airport",Chateauroux,France,CHR,LFLX,46.860278,1.721111,Europe/Paris
1346,Lyon-Bron Airport,Lyon,France,LYN,LFLY,45.72719955444336,4.944270133972168,Europe/Paris
1347,Aix-en-Provence (BA 114) Airport,Aix-les-milles,France,,LFMA,43.5056,5.36778,Europe/Paris
1348,Le Luc-Le Cannet Airport,Le Luc,France,,LFMC,43.384700775146484,6.387139797210693,Europe/Paris
1349,Cannes-Mandelieu Airport,Cannes,France,CEQ,LFMD,43.542,6.95348,Europe/Paris
1350,Saint-Étienne-Bouthéon Airport,St-Etienne,France,EBU,LFMH,45.54059982299805,4.296390056610107,Europe/Paris
1351,Istres Le Tubé/Istres Air Base (BA 125) Airport,Istres,France,,LFMI,43.522701,4.92384,Europe/Paris
1352,Carcassonne Airport,Carcassonne,France,CCF,LFMK,43.215999603271484,2.3063199520111084,Europe/Paris
1353,Marseille Provence Airport,Marseille,France,MRS,LFML,43.439271922,5.22142410278,Europe/Paris
1354,Nice-Côte d'Azur Airport,Nice,France,NCE,LFMN,43.6584014893,7.215869903560001,Europe/Paris
1355,Orange-Caritat (BA 115) Air Base,Orange,France,XOG,LFMO,44.140499114990234,4.866720199584961,Europe/Paris
1356,Perpignan-Rivesaltes (Llabanère) Airport,Perpignan,France,PGF,LFMP,42.74039840698242,2.8706700801849365,Europe/Paris
1357,Le Castellet Airport,Le Castellet,France,CTT,LFMQ,43.252498626708984,5.785190105438232,Europe/Paris
1358,Alès-Deaux Airport,Ales,France,,LFMS,44.069698,4.14212,Europe/Paris
1359,Montpellier-Méditerranée Airport,Montpellier,France,MPL,LFMT,43.57619857788086,3.96301007270813,Europe/Paris
1360,Béziers-Vias Airport,Beziers,France,BZR,LFMU,43.32350158691406,3.3538999557495117,Europe/Paris
1361,Avignon-Caumont Airport,Avignon,France,AVN,LFMV,43.90729904174805,4.901830196380615,Europe/Paris
1362,Salon-de-Provence (BA 701) Air Base,Salon,France,,LFMY,43.60639953613281,5.109250068664551,Europe/Paris
1363,Lézignan-Corbières Airfield,Lezignan-corbieres,France,,LFMZ,43.1758,2.73417,Europe/Paris
1364,Mende-Brenoux Airfield,Mende,France,MEN,LFNB,44.502102,3.53282,Europe/Paris
1365,Carpentras Airport,Carpentras,France,,LFNH,44.02980041503906,5.078060150146484,Europe/Paris
1366,Avord (BA 702) Air Base,Avord,France,,LFOA,47.053299,2.6325,Europe/Paris
1367,Paris Beauvais Tillé Airport,Beauvais,France,BVA,LFOB,49.45439910888672,2.1127800941467285,Europe/Paris
1368,Châteaudun (BA 279) Air Base,Chateaudun,France,,LFOC,48.058102,1.37662,Europe/Paris
1369,Saumur-Saint-Florent Airport,Saumur,France,,LFOD,47.256802,-0.115142,Europe/Paris
1370,Évreux-Fauville (BA 105) Air Base,Evreux,France,EVX,LFOE,49.02870178222656,1.2198599576950073,Europe/Paris
1371,Le Havre Octeville Airport,Le Havre,France,LEH,LFOH,49.53390121459961,0.08805599808692932,Europe/Paris
1372,Abbeville,Abbeville,France,XAB,LFOI,50.143501,1.831891,Europe/Paris
1373,Orléans-Bricy (BA 123) Air Base,Orleans,France,ORE,LFOJ,47.9878005981,1.7605600357100002,Europe/Paris
1374,Châlons-Vatry Airport,Chalons,France,XCR,LFOK,48.7733333333,4.206111111,Europe/Paris
1375,Rouen Airport,Rouen,France,URO,LFOP,49.38420104980469,1.1748000383377075,Europe/Paris
1376,Tours-Val-de-Loire Airport,Tours,France,TUF,LFOT,47.4322013855,0.727605998516,Europe/Paris
1377,Cholet Le Pontreau Airport,Cholet,France,CET,LFOU,47.08209991455078,-0.8770639896392822,Europe/Paris
1378,Laval-Entrammes Airport,Laval,France,LVA,LFOV,48.03139877319336,-0.7429860234260559,Europe/Paris
1379,Orléans-Saint-Denis-de-l'Hôtel Airport,Orleans,France,,LFOZ,47.8969,2.16333,Europe/Paris
1380,Paris-Le Bourget Airport,Paris,France,LBG,LFPB,48.969398498535156,2.441390037536621,Europe/Paris
1381,Creil Air Base,Creil,France,CSF,LFPC,49.253501892089844,2.5191400051116943,Europe/Paris
1382,Charles de Gaulle International Airport,Paris,France,CDG,LFPG,49.012798,2.55,Europe/Paris
1383,Coulommiers-Voisins Airport,Coulommiers,France,,LFPK,48.83769989013672,3.016119956970215,Europe/Paris
1384,Melun-Villaroche Air Base,Melun,France,,LFPM,48.604698181152344,2.6711199283599854,Europe/Paris
1385,Toussus-le-Noble Airport,Toussous-le-noble,France,TNF,LFPN,48.75189971923828,2.1061899662017822,Europe/Paris
1386,Paris-Orly Airport,Paris,France,ORY,LFPO,48.7233333,2.3794444,Europe/Paris
1387,Pontoise - Cormeilles-en-Vexin Airport,Pontoise,France,POX,LFPT,49.096667,2.040833,Europe/Paris
1388,Villacoublay-Vélizy (BA 107) Air Base,Villacoublay,France,VIY,LFPV,48.7741667,2.1916667,Europe/Paris
1389,Reims-Prunay Airport,Reims,France,,LFQA,49.20869827270508,4.156579971313477,Europe/Paris
1390,Troyes-Barberey Airport,Troyes,France,,LFQB,48.322102,4.0167,Europe/Paris
1391,Lunéville-Croismare Airport,Luneville,France,,LFQC,48.593299865722656,6.543459892272949,Europe/Paris
1392,Étain-Rouvres Air Base,Etain,France,,LFQE,49.226898193359375,5.672220230102539,Europe/Paris
1393,Autun-Bellevue Airport,Autun,France,,LFQF,46.96730041503906,4.260570049285889,Europe/Paris
1394,Nevers-Fourchambault Airport,Nevers,France,NVS,LFQG,47.002601623535156,3.1133298873901367,Europe/Paris
1395,Cambrai-Épinoy (BA 103) Air Base,Cambrai,France,,LFQI,50.221802,3.15424,Europe/Paris
1396,Maubeuge-Élesmes Airport,Maubeuge,France,XME,LFQJ,50.31050109863281,4.033120155334473,Europe/Paris
1397,Besançon-La Vèze Airport,Besancon-la-veze,France,,LFQM,47.2066,6.083681,Europe/Paris
1398,Phalsbourg-Bourscheid Air Base,Phalsbourg,France,,LFQP,48.7680556,7.205,Europe/Paris
1399,Lille-Lesquin Airport,Lille,France,LIL,LFQQ,50.563332,3.086886,Europe/Paris
1400,Merville-Calonne Airport,Merville,France,HZB,LFQT,50.61840057373047,2.642240047454834,Europe/Paris
1401,Charleville-Mézières Airport,Charleville,France,XCZ,LFQV,49.78390121459961,4.647079944610596,Europe/Paris
1402,Vesoul-Frotey Airport,Vesoul-frotey,France,,LFQW,47.6376,6.20392,Europe/Paris
1403,Brest Bretagne Airport,Brest,France,BES,LFRB,48.447898864746094,-4.418540000915527,Europe/Paris
1404,Cherbourg-Maupertus Airport,Cherbourg,France,CER,LFRC,49.65010070800781,-1.4702800512313843,Europe/Paris
1405,Dinard-Pleurtuit-Saint-Malo Airport,Dinard,France,DNR,LFRD,48.58769989013672,-2.0799601078033447,Europe/Paris
1406,La Baule-Escoublac Airport,La Baule,France,LBY,LFRE,47.289398193359375,-2.3463900089263916,Europe/Paris
1407,Granville Airport,Granville,France,GFR,LFRF,48.88309860229492,-1.564170002937317,Europe/Paris
1408,Deauville-Saint-Gatien Airport,Deauville,France,DOL,LFRG,49.3652992249,0.154305994511,Europe/Paris
1409,Lorient South Brittany (Bretagne Sud) Airport,Lorient,France,LRT,LFRH,47.76060104370117,-3.440000057220459,Europe/Paris
1410,La Roche-sur-Yon Airport,La Roche-sur-yon,France,EDM,LFRI,46.701900482177734,-1.3786300420761108,Europe/Paris
1411,Landivisiau Air Base,Landivisiau,France,LDV,LFRJ,48.53030014038086,-4.151639938354492,Europe/Paris
1412,Caen-Carpiquet Airport,Caen,France,CFR,LFRK,49.173301696777344,-0.44999998807907104,Europe/Paris
1413,Lanvéoc-Poulmic Air Base,Lanvedoc,France,,LFRL,48.281700134277344,-4.4450201988220215,Europe/Paris
1414,Le Mans-Arnage Airport,Le Mans,France,LME,LFRM,47.94860076904297,0.20166699588298798,Europe/Paris
1415,Rennes-Saint-Jacques Airport,Rennes,France,RNS,LFRN,48.069499969499994,-1.73478996754,Europe/Paris
1416,Lannion-Côte de Granit Airport,Lannion,France,LAI,LFRO,48.754398,-3.47166,Europe/Paris
1417,Quimper-Cornouaille Airport,Quimper,France,UIP,LFRQ,47.974998474121094,-4.167789936065674,Europe/Paris
1418,Nantes Atlantique Airport,Nantes,France,NTE,LFRS,47.153198242200006,-1.61073005199,Europe/Paris
1419,Saint-Brieuc-Armor Airport,St.-brieuc Armor,France,SBK,LFRT,48.5378,-2.85444,Europe/Paris
1420,Morlaix-Ploujean Airport,Morlaix,France,MXN,LFRU,48.6031990051,-3.81577992439,Europe/Paris
1421,Vannes-Meucon Airport,Vannes,France,VNE,LFRV,47.72330093383789,-2.718559980392456,Europe/Paris
1422,Saint-Nazaire-Montoir Airport,St.-nazaire,France,SNR,LFRZ,47.3105556,-2.1566667,Europe/Paris
1423,EuroAirport Basel-Mulhouse-Freiburg Airport,Mulhouse,France,BSL,LFSB,47.59,7.5291667,Europe/Paris
1424,Colmar-Meyenheim Air Base,Colmar,France,,LFSC,47.922000885,7.39967012405,Europe/Paris
1425,Dijon-Bourgogne Airport,Dijon,France,DIJ,LFSD,47.268902,5.09,Europe/Paris
1426,Metz-Frescaty (BA 128) Air Base,Metz,France,MZM,LFSF,49.07170104980469,6.131669998168945,Europe/Paris
1427,Épinal-Mirecourt Airport,Epinal,France,EPL,LFSG,48.325001,6.06998,Europe/Paris
1428,Haguenau Airport,Haguenau,France,,LFSH,48.7943000793,7.81760978699,Europe/Paris
1429,Saint-Dizier-Robinson (BA 113) Air Base,St.-dizier,France,,LFSI,48.63600158691406,4.899419784545898,Europe/Paris
1430,Montbéliard-Courcelles Airfield,Montbeliard,France,,LFSM,47.487,6.79054,Europe/Paris
1431,Nancy-Essey Airport,Nancy,France,ENC,LFSN,48.692100524902344,6.230460166931152,Europe/Paris
1432,Nancy-Ochey (BA 133) Air Base,Nancy,France,,LFSO,48.583099365234375,5.954999923706055,Europe/Paris
1433,Pontarlier Airport,Pontarlier,France,,LFSP,46.90399932861328,6.3273701667785645,Europe/Paris
1434,Reims-Champagne (BA 112) Air Base,Reims,France,RHE,LFSR,49.310001,4.05,Europe/Paris
1435,Strasbourg Airport,Strasbourg,France,SXB,LFST,48.538299560546875,7.628230094909668,Europe/Paris
1436,Luxeuil-Saint-Sauveur (BA 116) Air Base,Luxeuil,France,,LFSX,47.7830556,6.36416667,Europe/Paris
1437,Cuers-Pierrefeu Airport,Cuers,France,,LFTF,43.247798919677734,6.126699924468994,Europe/Paris
1438,Toulon-Hyères Airport,Hyeres,France,TLN,LFTH,43.0973014832,6.14602994919,Europe/Paris
1439,Nîmes-Arles-Camargue Airport,Nimes,France,FNI,LFTW,43.75740051269531,4.4163498878479,Europe/Paris
1440,Miquelon Airport,Miquelon,Saint Pierre and Miquelon,MQC,LFVM,47.095500946,-56.3802986145,America/Miquelon
1441,St Pierre Airport,St.-pierre,Saint Pierre and Miquelon,FSP,LFVP,46.762901306152344,-56.173099517822266,America/Miquelon
1442,Ambérieu Air Base (BA 278),Amberieu,France,,LFXA,45.987301,5.32844,Europe/Paris
1443,Damblain Airport,Damblain,France,,LFYD,48.086299896240234,5.664060115814209,Europe/Paris
1444,Andravida Air Base,Andravida,Greece,PYR,LGAD,37.9207,21.292601,Europe/Athens
1445,Agrinion Air Base,Agrinion,Greece,AGQ,LGAG,38.602001,21.3512001,Europe/Athens
1446,Dimokritos Airport,Alexandroupolis,Greece,AXD,LGAL,40.855899810791016,25.956300735473633,Europe/Athens
1447,Alexandria Airport,Alexandria,Greece,,LGAX,40.651100158691406,22.48870086669922,Europe/Athens
1448,Nea Anchialos Airport,Nea Anghialos,Greece,VOL,LGBL,39.219600677490234,22.794300079345703,Europe/Athens
1449,Elefsis Airport,Elefsis,Greece,,LGEL,38.06380081176758,23.555999755859375,Europe/Athens
1450,Chios Island National Airport,Chios,Greece,JKH,LGHI,38.34320068359375,26.140600204467773,Europe/Athens
1451,Ioannina Airport,Ioannina,Greece,IOA,LGIO,39.6963996887207,20.822500228881836,Europe/Athens
1452,Heraklion International Nikos Kazantzakis Airport,Heraklion,Greece,HER,LGIR,35.3396987915,25.180299758900002,Europe/Athens
1453,Kastoria National Airport,Kastoria,Greece,KSO,LGKA,40.4463005066,21.2821998596,Europe/Athens
1454,Kithira Airport,Kithira,Greece,KIT,LGKC,36.2742996216,23.0170001984,Europe/Athens
1455,Kefallinia Airport,Keffallinia,Greece,EFL,LGKF,38.12009811401367,20.500499725341797,Europe/Athens
1456,Kalamata Airport,Kalamata,Greece,KLX,LGKL,37.06829833984375,22.02549934387207,Europe/Athens
1457,Amigdhaleon Airport,Kavala,Greece,,LGKM,40.972801208496094,24.341400146484375,Europe/Athens
1458,Kos Airport,Kos,Greece,KGS,LGKO,36.79330062866211,27.091699600219727,Europe/Athens
1459,Karpathos Airport,Karpathos,Greece,AOK,LGKP,35.4213981628418,27.145999908447266,Europe/Athens
1460,Ioannis Kapodistrias International Airport,Kerkyra/corfu,Greece,CFU,LGKR,39.601898193359375,19.911699295043945,Europe/Athens
1461,Kasos Airport,Kasos,Greece,KSJ,LGKS,35.4213981628,26.909999847399998,Europe/Athens
1462,Alexander the Great International Airport,Kavala,Greece,KVA,LGKV,40.913299560546875,24.619199752807617,Europe/Athens
1463,Filippos Airport,Kozani,Greece,KZI,LGKZ,40.28609848022461,21.84079933166504,Europe/Athens
1464,Leros Airport,Leros,Greece,LRS,LGLE,37.184898,26.800301,Europe/Athens
1465,Limnos Airport,Limnos,Greece,LXS,LGLM,39.917098999,25.236299514799995,Europe/Athens
1466,Larisa Airport,Larissa,Greece,LRA,LGLR,39.650253,22.4655,Europe/Athens
1467,Megara Airport,Megara,Greece,,LGMG,37.98109817504883,23.365400314331055,Europe/Athens
1468,Mikonos Airport,Mykonos,Greece,JMK,LGMK,37.43510055541992,25.348100662231445,Europe/Athens
1469,Mytilene International Airport,Mytilini,Greece,MJT,LGMT,39.0567016602,26.5983009338,Europe/Athens
1470,Aktion National Airport,Preveza,Greece,PVK,LGPZ,38.925498962402344,20.765300750732422,Europe/Athens
1471,Maritsa Airport,Rhodos,Greece,,LGRD,36.38309860229492,28.10890007019043,Europe/Athens
1472,Diagoras Airport,Rhodos,Greece,RHO,LGRP,36.405399322509766,28.086200714111328,Europe/Athens
1473,Araxos Airport,Patras,Greece,GPA,LGRX,38.1511,21.4256,Europe/Athens
1474,Chania International Airport,Chania,Greece,CHQ,LGSA,35.531700134277344,24.149700164794922,Europe/Athens
1475,Skiathos Island National Airport,Skiathos,Greece,JSI,LGSK,39.177101135253906,23.503700256347656,Europe/Athens
1476,Samos Airport,Samos,Greece,SMI,LGSM,37.689998626708984,26.911699295043945,Europe/Athens
1478,Sparti Airport,Sparti,Greece,SPJ,LGSP,36.973899841308594,22.52630043029785,Europe/Athens
1479,Santorini Airport,Thira,Greece,JTR,LGSR,36.399200439453125,25.479299545288086,Europe/Athens
1480,Sitia Airport,Sitia,Greece,JSH,LGST,35.21609878540039,26.101299285888672,Europe/Athens
1481,Stefanovikion Air Base,Stefanovikion,Greece,,LGSV,39.48,22.7672,Europe/Athens
1482,Skiros Airport,Skiros,Greece,SKU,LGSY,38.9676017761,24.4871997833,Europe/Athens
1483,Tanagra Air Base,Tanagra,Greece,,LGTG,38.339802,23.565001,Europe/Athens
1484,Kasteli Airport,Kasteli,Greece,,LGTL,35.192001,25.327,Europe/Athens
1485,Tripolis Airport,Tripolis,Greece,,LGTP,37.530601501464844,22.403600692749023,Europe/Athens
1486,Thessaloniki Macedonia International Airport,Thessaloniki,Greece,SKG,LGTS,40.51969909667969,22.97089958190918,Europe/Athens
1487,Tatoi Airport,Dekelia,Greece,,LGTT,38.1088981628418,23.78380012512207,Europe/Athens
1488,"Zakynthos International Airport ""Dionysios Solomos""",Zakynthos,Greece,ZTH,LGZA,37.7509,20.8843,Europe/Athens
1489,Budapest Liszt Ferenc International Airport,Budapest,Hungary,BUD,LHBP,47.42976,19.261093,Europe/Budapest
1490,Debrecen International Airport,Debrecen,Hungary,DEB,LHDC,47.48889923095703,21.615299224853516,Europe/Budapest
1491,Kecskemét Airport,Kecskemet,Hungary,,LHKE,46.91749954223633,19.74920082092285,Europe/Budapest
1492,Nyíregyháza Airport,Nyirregyhaza,Hungary,,LHNY,47.9838981628418,21.69230079650879,Europe/Budapest
1493,Őcsény Airport,Ocseny,Hungary,,LHOY,46.30390167236328,18.76919937133789,Europe/Budapest
1496,Szentkirályszabadja Airport,Azentkilyszabadja,Hungary,,LHSA,47.07789993286133,17.968399047851562,Europe/Budapest
1498,Szolnok Air Base,Szolnok,Hungary,,LHSN,47.122897,20.2355,Europe/Budapest
1499,Amendola Air Base,Amendola,Italy,,LIBA,41.541401,15.7181,Europe/Rome
1500,Crotone Airport,Crotone,Italy,CRV,LIBC,38.9972,17.0802,Europe/Rome
1501,Bari Karol Wojtyła Airport,Bari,Italy,BRI,LIBD,41.138901,16.760599,Europe/Rome
1502,"Foggia ""Gino Lisa"" Airport",Foggia,Italy,FOG,LIBF,41.432899,15.535,Europe/Rome
1503,"Taranto-Grottaglie ""Marcello Arlotta"" Airport",Grottaglie,Italy,TAR,LIBG,40.517502,17.4032,Europe/Rome
1504,Lecce Galatina Air Base,Lecce,Italy,LCC,LIBN,40.239201,18.133301,Europe/Rome
1505,Pescara International Airport,Pescara,Italy,PSR,LIBP,42.431702,14.1811,Europe/Rome
1506,Brindisi – Salento Airport,Brindisi,Italy,BDS,LIBR,40.6576,17.947001,Europe/Rome
1507,Gioia Del Colle Air Base,Gioia Del Colle,Italy,,LIBV,40.767799,16.9333,Europe/Rome
1508,Lamezia Terme Airport,Lamezia,Italy,SUF,LICA,38.905399,16.2423,Europe/Rome
1509,Catania-Fontanarossa Airport,Catania,Italy,CTA,LICC,37.466801,15.0664,Europe/Rome
1510,Lampedusa Airport,Lampedusa,Italy,LMP,LICD,35.497898,12.6181,Europe/Rome
1511,Pantelleria Airport,Pantelleria,Italy,PNL,LICG,36.816502,11.9689,Europe/Rome
1512,Falcone–Borsellino Airport,Palermo,Italy,PMO,LICJ,38.175999,13.091,Europe/Rome
1513,Palermo-Boccadifalco Airport,Palermo,Italy,,LICP,38.110802,13.3133,Europe/Rome
1514,Reggio Calabria Airport,Reggio Calabria,Italy,REG,LICR,38.071201,15.6516,Europe/Rome
1515,Vincenzo Florio Airport Trapani-Birgi,Trapani,Italy,TPS,LICT,37.9114,12.488,Europe/Rome
1516,Sigonella Navy Air Base,Sigonella,Italy,NSY,LICZ,37.401699,14.9224,Europe/Rome
1517,Alghero-Fertilia Airport,Alghero,Italy,AHO,LIEA,40.632099,8.29077,Europe/Rome
1518,Decimomannu Air Base,Decimomannu,Italy,DCI,LIED,39.354198,8.97248,Europe/Rome
1519,Cagliari Elmas Airport,Cagliari,Italy,CAG,LIEE,39.251499,9.05428,Europe/Rome
1520,Olbia Costa Smeralda Airport,Olbia,Italy,OLB,LIEO,40.898701,9.51763,Europe/Rome
1521,Tortolì Airport,Tortoli,Italy,TTB,LIET,39.9188,9.68298,Europe/Rome
1522,Torino-Aeritalia Airport,Turin,Italy,,LIMA,45.086399,7.60337,Europe/Rome
1523,Milano-Bresso Airfield,Milano,Italy,,LIMB,45.542198,9.20333,Europe/Rome
1524,Malpensa International Airport,Milano,Italy,MXP,LIMC,45.6306,8.72811,Europe/Rome
1525,Il Caravaggio International Airport,Bergamo,Italy,BGY,LIME,45.673901,9.70417,Europe/Rome
1526,Turin Airport,Torino,Italy,TRN,LIMF,45.200802,7.64963,Europe/Rome
1527,Villanova D'Albenga International Airport,Albenga,Italy,ALL,LIMG,44.050598,8.12743,Europe/Rome
1528,Genoa Cristoforo Colombo Airport,Genoa,Italy,GOA,LIMJ,44.4133,8.8375,Europe/Rome
1529,Milano Linate Airport,Milan,Italy,LIN,LIML,45.445099,9.27674,Europe/Rome
1530,Cameri Air Base [MIL],Cameri,Italy,,LIMN,45.529598,8.66922,Europe/Rome
1531,Parma Airport,Parma,Italy,PMF,LIMP,44.824501,10.2964,Europe/Rome
1532,Piacenza San Damiano Air Base,Piacenza,Italy,,LIMS,44.913102,9.723322,Europe/Rome
1534,Cuneo International Airport,Cuneo,Italy,CUF,LIMZ,44.547001,7.62322,Europe/Rome
1535,Aviano Air Base,Aviano,Italy,AVB,LIPA,46.031898,12.596503,Europe/Rome
1536,Bolzano Airport,Bolzano,Italy,BZO,LIPB,46.460201,11.3264,Europe/Rome
1537,Cervia Air Base,Cervia,Italy,,LIPC,44.224201,12.3072,Europe/Rome
1538,Bologna Guglielmo Marconi Airport,Bologna,Italy,BLQ,LIPE,44.5354,11.2887,Europe/Rome
1539,Treviso-Sant'Angelo Airport,Treviso,Italy,TSF,LIPH,45.648399,12.1944,Europe/Rome
1540,Rivolto Air Base,Rivolto,Italy,,LIPI,45.978699,13.0493,Europe/Rome
1541,Forlì Airport,Forli,Italy,FRL,LIPK,44.194801,12.0701,Europe/Rome
1542,Ghedi Air Base,Ghedi,Italy,,LIPL,45.432201,10.2677,Europe/Rome
1543,Verona-Boscomantico Airport,Verona,Italy,,LIPN,45.472,10.9279,Europe/Rome
1544,Brescia Airport,Brescia,Italy,VBS,LIPO,45.428902,10.3306,Europe/Rome
1545,Trieste–Friuli Venezia Giulia Airport,Ronchi De Legionari,Italy,TRS,LIPQ,45.827499,13.4722,Europe/Rome
1546,Federico Fellini International Airport,Rimini,Italy,RMI,LIPR,44.020302,12.6117,Europe/Rome
1547,Istrana Air Base,Treviso,Italy,,LIPS,45.684898,12.0829,Europe/Rome
1548,Vicenza Airport,Vicenza,Italy,VIC,LIPT,45.573399,11.5295,Europe/Rome
1549,Padova Airport,Padova,Italy,QPA,LIPU,45.395802,11.8479,Europe/Rome
1550,Verona Villafranca Airport,Villafranca,Italy,VRN,LIPX,45.395699,10.8885,Europe/Rome
1551,Venice Marco Polo Airport,Venice,Italy,VCE,LIPZ,45.505299,12.3519,Europe/Rome
1552,Siena-Ampugnano Airport,Siena,Italy,SAY,LIQS,43.256302,11.255,Europe/Rome
1553,Ciampino–G. B. Pastine International Airport,Rome,Italy,CIA,LIRA,41.7994,12.5949,Europe/Rome
1554,Pratica Di Mare Air Base,Pratica Di Mare,Italy,,LIRE,41.654499,12.4452,Europe/Rome
1555,Leonardo da Vinci–Fiumicino Airport,Rome,Italy,FCO,LIRF,41.8002778,12.2388889,Europe/Rome
1556,Guidonia Air Base,Guidonia,Italy,,LIRG,41.990299,12.7408,Europe/Rome
1558,Marina Di Campo Airport,Marina Di Campo,Italy,EBA,LIRJ,42.7603,10.2394,Europe/Rome
1559,Latina Air Base,Latina,Italy,QLT,LIRL,41.5424,12.909,Europe/Rome
1560,Grazzanise Air Base,Grazzanise,Italy,,LIRM,41.060799,14.0819,Europe/Rome
1561,Naples International Airport,Naples,Italy,NAP,LIRN,40.886002,14.2908,Europe/Rome
1562,Pisa International Airport,Pisa,Italy,PSA,LIRP,43.683899,10.3927,Europe/Rome
1563,Peretola Airport,Florence,Italy,FLR,LIRQ,43.810001,11.2051,Europe/Rome
1564,Grosseto Air Base,Grosseto,Italy,GRS,LIRS,42.759701,11.0719,Europe/Rome
1565,Urbe Airport,Rome,Italy,,LIRU,41.9519,12.4989,Europe/Rome
1566,Viterbo Airport,Viterbo,Italy,,LIRV,42.430199,12.0642,Europe/Rome
1567,Perugia San Francesco d'Assisi – Umbria International Airport,Perugia,Italy,PEG,LIRZ,43.095901,12.5132,Europe/Rome
1568,Cerklje Airport,Cerklje,Slovenia,,LJCE,45.900001525879,15.530200004578,Europe/Ljubljana
1569,Ljubljana Jože Pučnik Airport,Ljubljana,Slovenia,LJU,LJLJ,46.223701,14.4576,Europe/Ljubljana
1570,Maribor Airport,Maribor,Slovenia,MBX,LJMB,46.47990036010742,15.686100006103516,Europe/Ljubljana
1571,Portoroz Airport,Portoroz,Slovenia,POW,LJPZ,45.4734001159668,13.614999771118164,Europe/Ljubljana
1572,Slovenj Gradec Airport,Slovenj Gradec,Slovenia,,LJSG,46.47200012207031,15.116999626159668,Europe/Ljubljana
1573,České Budějovice Airport,Ceske Budejovice,Czech Republic,,LKCS,48.9463996887207,14.427499771118164,Europe/Prague
1574,Čáslav Air Base,Caslav,Czech Republic,,LKCV,49.939701080322266,15.381799697875977,Europe/Prague
1575,Hradec Králové Airport,Hradec Kralove,Czech Republic,,LKHK,50.253201,15.8452,Europe/Prague
1576,Hořovice Airport,Horovice,Czech Republic,,LKHV,49.84809875488281,13.893500328063965,Europe/Prague
1577,Kbely Air Base,Praha,Czech Republic,,LKKB,50.12139892578125,14.543600082397461,Europe/Prague
1578,Kunovice Airport,Kunovice,Czech Republic,UHE,LKKU,49.02939987182617,17.439699172973633,Europe/Prague
1579,Karlovy Vary International Airport,Karlovy Vary,Czech Republic,KLV,LKKV,50.202999114990234,12.914999961853027,Europe/Prague
1580,Plzeň-Líně Airport,Line,Czech Republic,,LKLN,49.675201416016,13.274600028992,Europe/Prague
1581,Mnichovo Hradiště Airport,Mnichovo Hradiste,Czech Republic,,LKMH,50.540199279785156,15.006600379943848,Europe/Prague
1582,Ostrava Leos Janáček Airport,Ostrava,Czech Republic,OSR,LKMT,49.6963005065918,18.111099243164062,Europe/Prague
1583,Náměšť Air Base,Namest,Czech Republic,,LKNA,49.16579818725586,16.124900817871094,Europe/Prague
1584,Pardubice Airport,Pardubice,Czech Republic,PED,LKPD,50.01340103149414,15.73859977722168,Europe/Prague
1585,Pribram Airport,Pribram,Czech Republic,,LKPM,49.7201,14.1006,Europe/Prague
1586,Přerov Air Base,Prerov,Czech Republic,PRV,LKPO,49.42580032348633,17.404699325561523,Europe/Prague
1587,Václav Havel Airport Prague,Prague,Czech Republic,PRG,LKPR,50.1008,14.26,Europe/Prague
1588,Brno-Tuřany Airport,Brno,Czech Republic,BRQ,LKTB,49.15129852294922,16.694400787353516,Europe/Prague
1589,Vodochody Airport,Vodochody,Czech Republic,VOD,LKVO,50.216599,14.3958,Europe/Prague
1590,Ben Gurion International Airport,Tel-aviv,Israel,TLV,LLBG,32.01139831542969,34.88669967651367,Asia/Jerusalem
1591,Beersheba (Teyman) Airport,Beer-sheba,Israel,BEV,LLBS,31.287000656128,34.722999572754,Asia/Jerusalem
1592,Tel Nof Air Base,Tel-nof,Israel,,LLEK,31.8395004272,34.8218002319,Asia/Jerusalem
1593,Ein Shemer Airfield,Eyn-shemer,Israel,,LLES,32.440799713134766,35.0077018737793,Asia/Jerusalem
1594,Eilat Airport,Elat,Israel,ETH,LLET,29.56130027770996,34.96009826660156,Asia/Jerusalem
1595,Ein Yahav Airfield,Eyn-yahav,Israel,EIY,LLEY,30.621700286865234,35.20330047607422,Asia/Jerusalem
1596,Haifa International Airport,Haifa,Israel,HFA,LLHA,32.80939865112305,35.04309844970703,Asia/Jerusalem
1597,Hatzor Air Base,Haztor,Israel,,LLHS,31.7625007629,34.727199554399995,Asia/Jerusalem
1598,Ben Ya'akov Airport,Rosh Pina,Israel,RPN,LLIB,32.98099899291992,35.5718994140625,Asia/Jerusalem
1599,Megiddo Airport,Megido Airstrip,Israel,,LLMG,32.5973014831543,35.22880172729492,Asia/Jerusalem
1600,Bar Yehuda Airfield,Metzada,Israel,MTZ,LLMZ,31.32819938659668,35.38859939575195,Asia/Jerusalem
1601,Nevatim Air Base,Nevatim,Israel,VTM,LLNV,31.208299636799996,35.012298584,Asia/Jerusalem
1602,Ovda International Airport,Ovda,Israel,VDA,LLOV,29.94029998779297,34.93579864501953,Asia/Jerusalem
1603,Ramat David Air Base,Ramat David,Israel,,LLRD,32.66510009765625,35.179500579833984,Asia/Jerusalem
1604,Ramon Air Base,Ramon,Israel,MIP,LLRM,30.776100158691406,34.66669845581055,Asia/Jerusalem
1605,Sde Dov Airport,Tel-aviv,Israel,SDV,LLSD,32.11470031738281,34.78219985961914,Asia/Jerusalem
1606,Malta International Airport,Malta,Malta,MLA,LMML,35.857498,14.4775,Europe/Malta
1607,Wiener Neustadt East Airport,Wiener Neustadt Ost,Austria,,LOAN,47.843299865722656,16.260099411010742,Europe/Vienna
1608,Wels Airport,Wels,Austria,,LOLW,48.18330001831055,14.040900230407715,Europe/Vienna
1609,Graz Airport,Graz,Austria,GRZ,LOWG,46.9911003112793,15.439599990844727,Europe/Vienna
1610,Innsbruck Airport,Innsbruck,Austria,INN,LOWI,47.260201,11.344,Europe/Vienna
1611,Linz Hörsching Airport,Linz,Austria,LNZ,LOWL,48.2332,14.1875,Europe/Vienna
1612,Salzburg Airport,Salzburg,Austria,SZG,LOWS,47.793300628699996,13.0043001175,Europe/Vienna
1613,Vienna International Airport,Vienna,Austria,VIE,LOWW,48.110298156738,16.569700241089,Europe/Vienna
1615,Hinterstoisser Air Base,Zeltweg,Austria,,LOXZ,47.202801,14.7442,Europe/Vienna
1616,Alverca Air Base,Alverca,Portugal,AVR,LPAR,38.883301,-9.0301,Europe/Lisbon
1617,Santa Maria Airport,Santa Maria (island),Portugal,SMA,LPAZ,36.97140121459961,-25.17060089111328,Atlantic/Azores
1618,Bragança Airport,Braganca,Portugal,BGC,LPBG,41.8578,-6.70713,Europe/Lisbon
1619,Beja Airport / Airbase,Beja (madeira),Portugal,BYJ,LPBJ,38.078899,-7.9324,Europe/Lisbon
1620,Braga Municipal Aerodrome,Braga,Portugal,BGZ,LPBR,41.5871009827,-8.445139884949999,Europe/Lisbon
1621,Aerodromo Municipal de Coimbra,Coimba,Portugal,,LPCO,40.158758,-8.470815,Europe/Lisbon
1622,Cascais Airport,Cascais,Portugal,CAT,LPCS,38.724998,-9.35523,Europe/Lisbon
1623,Coimbra Hospital Covões Heliport,Covilha,Portugal,,LPCV,40.194812,-8.460207,Europe/Lisbon
1624,Évora Airport,Evora,Portugal,,LPEV,38.533501,-7.88964,Europe/Lisbon
1625,Flores Airport,Flores,Portugal,FLW,LPFL,39.455299377441406,-31.131399154663086,Atlantic/Azores
1626,Faro Airport,Faro,Portugal,FAO,LPFR,37.0144004822,-7.96590995789,Europe/Lisbon
1627,Graciosa Airport,Graciosa Island,Portugal,GRW,LPGR,39.092201232910156,-28.029800415039062,Atlantic/Azores
1628,Horta Airport,Horta,Portugal,HOR,LPHR,38.519901275634766,-28.715900421142578,Atlantic/Azores
1629,Lajes Airport,Lajes (terceira Island),Portugal,TER,LPLA,38.761799,-27.090799,Atlantic/Azores
1630,Monte Real Air Base,Monte Real,Portugal,QLR,LPMR,39.828335,-8.8875,Europe/Lisbon
1631,Montijo Air Base,Montijo,Portugal,,LPMT,38.703899,-9.03592,Europe/Lisbon
1632,Ovar Air Base,Ovar,Portugal,,LPOV,40.915901,-8.64592,Europe/Lisbon
1633,João Paulo II Airport,Ponta Delgada,Portugal,PDL,LPPD,37.7411994934,-25.6979007721,Atlantic/Azores
1634,Pico Airport,Pico,Portugal,PIX,LPPI,38.554298,-28.441299,Atlantic/Azores
1635,Portimão Airport,Portimao,Portugal,PRM,LPPM,37.1493,-8.58396,Europe/Lisbon
1636,Francisco de Sá Carneiro Airport,Porto,Portugal,OPO,LPPR,41.2481002808,-8.68138980865,Europe/Lisbon
1637,Porto Santo Airport,Porto Santo,Portugal,PXO,LPPS,33.0733985901,-16.3500003815,Europe/Lisbon
1638,Humberto Delgado Airport (Lisbon Portela Airport),Lisbon,Portugal,LIS,LPPT,38.7813,-9.13592,Europe/Lisbon
1639,São Jorge Airport,Sao Jorge Island,Portugal,SJZ,LPSJ,38.66550064086914,-28.175800323486328,Atlantic/Azores
1640,Sintra Air Base,Sintra,Portugal,,LPST,38.8311,-9.33955,Europe/Lisbon
1641,Tancos Airbase,Tancos,Portugal,,LPTN,39.475101,-8.36458,Europe/Lisbon
1642,Vila Real Airport,Vila Real,Portugal,VRL,LPVR,41.2743,-7.72047,Europe/Lisbon
1643,Aerodromo Goncalves Lobato (Viseu Airport),Viseu,Portugal,VSE,LPVZ,40.725498,-7.88899,Europe/Lisbon
1645,Mostar International Airport,Mostar,Bosnia and Herzegovina,OMO,LQMO,43.282901763916016,17.84589958190918,Europe/Sarajevo
1646,Sarajevo International Airport,Sarajevo,Bosnia and Herzegovina,SJJ,LQSA,43.82460021972656,18.331499099731445,Europe/Sarajevo
1647,Arad International Airport,Arad,Romania,ARW,LRAR,46.17660140991211,21.261999130249023,Europe/Bucharest
1648,Bacău Airport,Bacau,Romania,BCM,LRBC,46.52190017700195,26.91029930114746,Europe/Bucharest
1649,Tautii Magheraus Airport,Baia Mare,Romania,BAY,LRBM,47.65840148925781,23.469999313354492,Europe/Bucharest
1650,Băneasa International Airport,Bucharest,Romania,BBU,LRBS,44.50320053100586,26.102100372314453,Europe/Bucharest
1651,Mihail Kogălniceanu International Airport,Constanta,Romania,CND,LRCK,44.36220169067383,28.488300323486328,Europe/Bucharest
1652,Cluj-Napoca International Airport,Cluj-napoca,Romania,CLJ,LRCL,46.78519821166992,23.686199188232422,Europe/Bucharest
1653,Caransebeş Airport,Caransebes,Romania,CSB,LRCS,45.41999816894531,22.253299713134766,Europe/Bucharest
1654,Craiova Airport,Craiova,Romania,CRA,LRCV,44.31809997558594,23.888599395751953,Europe/Bucharest
1655,Iaşi Airport,Iasi,Romania,IAS,LRIA,47.17850112915039,27.6205997467041,Europe/Bucharest
1656,Oradea International Airport,Oradea,Romania,OMR,LROD,47.025299072265625,21.90250015258789,Europe/Bucharest
1657,Henri Coandă International Airport,Bucharest,Romania,OTP,LROP,44.5711111,26.085,Europe/Bucharest
1658,Sibiu International Airport,Sibiu,Romania,SBZ,LRSB,45.78559875488281,24.091299057006836,Europe/Bucharest
1659,Satu Mare Airport,Satu Mare,Romania,SUJ,LRSM,47.70330047607422,22.885700225830078,Europe/Bucharest
1660,Suceava Stefan cel Mare Airport,Suceava,Romania,SCV,LRSV,47.6875,26.35409927368164,Europe/Bucharest
1661,Tulcea Airport,Tulcea,Romania,TCE,LRTC,45.0625,28.71430015563965,Europe/Bucharest
1662,Transilvania Târgu Mureş International Airport,Tirgu Mures,Romania,TGM,LRTM,46.46770095825195,24.412500381469727,Europe/Bucharest
1663,Timişoara Traian Vuia Airport,Timisoara,Romania,TSR,LRTR,45.809898376464844,21.337900161743164,Europe/Bucharest
1664,Les Eplatures Airport,Les Eplatures,Switzerland,,LSGC,47.083900451699996,6.792840003970001,Europe/Zurich
1665,Geneva Cointrin International Airport,Geneva,Switzerland,GVA,LSGG,46.23809814453125,6.108950138092041,Europe/Paris
1666,Saanen Airport,Saanen,Switzerland,,LSGK,46.4874992371,7.25083017349,Europe/Zurich
1667,Sion Airport,Sion,Switzerland,SIR,LSGS,46.219600677500004,7.326759815220001,Europe/Zurich
1668,Alpnach Air Base,Alpnach,Switzerland,,LSMA,46.943901,8.28417,Europe/Zurich
1669,Dübendorf Air Base,Dubendorf,Switzerland,,LSMD,47.398601532,8.648229599,Europe/Zurich
1670,Emmen Air Base,Emmen,Switzerland,EML,LSME,47.092444,8.305184,Europe/Zurich
1671,Mollis Airport,Mollis,Switzerland,,LSMF,47.07889938354492,9.06482982635498,Europe/Zurich
1672,Meiringen Airport,Meiringen,Switzerland,,LSMM,46.74330139160156,8.109999656677246,Europe/Zurich
1673,Payerne Air Base,Payerne,Switzerland,,LSMP,46.8432,6.91506004333,Europe/Zurich
1675,Lugano Airport,Lugano,Switzerland,LUG,LSZA,46.00429916379999,8.9105796814,Europe/Zurich
1676,Bern Belp Airport,Bern,Switzerland,BRN,LSZB,46.914100647,7.497149944309999,Europe/Zurich
1677,Grenchen Airport,Grenchen,Switzerland,ZHI,LSZG,47.181599,7.41719,Europe/Zurich
1678,Zürich Airport,Zurich,Switzerland,ZRH,LSZH,47.464699,8.54917,Europe/Zurich
1679,St Gallen Altenrhein Airport,Altenrhein,Switzerland,ACH,LSZR,47.4850006104,9.560770034789998,Europe/Zurich
1680,Samedan Airport,Samedan,Switzerland,SMV,LSZS,46.53409957885742,9.884110450744629,Europe/Zurich
1681,Güvercinlik Airport,Ankara,Turkey,,LTAB,39.9350013733,32.7407989502,Europe/Istanbul
1682,Esenboğa International Airport,Ankara,Turkey,ESB,LTAC,40.128101348899996,32.995098114,Europe/Istanbul
1683,Etimesgut Air Base,Ankara,Turkey,ANK,LTAD,39.949798584,32.6885986328,Europe/Istanbul
1684,Akıncı Air Base,Ankara,Turkey,,LTAE,40.078899383499994,32.5656013489,Europe/Istanbul
1685,Adana Airport,Adana,Turkey,ADA,LTAF,36.9822006226,35.280399322499996,Europe/Istanbul
1686,İncirlik Air Base,Adana,Turkey,UAB,LTAG,37.002101898199996,35.4258995056,Europe/Istanbul
1687,Afyon Airport,Afyon,Turkey,AFY,LTAH,38.726398468,30.6011009216,Europe/Istanbul
1688,Antalya International Airport,Antalya,Turkey,AYT,LTAI,36.898701,30.800501,Europe/Istanbul
1689,Gaziantep International Airport,Gaziantep,Turkey,GZT,LTAJ,36.9472007751,37.4786987305,Europe/Istanbul
1690,İskenderun Airport,Iskenderun,Turkey,,LTAK,36.5744552612,36.1534194946,Europe/Istanbul
1691,Konya Airport,Konya,Turkey,KYA,LTAN,37.979,32.561901,Europe/Istanbul
1692,Malatya Tulga Airport,Malatya,Turkey,,LTAO,38.353699,38.253899,Europe/Istanbul
1693,Amasya Merzifon Airport,Merzifon,Turkey,MZH,LTAP,40.829399,35.521999,Europe/Istanbul
1694,Sivas Nuri Demirağ Airport,Sivas,Turkey,VAS,LTAR,39.813801,36.9035,Europe/Istanbul
1695,Malatya Erhaç Airport,Malatya,Turkey,MLX,LTAT,38.435298919699996,38.0909996033,Europe/Istanbul
1696,Kayseri Erkilet Airport,Kayseri,Turkey,ASR,LTAU,38.770401001,35.4953994751,Europe/Istanbul
1697,Sivrihisar Airport,Sivrihisar,Turkey,,LTAV,39.451499938964844,31.365299224853516,Europe/Istanbul
1698,Tokat Airport,Tokat,Turkey,TJK,LTAW,40.307430267333984,36.367408752441406,Europe/Istanbul
1699,Çardak Airport,Denizli,Turkey,DNZ,LTAY,37.7855987549,29.7012996674,Europe/Istanbul
1701,Atatürk International Airport,Istanbul,Turkey,ISL,LTBA,40.976898,28.8146,Europe/Istanbul
1702,Balıkesir Merkez Airport,Balikesir,Turkey,BZI,LTBF,39.619300842285156,27.926000595092773,Europe/Istanbul
1703,Bandırma Airport,Bandirma,Turkey,BDM,LTBG,40.31800079345703,27.977699279785156,Europe/Istanbul
1705,Eskişehir Air Base,Eskisehir,Turkey,ESK,LTBI,39.7840995789,30.582099914599997,Europe/Istanbul
1706,Adnan Menderes International Airport,Izmir,Turkey,ADB,LTBJ,38.2924003601,27.156999588,Europe/Istanbul
1707,Gaziemir Airport,Izmir,Turkey,,LTBK,38.31909942626953,27.159400939941406,Europe/Istanbul
1708,Çiğli Airport,Izmir,Turkey,IGL,LTBL,38.513000488299994,27.010099411,Europe/Istanbul
1709,Isparta Airport,Isparta,Turkey,,LTBM,37.78512191772461,30.59001922607422,Europe/Istanbul
1710,Kütahya Airport,Kutahya,Turkey,,LTBN,39.426700592041016,30.01689910888672,Europe/Istanbul
1712,Yalova Airport,Yalova,Turkey,,LTBP,40.68439865112305,29.375699996948242,Europe/Istanbul
1713,Cengiz Topel Airport,Topel,Turkey,KCO,LTBQ,40.73500061035156,30.08329963684082,Europe/Istanbul
1715,Dalaman International Airport,Dalaman,Turkey,DLM,LTBS,36.7131004333,28.7924995422,Europe/Istanbul
1716,Akhisar Airport,Akhisar,Turkey,,LTBT,38.80889892578125,27.833900451660156,Europe/Istanbul
1718,Imsık Airport,Bodrum,Turkey,BXN,LTBV,37.140098571777344,27.669700622558594,Europe/Istanbul
1719,Samandıra Air Base,Istanbul,Turkey,,LTBX,40.99300003051758,29.21649932861328,Europe/Istanbul
1721,Elazığ Airport,Elazig,Turkey,EZS,LTCA,38.6068992615,39.2914009094,Europe/Istanbul
1722,Diyarbakir Airport,Diyabakir,Turkey,DIY,LTCC,37.893901825,40.201000213600004,Europe/Istanbul
1723,Erzincan Airport,Erzincan,Turkey,ERC,LTCD,39.7102012634,39.527000427199994,Europe/Istanbul
1724,Erzurum International Airport,Erzurum,Turkey,ERZ,LTCE,39.9565010071,41.17020034789999,Europe/Istanbul
1726,Trabzon International Airport,Trabzon,Turkey,TZX,LTCG,40.99509811401367,39.78969955444336,Europe/Istanbul
1728,Van Ferit Melen Airport,Van,Turkey,VAN,LTCI,38.46820068359375,43.332298278808594,Europe/Istanbul
1729,Batman Airport,Batman,Turkey,BAL,LTCJ,37.929000854499996,41.1166000366,Europe/Istanbul
1731,Siirt Airport,Siirt,Turkey,SXZ,LTCL,37.97890090942383,41.84040069580078,Europe/Istanbul
1732,Kaklıç Airport,Izmir,Turkey,,LTFA,38.517601013183594,26.977399826049805,Europe/Istanbul
1733,Selçuk Efes Airport,Izmir,Turkey,,LTFB,37.95069885253906,27.32900047302246,Europe/Istanbul
1734,Bălți International Airport,Saltsy,Moldova,BZY,LUBL,47.843056,27.777222,Europe/Chisinau
1735,Chişinău International Airport,Chisinau,Moldova,KIV,LUKK,46.92770004272461,28.930999755859375,Europe/Chisinau
1736,Ohrid St. Paul the Apostle Airport,Ohrid,Macedonia,OHD,LWOH,41.18,20.7423,Europe/Skopje
1737,Skopje Alexander the Great Airport,Skopje,Macedonia,SKP,LWSK,41.961601,21.621401,Europe/Skopje
1738,Gibraltar Airport,Gibraltar,Gibraltar,GIB,LXGB,36.1511993408,-5.3496599197400005,Europe/Gibraltar
1739,Belgrade Nikola Tesla Airport,Belgrade,Serbia,BEG,LYBE,44.8184013367,20.3090991974,Europe/Belgrade
1740,Nis Airport,Nis,Serbia,INI,LYNI,43.337299,21.853701,Europe/Belgrade
1741,Podgorica Airport,Podgorica,Montenegro,TGD,LYPG,42.359402,19.2519,Europe/Podgorica
1742,Priština International Airport,Pristina,Serbia,PRN,BKPR,42.5728,21.035801,Europe/Belgrade
1743,Tivat Airport,Tivat,Montenegro,TIV,LYTV,42.404701232910156,18.72330093383789,Europe/Podgorica
1744,Vršac International Airport,Vrsac,Serbia,,LYVR,45.1469,21.3099,Europe/Belgrade
1745,M. R. Štefánik Airport,Bratislava,Slovakia,BTS,LZIB,48.17020034790039,17.21269989013672,Europe/Bratislava
1746,Košice Airport,Kosice,Slovakia,KSC,LZKZ,48.66310119628906,21.241100311279297,Europe/Bratislava
1747,Kuchyňa Air Base,Malacky,Slovakia,,LZMC,48.402000427246094,17.11840057373047,Europe/Bratislava
1748,Piešťany Airport,Piestany,Slovakia,PZY,LZPP,48.62519836425781,17.828399658203125,Europe/Bratislava
1749,Sliač Airport,Sliac,Slovakia,SLD,LZSL,48.63779830932617,19.13409996032715,Europe/Bratislava
1750,Trenčín Airport,Trencin,Slovakia,,LZTN,48.8650016785,17.9923000336,Europe/Bratislava
1751,Poprad-Tatry Airport,Poprad,Slovakia,TAT,LZTT,49.073600769,20.2411003113,Europe/Bratislava
1753,North Caicos Airport,North Caicos,Turks and Caicos Islands,NCA,MBNC,21.9175,-71.939598,America/Grand_Turk
1754,Providenciales Airport,Providenciales,Turks and Caicos Islands,PLS,MBPV,21.77359962463379,-72.26589965820312,America/Grand_Turk
1755,South Caicos Airport,South Caicos,Turks and Caicos Islands,XSC,MBSC,21.515699386599998,-71.528503418,America/Grand_Turk
1756,Arroyo Barril Airport,Samana,Dominican Republic,,MDAB,19.198600769,-69.42980194089999,America/Santo_Domingo
1757,Maria Montez International Airport,Barahona,Dominican Republic,BRX,MDBH,18.25149917602539,-71.12039947509766,America/Santo_Domingo
1758,Cabo Rojo Airport,Cabo Rojo,Dominican Republic,CBJ,MDCR,17.929000854492188,-71.6447982788086,America/Santo_Domingo
1759,Casa De Campo International Airport,La Romana,Dominican Republic,LRM,MDLR,18.450700759887695,-68.91179656982422,America/Santo_Domingo
1760,Punta Cana International Airport,Punta Cana,Dominican Republic,PUJ,MDPC,18.567399978599997,-68.36340332030001,America/Santo_Domingo
1761,Gregorio Luperon International Airport,Puerto Plata,Dominican Republic,POP,MDPP,19.75790023803711,-70.56999969482422,America/Santo_Domingo
1762,Las Américas International Airport,Santo Domingo,Dominican Republic,SDQ,MDSD,18.42970085144,-69.668899536133,America/Santo_Domingo
1763,San Isidro Air Base,San Isidoro,Dominican Republic,,MDSI,18.503700256347656,-69.76170349121094,America/Santo_Domingo
1764,Cibao International Airport,Santiago,Dominican Republic,STI,MDST,19.406099319458008,-70.60469818115234,America/Santo_Domingo
1765,Bananera Airport,Bananera,Guatemala,,MGBN,15.47350025177002,-88.83719635009766,America/Guatemala
1766,Coban Airport,Coban,Guatemala,CBV,MGCB,15.468999862670898,-90.40670013427734,America/Guatemala
1767,La Aurora Airport,Guatemala City,Guatemala,GUA,MGGT,14.5833,-90.527496,America/Guatemala
1769,Retalhuleu Airport,Retalhuleu,Guatemala,RER,MGRT,14.520999908447266,-91.69730377197266,America/Guatemala
1770,San José Airport,San Jose,Guatemala,GSJ,MGSJ,13.936200141899999,-90.83580017090001,America/Guatemala
1771,Goloson International Airport,La Ceiba,Honduras,LCE,MHLC,15.7425,-86.852997,America/Tegucigalpa
1772,Ramón Villeda Morales International Airport,San Pedro Sula,Honduras,SAP,MHLM,15.4526,-87.923599,America/Tegucigalpa
1773,La Laguna Airport,Guanaja,Honduras,GJA,MHNJ,16.4454,-85.906601,America/Tegucigalpa
1774,Juan Manuel Galvez International Airport,Roatan,Honduras,RTB,MHRO,16.316799,-86.523003,America/Tegucigalpa
1775,Tela Airport,Tela,Honduras,TEA,MHTE,15.7759,-87.4758,America/Tegucigalpa
1776,Toncontín International Airport,Tegucigalpa,Honduras,TGU,MHTG,14.06089973449707,-87.21720123291016,America/Tegucigalpa
1777,Trujillo Airport,Trujillo,Honduras,TJI,MHTJ,15.9268,-85.938202,America/Tegucigalpa
1778,Boscobel Aerodrome,Ocho Rios,Jamaica,OCJ,MKBS,18.404199600219727,-76.96900177001953,America/Jamaica
1779,Norman Manley International Airport,Kingston,Jamaica,KIN,MKJP,17.935699462890625,-76.7874984741211,America/Jamaica
1780,Sangster International Airport,Montego Bay,Jamaica,MBJ,MKJS,18.503700256347656,-77.91339874267578,America/Jamaica
1781,Ken Jones Airport,Port Antonio,Jamaica,POT,MKKJ,18.1987991333,-76.53450012210001,America/Jamaica
1782,Tinson Pen Airport,Kingston,Jamaica,KTP,MKTP,17.98859977722168,-76.82379913330078,America/Jamaica
1783,General Juan N Alvarez International Airport,Acapulco,Mexico,ACA,MMAA,16.757099151611328,-99.75399780273438,America/Mexico_City
1784,Del Norte International Airport,Monterrey,Mexico,NTR,MMAN,25.865601,-100.237,America/Mexico_City
1785,Jesús Terán Paredo International Airport,Aguascalientes,Mexico,AGU,MMAS,21.705601,-102.318001,America/Mexico_City
1786,Bahías de Huatulco International Airport,Huatulco,Mexico,HUX,MMBT,15.7753,-96.262604,America/Mexico_City
1787,General Mariano Matamoros Airport,Cuernavaca,Mexico,CVJ,MMCB,18.834800720214844,-99.26129913330078,America/Mexico_City
1788,Ciudad Acuña New International Airport,Ciudad Acuna,Mexico,ACN,MMCC,29.332899,-101.098998,America/Mexico_City
1789,Ciudad del Carmen International Airport,Ciudad Del Carmen,Mexico,CME,MMCE,18.65369987487793,-91.79900360107422,America/Mexico_City
1790,Nuevo Casas Grandes Airport,Nuevo Casas Grandes,Mexico,NCG,MMCG,30.3974,-107.875,America/Mazatlan
1791,Chilpancingo Airport,Chilpancingo,Mexico,,MMCH,17.574239,-99.515424,America/Mexico_City
1792,Bachigualato Federal International Airport,Culiacan,Mexico,CUL,MMCL,24.7644996643,-107.474998474,America/Mazatlan
1793,Chetumal International Airport,Chetumal,Mexico,CTM,MMCM,18.50469970703125,-88.32679748535156,America/Cancun
1794,Ciudad Obregón International Airport,Ciudad Obregon,Mexico,CEN,MMCN,27.39259910583496,-109.83300018310547,America/Hermosillo
1795,Ingeniero Alberto Acuña Ongay International Airport,Campeche,Mexico,CPE,MMCP,19.816799163800003,-90.5002975464,America/Mexico_City
1796,Abraham González International Airport,Ciudad Juarez,Mexico,CJS,MMCS,31.63610076904297,-106.42900085449219,America/Mazatlan
1797,General Roberto Fierro Villalobos International Airport,Chihuahua,Mexico,CUU,MMCU,28.702899932900003,-105.964996338,America/Mazatlan
1798,General Pedro Jose Mendez International Airport,Ciudad Victoria,Mexico,CVM,MMCV,23.7033004761,-98.9564971924,America/Mexico_City
1800,Cozumel International Airport,Cozumel,Mexico,CZM,MMCZ,20.52239990234375,-86.92559814453125,America/Cancun
1801,General Guadalupe Victoria International Airport,Durango,Mexico,DGO,MMDO,24.1242008209,-104.527999878,America/Mexico_City
1802,Amado Nervo National Airport,Tepic,Mexico,TPQ,MMEP,21.4195,-104.843002,America/Mazatlan
1803,Ensenada International Airport,Ensenada,Mexico,ESE,MMES,31.7953,-116.602997,America/Tijuana
1804,Don Miguel Hidalgo Y Costilla International Airport,Guadalajara,Mexico,GDL,MMGL,20.521799087524414,-103.31099700927734,America/Mexico_City
1805,General José María Yáñez International Airport,Guaymas,Mexico,GYM,MMGM,27.9689998626709,-110.92500305175781,America/Hermosillo
1806,Tehuacan Airport,Tehuacan,Mexico,TCN,MMHC,18.49720001220703,-97.4198989868164,America/Mexico_City
1807,General Ignacio P. Garcia International Airport,Hermosillo,Mexico,HMO,MMHO,29.095899581900003,-111.047996521,America/Hermosillo
1808,Licenciado Miguel de la Madrid Airport,Colima,Mexico,CLQ,MMIA,19.277,-103.577002,America/Mexico_City
1809,Isla Mujeres Airport,Isla Mujeres,Mexico,ISJ,MMIM,21.2450008392334,-86.73999786376953,America/Cancun
1810,Plan De Guadalupe International Airport,Saltillo,Mexico,SLW,MMIO,25.54949951171875,-100.92900085449219,America/Mexico_City
1811,Ixtepec Airport,Iztepec,Mexico,IZT,MMIT,16.449301,-95.093697,America/Mexico_City
1813,Lázaro Cárdenas Airport,Lazard Cardenas,Mexico,LZC,MMLC,18.0016994476,-102.221000671,America/Mexico_City
1814,Valle del Fuerte International Airport,Los Mochis,Mexico,LMM,MMLM,25.6851997375,-109.081001282,America/Mazatlan
1815,Del Bajío International Airport,Del Bajio,Mexico,BJX,MMLO,20.9935,-101.481003,America/Mexico_City
1816,Manuel Márquez de León International Airport,La Paz,Mexico,LAP,MMLP,24.072700500499998,-110.361999512,America/Mazatlan
1817,Loreto International Airport,Loreto,Mexico,LTO,MMLT,25.989200592041016,-111.3479995727539,America/Mazatlan
1818,General Servando Canales International Airport,Matamoros,Mexico,MAM,MMMA,25.7698993683,-97.5252990723,America/Mexico_City
1819,Licenciado Manuel Crescencio Rejon Int Airport,Merida,Mexico,MID,MMMD,20.937000274699997,-89.657699585,America/Mexico_City
1820,General Rodolfo Sánchez Taboada International Airport,Mexicali,Mexico,MXL,MMML,32.6306,-115.241997,America/Tijuana
1821,General Francisco J. Mujica International Airport,Morelia,Mexico,MLM,MMMM,19.849899292,-101.025001526,America/Mexico_City
1822,Minatitlán/Coatzacoalcos National Airport,Minatitlan,Mexico,MTT,MMMT,18.1033992767,-94.58070373540001,America/Mexico_City
1823,Monclova International Airport,Monclova,Mexico,LOV,MMMV,26.9557,-101.470001,America/Mexico_City
1824,Licenciado Benito Juarez International Airport,Mexico City,Mexico,MEX,MMMX,19.4363,-99.072098,America/Mexico_City
1825,General Mariano Escobedo International Airport,Monterrey,Mexico,MTY,MMMY,25.7784996033,-100.107002258,America/Mexico_City
1826,General Rafael Buelna International Airport,Mazatlan,Mexico,MZT,MMMZ,23.1613998413,-106.26599884,America/Mazatlan
1827,Nogales International Airport,Nogales,Mexico,NOG,MMNG,31.22610092163086,-110.97599792480469,America/Hermosillo
1828,Quetzalcóatl International Airport,Nuevo Laredo,Mexico,NLD,MMNL,27.4438991547,-99.5705032349,America/Mexico_City
1829,Xoxocotlán International Airport,Oaxaca,Mexico,OAX,MMOX,16.9999008179,-96.726600647,America/Mexico_City
1830,El Tajín National Airport,Poza Rico,Mexico,PAZ,MMPA,20.6026992798,-97.46080017090001,America/Mexico_City
1831,Hermanos Serdán International Airport,Puebla,Mexico,PBC,MMPB,19.1581001282,-98.3713989258,America/Mexico_City
1832,Ingeniero Juan Guillermo Villasana Airport,Pachuca,Mexico,,MMPC,20.0774,-98.782501,America/Mexico_City
1833,Mar de Cortés International Airport,Punta Penasco,Mexico,PPE,MMPE,31.351987,-113.305177,America/Hermosillo
1834,Piedras Negras International Airport,Piedras Negras,Mexico,PDS,MMPG,28.627399,-100.535004,America/Mexico_City
1835,Licenciado y General Ignacio Lopez Rayon Airport,Uruapan,Mexico,UPN,MMPN,19.396699905395508,-102.03900146484375,America/Mexico_City
1836,Licenciado Gustavo Díaz Ordaz International Airport,Puerto Vallarta,Mexico,PVR,MMPR,20.680099487304688,-105.25399780273438,America/Mexico_City
1837,Puerto Escondido International Airport,Puerto Escondido,Mexico,PXM,MMPS,15.8769,-97.089103,America/Mexico_City
1838,Querétaro Intercontinental Airport,Queretaro,Mexico,QRO,MMQT,20.6173,-100.185997,America/Mexico_City
1839,General Lucio Blanco International Airport,Reynosa,Mexico,REX,MMRX,26.0089,-98.2285,America/Mexico_City
1840,Los Cabos International Airport,San Jose Del Cabo,Mexico,SJD,MMSD,23.15180015563965,-109.72100067138672,America/Mazatlan
1841,San Felipe International Airport,San Filipe,Mexico,SFH,MMSF,30.930200576782,-114.80899810791,America/Tijuana
1842,Ponciano Arriaga International Airport,San Luis Potosi,Mexico,SLP,MMSP,22.254299163800003,-100.930999756,America/Mexico_City
1843,Tlaxcala Airport,Tlaxcala,Mexico,,MMTA,19.537992,-98.173492,America/Mexico_City
1844,Terán Air Base,Tuxtla Gutierrez,Mexico,,MMTB,16.739901,-93.173301,America/Mexico_City
1845,Francisco Sarabia International Airport,Torreon,Mexico,TRC,MMTC,25.568300247199996,-103.411003113,America/Mexico_City
1846,Angel Albino Corzo International Airport,Tuxtla Gutierrez,Mexico,TGZ,MMTG,16.5636005402,-93.02249908450001,America/Mexico_City
1847,General Abelardo L. Rodríguez International Airport,Tijuana,Mexico,TIJ,MMTJ,32.541099548339844,-116.97000122070312,America/Tijuana
1848,General Francisco Javier Mina International Airport,Tampico,Mexico,TAM,MMTM,22.2964000702,-97.8658981323,America/Mexico_City
1849,Tamuin Airport,Tamuin,Mexico,TSL,MMTN,22.0383,-98.806502,America/Mexico_City
1850,Licenciado Adolfo Lopez Mateos International Airport,Toluca,Mexico,TLC,MMTO,19.3370990753,-99.56600189210002,America/Mexico_City
1851,Tapachula International Airport,Tapachula,Mexico,TAP,MMTP,14.7943000793,-92.3700027466,America/Mexico_City
1852,Cancún International Airport,Cancun,Mexico,CUN,MMUN,21.036500930800003,-86.8770980835,America/Cancun
1853,Carlos Rovirosa Pérez International Airport,Villahermosa,Mexico,VSA,MMVA,17.996999740600586,-92.81739807128906,America/Mexico_City
1854,General Heriberto Jara International Airport,Vera Cruz,Mexico,VER,MMVR,19.1459007263,-96.1873016357,America/Mexico_City
1855,General Leobardo C. Ruiz International Airport,Zacatecas,Mexico,ZCL,MMZC,22.8971004486,-102.68699646,America/Mexico_City
1856,Ixtapa Zihuatanejo International Airport,Zihuatanejo,Mexico,ZIH,MMZH,17.601600647,-101.460998535,America/Mexico_City
1857,Zamora Airport,Zamora,Mexico,ZMM,MMZM,20.045,-102.276001,America/Mexico_City
1858,Playa De Oro International Airport,Manzanillo,Mexico,ZLO,MMZO,19.144800186199998,-104.558998108,America/Mexico_City
1859,Zapopan Airport,Zapopan,Mexico,,MMZP,20.747922,-103.461709,America/Mexico_City
1860,Bluefields Airport,Bluefields,Nicaragua,BEF,MNBL,11.991000175476074,-83.77410125732422,America/Managua
1861,Los Brasiles Airport,Los Brasiles,Nicaragua,,MNBR,12.1899995803833,-86.35389709472656,America/Managua
1862,Leon (Fanor Urroz) Airport,Leon,Nicaragua,,MNLN,12.429200172424316,-86.90280151367188,America/Managua
1863,Augusto C. Sandino (Managua) International Airport,Managua,Nicaragua,MGA,MNMG,12.141500473022461,-86.16819763183594,America/Managua
1864,Puerto Cabezas Airport,Puerto Cabezas,Nicaragua,PUZ,MNPC,14.047200202941895,-83.38670349121094,America/Managua
1865,Bocas Del Toro International Airport,Bocas Del Toro,Panama,BOC,MPBO,9.340849876403809,-82.25080108642578,America/Panama
1866,Cap Manuel Niño International Airport,Changuinola,Panama,CHX,MPCH,9.458962,-82.515062,America/Panama
1867,Enrique Malek International Airport,David,Panama,DAV,MPDA,8.390999794006348,-82.43499755859375,America/Panama
1868,Panama Pacific International Airport,Howard,Panama,BLB,MPHO,8.91479,-79.599602,America/Panama
1869,Marcos A. Gelabert International Airport,Panama,Panama,PAC,MPMG,8.973340034484863,-79.55560302734375,America/Panama
1870,Ruben Cantu Airport,Santiago,Panama,SYP,MPSA,8.085599899291992,-80.94529724121094,America/Panama
1871,Tocumen International Airport,Panama City,Panama,PTY,MPTO,9.0713596344,-79.3834991455,America/Panama
1872,Buenos Aires Airport,Buenos Aires,Costa Rica,BAI,MRBA,9.163949,-83.330171,America/Costa_Rica
1874,Coto 47 Airport,Coto 47,Costa Rica,OTR,MRCC,8.60155963897705,-82.96859741210938,America/Costa_Rica
1875,Chacarita Airport,Chacarita,Costa Rica,JAP,MRCH,9.98141002655,-84.7726974487,America/Costa_Rica
1877,El Carmen de Siquirres Airport,El Carmen,Costa Rica,,MREC,10.20199966430664,-83.47219848632812,America/Costa_Rica
1878,Finca 10 / Nuevo Palmar Sur Airport,Finca 10,Costa Rica,,MRFI,8.916350364685059,-83.5073013305664,America/Costa_Rica
1879,Golfito Airport,Golfito,Costa Rica,GLF,MRGF,8.654009819030762,-83.18219757080078,America/Costa_Rica
1880,Guapiles Airport,Guapiles,Costa Rica,GPL,MRGP,10.2172002792,-83.79699707030001,America/Costa_Rica
1881,Daniel Oduber Quiros International Airport,Liberia,Costa Rica,LIR,MRLB,10.5933,-85.544403,America/Costa_Rica
1882,Los Chiles Airport,Los Chiles,Costa Rica,LSL,MRLC,11.035300254821777,-84.70610046386719,America/Costa_Rica
1883,Limon International Airport,Limon,Costa Rica,LIO,MRLM,9.95796012878418,-83.02200317382812,America/Costa_Rica
1884,Nosara Airport,Nosara Beach,Costa Rica,NOB,MRNS,9.976490020750001,-85.65299987790002,America/Costa_Rica
1885,Juan Santamaria International Airport,San Jose,Costa Rica,SJO,MROC,9.993860244750977,-84.20880126953125,America/Costa_Rica
1886,Pandora Airport,Pandora,Costa Rica,,MRPD,9.732170104980469,-82.98320007324219,America/Costa_Rica
1887,Palmar Sur Airport,Palmar Sur,Costa Rica,PMZ,MRPM,8.951029777526855,-83.46859741210938,America/Costa_Rica
1889,Quepos Managua Airport,Quepos,Costa Rica,XQP,MRQP,9.443160057067871,-84.12979888916016,America/Costa_Rica
1890,Santa Clara De Guapiles Airport,Santa Clara,Costa Rica,,MRSG,10.288299560546875,-83.7135009765625,America/Costa_Rica
1891,San Vito De Java Airport,San Vito De Jaba,Costa Rica,TOO,MRSV,8.826109886169434,-82.95890045166016,America/Costa_Rica
1892,Monseñor Óscar Arnulfo Romero International Airport,San Salvador,El Salvador,SAL,MSLP,13.4409,-89.055702,America/El_Salvador
1893,Ilopango International Airport,San Salvador,El Salvador,,MSSS,13.69950008392334,-89.11990356445312,America/El_Salvador
1894,Les Cayes Airport,Cayes,Haiti,CYA,MTCA,18.271099090576172,-73.78829956054688,America/Port-au-Prince
1895,Cap Haitien International Airport,Cap Haitien,Haiti,CAP,MTCH,19.733,-72.194702,America/Port-au-Prince
1896,Jacmel Airport,Jacmel,Haiti,JAK,MTJA,18.241100311279297,-72.51850128173828,America/Port-au-Prince
1897,Toussaint Louverture International Airport,Port-au-prince,Haiti,PAP,MTPP,18.579999923706055,-72.2925033569336,America/Port-au-Prince
1898,Gustavo Rizo Airport,Baracoa Playa,Cuba,BCA,MUBA,20.365299224853516,-74.5062026977539,America/Havana
1899,Carlos Manuel de Cespedes Airport,Bayamo,Cuba,BYM,MUBY,20.396400451660156,-76.62139892578125,America/Havana
1900,Maximo Gomez Airport,Ciego De Avila,Cuba,AVI,MUCA,22.027099609375,-78.78959655761719,America/Havana
1901,Jardines Del Rey Airport,Cunagua,Cuba,CCC,MUCC,22.461000442499998,-78.32839965820001,America/Havana
1902,Jaime Gonzalez Airport,Cienfuegos,Cuba,CFG,MUCF,22.149999618530273,-80.41419982910156,America/Havana
1903,Vilo Acuña International Airport,Cayo Largo del Sur,Cuba,CYO,MUCL,21.6165008545,-81.5459976196,America/Havana
1904,Ignacio Agramonte International Airport,Camaguey,Cuba,CMW,MUCM,21.420299530029297,-77.84750366210938,America/Havana
1905,Antonio Maceo International Airport,Santiago De Cuba,Cuba,SCU,MUCU,19.96980094909668,-75.83540344238281,America/Havana
1906,Florida Airport,Florida,Cuba,,MUFL,21.49970054626465,-78.20279693603516,America/Havana
1907,Leeward Point Field,Guantanamo,Cuba,NBW,MUGM,19.906499862671,-75.207099914551,\N
1908,Mariana Grajales Airport,Guantanamo,Cuba,GAO,MUGT,20.08530044555664,-75.1583023071289,America/Havana
1909,José Martí International Airport,Havana,Cuba,HAV,MUHA,22.989200592041016,-82.40910339355469,America/Havana
1910,Frank Pais International Airport,Holguin,Cuba,HOG,MUHG,20.785600662231445,-76.31510162353516,America/Havana
1911,La Coloma Airport,La Coloma,Cuba,LCL,MULM,22.33609962463379,-83.64189910888672,America/Havana
1912,Orestes Acosta Airport,Moa,Cuba,MOA,MUMO,20.653900146484375,-74.92220306396484,America/Havana
1913,Sierra Maestra Airport,Manzanillo,Cuba,MZO,MUMZ,20.28809928894043,-77.08920288085938,America/Havana
1914,Rafael Cabrera Airport,Nueva Gerona,Cuba,GER,MUNG,21.834699630737305,-82.78379821777344,America/Havana
1915,Playa Baracoa Airport,Baracoa Playa,Cuba,UPB,MUPB,23.032800674399997,-82.5793991089,America/Havana
1916,Pinar Del Rio Airport,Pinar Del Rio Norte,Cuba,QPD,MUPR,22.42140007019043,-83.67839813232422,America/Havana
1917,San Antonio De Los Banos Airport,San Antonio De Banos,Cuba,,MUSA,22.87150001525879,-82.5093002319336,America/Havana
1918,Abel Santamaria Airport,Santa Clara,Cuba,SNU,MUSC,22.49220085144043,-79.943603515625,America/Havana
1919,Joaquín de Agüero Airport,Santa Lucia,Cuba,,MUSL,21.509455906699998,-77.02059745790001,America/Havana
1920,Siguanea Airport,Siguanea,Cuba,SZJ,MUSN,21.642499923706055,-82.9551010131836,America/Havana
1921,Sancti Spiritus Airport,Sancti Spiritus,Cuba,USS,MUSS,21.9704,-79.442703,America/Havana
1923,Juan Gualberto Gomez International Airport,Varadero,Cuba,VRA,MUVR,23.034400939941406,-81.435302734375,America/Havana
1924,Hermanos Ameijeiras Airport,Las Tunas,Cuba,VTU,MUVT,20.987600326538086,-76.93579864501953,America/Havana
1925,Gerrard Smith International Airport,Cayman Brac,Cayman Islands,CYB,MWCB,19.687000274658203,-79.88279724121094,America/Cayman
1926,Owen Roberts International Airport,Georgetown,Cayman Islands,GCM,MWCR,19.292800903299998,-81.3576965332,America/Cayman
1927,Clarence A. Bain Airport,Clarence Bain,Bahamas,MAY,MYAB,24.287700653076172,-77.68460083007812,America/Nassau
1928,Andros Town Airport,Andros Town,Bahamas,ASD,MYAF,24.697900772094727,-77.79560089111328,America/Nassau
1930,Leonard M Thompson International Airport,Marsh Harbor,Bahamas,MHH,MYAM,26.5114,-77.083503,America/Nassau
1931,San Andros Airport,San Andros,Bahamas,SAQ,MYAN,25.053800582885742,-78.04900360107422,America/Nassau
1932,Spring Point Airport,Spring Point,Bahamas,AXP,MYAP,22.441799163800003,-73.97090148930002,America/Nassau
1933,Sandy Point Airport,Sandy Point,Bahamas,,MYAS,26.004600524902344,-77.39550018310547,America/Nassau
1934,Treasure Cay Airport,Treasure Cay,Bahamas,TCB,MYAT,26.745300293,-77.3912963867,America/Nassau
1935,Chub Cay Airport,Chub Cay,Bahamas,CCZ,MYBC,25.41710090637207,-77.88089752197266,America/Nassau
1936,Great Harbour Cay Airport,Bullocks Harbour,Bahamas,GHC,MYBG,25.7383,-77.840103,America/Nassau
1937,South Bimini Airport,Alice Town,Bahamas,BIM,MYBS,25.6998996735,-79.2647018433,America/Nassau
1941,Exuma International Airport,Great Exuma,Bahamas,GGT,MYEF,23.5625991821,-75.8779983521,America/Nassau
1942,George Town Airport,George Town,Bahamas,,MYEG,23.4666996002,-75.78170013430001,America/Nassau
1943,North Eleuthera Airport,North Eleuthera,Bahamas,ELH,MYEH,25.474899292,-76.6835021973,America/Nassau
1944,Governor's Harbour Airport,Governor's Harbor,Bahamas,GHB,MYEM,25.2847003937,-76.3310012817,America/Nassau
1945,Normans Cay Airport,Norman's Cay,Bahamas,NMC,MYEN,24.59429931640625,-76.82019805908203,America/Nassau
1946,Rock Sound Airport,Rock Sound,Bahamas,RSD,MYER,24.8950787333,-76.1768817902,America/Nassau
1947,Staniel Cay Airport,Staniel Cay,Bahamas,TYM,MYES,24.169099807739258,-76.43910217285156,America/Nassau
1948,Grand Bahama International Airport,Freeport,Bahamas,FPO,MYGF,26.5587005615,-78.695602417,America/Nassau
1949,Inagua Airport,Matthew Town,Bahamas,IGA,MYIG,20.975000381469727,-73.66690063476562,America/Nassau
1950,Deadman's Cay Airport,Dead Man's Cay,Bahamas,LGI,MYLD,23.1790008545,-75.09359741210001,America/Nassau
1951,Stella Maris Airport,Stella Maris,Bahamas,SML,MYLS,23.582317,-75.268621,America/Nassau
1952,Mayaguana Airport,Mayaguana,Bahamas,MYG,MYMM,22.379499,-73.013494,America/Nassau
1953,Lynden Pindling International Airport,Nassau,Bahamas,NAS,MYNN,25.0389995575,-77.46620178219999,America/Nassau
1954,Duncan Town Airport,Duncan Town,Bahamas,DCT,MYRD,22.181800842285156,-75.72949981689453,America/Nassau
1955,Rum Cay Airport,Port Nelson,Bahamas,RCY,MYRP,23.68440055847168,-74.83619689941406,America/Nassau
1956,San Salvador Airport,Cockburn Town,Bahamas,ZSA,MYSM,24.06329917907715,-74.52400207519531,America/Nassau
1957,Philip S. W. Goldson International Airport,Belize City,Belize,BZE,MZBZ,17.539100646972656,-88.30819702148438,America/Belize
1958,Aitutaki Airport,Aitutaki,Cook Islands,AIT,NCAI,-18.830900192260742,-159.76400756835938,Pacific/Rarotonga
1959,Rarotonga International Airport,Avarua,Cook Islands,RAR,NCRG,-21.2026996613,-159.805999756,Pacific/Rarotonga
1960,Nadi International Airport,Nandi,Fiji,NAN,NFFN,-17.755399703979492,177.4429931640625,Pacific/Fiji
1961,Nausori International Airport,Nausori,Fiji,SUV,NFNA,-18.04330062866211,178.5590057373047,Pacific/Fiji
1963,Fua'amotu International Airport,Tongatapu,Tonga,TBU,NFTF,-21.241199493408203,-175.14999389648438,Pacific/Tongatapu
1964,Vava'u International Airport,Vava'u,Tonga,VAV,NFTV,-18.58530044555664,-173.96200561523438,Pacific/Tongatapu
1965,Bonriki International Airport,Tarawa,Kiribati,TRW,NGTA,1.3816399574279785,173.14700317382812,Pacific/Tarawa
1966,Tabiteuea North Airport,Tabiteuea North,Kiribati,TBF,NGTE,-1.2244700193405151,174.7760009765625,\N
1968,Hihifo Airport,Wallis,Wallis and Futuna,WLS,NLWW,-13.2383003235,-176.199005127,Pacific/Wallis
1969,Faleolo International Airport,Faleolo,Samoa,APW,NSFA,-13.829999923706055,-172.00799560546875,Pacific/Apia
1970,Pago Pago International Airport,Pago Pago,American Samoa,PPG,NSTU,-14.3310003281,-170.710006714,Pacific/Pago_Pago
1971,Rurutu Airport,Rurutu,French Polynesia,RUR,NTAR,-22.434099197387695,-151.36099243164062,\N
1972,Tubuai Airport,Tubuai,French Polynesia,TUB,NTAT,-23.365400314331055,-149.5240020751953,Pacific/Tahiti
1973,Anaa Airport,Anaa,French Polynesia,AAA,NTGA,-17.35260009765625,-145.50999450683594,Pacific/Tahiti
1974,Fangatau Airport,Fangatau,French Polynesia,FGU,NTGB,-15.819899559020996,-140.88699340820312,Pacific/Tahiti
1975,Tikehau Airport,Tikehau,French Polynesia,TIH,NTGC,-15.119600296020508,-148.2310028076172,Pacific/Tahiti
1976,Reao Airport,Reao,French Polynesia,REA,NTGE,-18.465900421142578,-136.44000244140625,\N
1977,Fakarava Airport,Fakarava,French Polynesia,FAV,NTGF,-16.054100036621094,-145.65699768066406,Pacific/Tahiti
1978,Manihi Airport,Manihi,French Polynesia,XMH,NTGI,-14.436800003051758,-146.07000732421875,Pacific/Tahiti
1979,Totegegie Airport,Totegegie,French Polynesia,GMR,NTGJ,-23.07990074157715,-134.88999938964844,Pacific/Gambier
1980,Kaukura Airport,Kaukura Atoll,French Polynesia,KKR,NTGK,-15.663299560546875,-146.88499450683594,Pacific/Tahiti
1981,Makemo Airport,Makemo,French Polynesia,MKP,NTGM,-16.583900451660156,-143.6580047607422,Pacific/Tahiti
1982,Puka Puka Airport,Puka Puka,French Polynesia,PKP,NTGP,-14.809499740600586,-138.81300354003906,Pacific/Tahiti
1983,Takapoto Airport,Takapoto,French Polynesia,TKP,NTGT,-14.709500312805176,-145.24600219726562,Pacific/Tahiti
1984,Arutua Airport,Arutua,French Polynesia,AXR,NTGU,-15.248299598693848,-146.61700439453125,Pacific/Tahiti
1985,Mataiva Airport,Mataiva,French Polynesia,MVT,NTGV,-14.8681001663208,-148.7169952392578,Pacific/Tahiti
1986,Takaroa Airport,Takaroa,French Polynesia,TKX,NTKR,-14.45580005645752,-145.02499389648438,Pacific/Tahiti
1987,Nuku Hiva Airport,Nuku Hiva,French Polynesia,NHV,NTMD,-8.795599937438965,-140.22900390625,Pacific/Marquesas
1989,Bora Bora Airport,Bora Bora,French Polynesia,BOB,NTTB,-16.444400787353516,-151.75100708007812,Pacific/Tahiti
1990,Rangiroa Airport,Rangiroa,French Polynesia,RGI,NTTG,-14.954299926757812,-147.66099548339844,Pacific/Tahiti
1991,Huahine-Fare Airport,Huahine Island,French Polynesia,HUH,NTTH,-16.68720054626465,-151.02200317382812,Pacific/Tahiti
1992,Moorea Airport,Moorea,French Polynesia,MOZ,NTTM,-17.49,-149.761993,Pacific/Tahiti
1993,Hao Airport,Hao Island,French Polynesia,HOI,NTTO,-18.074800491333008,-140.9459991455078,\N
1994,Maupiti Airport,Maupiti,French Polynesia,MAU,NTTP,-16.42650032043457,-152.24400329589844,Pacific/Tahiti
1995,Raiatea Airport,Raiatea Island,French Polynesia,RFP,NTTR,-16.7229,-151.466003,Pacific/Tahiti
1997,Bauerfield International Airport,Port-vila,Vanuatu,VLI,NVVV,-17.699300765991,168.32000732422,Pacific/Efate
1998,Koné Airport,Kone,New Caledonia,KNQ,NWWD,-21.05430030822754,164.83700561523438,Pacific/Noumea
1999,Koumac Airport,Koumac,New Caledonia,KOC,NWWK,-20.546300888061523,164.25599670410156,Pacific/Noumea
2000,Lifou Airport,Lifou,New Caledonia,LIF,NWWL,-20.774799346923828,167.24000549316406,Pacific/Noumea
2001,Nouméa Magenta Airport,Noumea,New Caledonia,GEA,NWWM,-22.25830078125,166.47300720214844,Pacific/Noumea
2002,Maré Airport,Mare,New Caledonia,MEE,NWWR,-21.481700897216797,168.03799438476562,Pacific/Noumea
2003,Touho Airport,Touho,New Caledonia,TOU,NWWU,-20.790000915527344,165.25900268554688,Pacific/Noumea
2004,Ouvéa Airport,Ouvea,New Caledonia,UVE,NWWV,-20.640600204467773,166.572998046875,Pacific/Noumea
2005,La Tontouta International Airport,Noumea,New Caledonia,NOU,NWWW,-22.01460075378418,166.21299743652344,Pacific/Noumea
2006,Auckland International Airport,Auckland,New Zealand,AKL,NZAA,-37.008098602299995,174.792007446,Pacific/Auckland
2007,Taupo Airport,Taupo,New Zealand,TUO,NZAP,-38.73970031738281,176.08399963378906,Pacific/Auckland
2008,Ardmore Airport,Ardmore,New Zealand,AMZ,NZAR,-37.029701232910156,174.97300720214844,Pacific/Auckland
2009,Christchurch International Airport,Christchurch,New Zealand,CHC,NZCH,-43.48939895629883,172.53199768066406,Pacific/Auckland
2010,Chatham Islands-Tuuta Airport,Chatham Island,New Zealand,CHT,NZCI,-43.810001373291016,-176.45700073242188,Pacific/Chatham
2011,Dunedin Airport,Dunedin,New Zealand,DUD,NZDN,-45.9281005859375,170.197998046875,Pacific/Auckland
2012,Gisborne Airport,Gisborne,New Zealand,GIS,NZGS,-38.663299560546875,177.97799682617188,Pacific/Auckland
2013,Glentanner Airport,Glentanner,New Zealand,GTN,NZGT,-43.906700134277344,170.1280059814453,Pacific/Auckland
2014,Hokitika Airfield,Hokitika,New Zealand,HKK,NZHK,-42.713600158691406,170.98500061035156,Pacific/Auckland
2015,Hamilton International Airport,Hamilton,New Zealand,HLZ,NZHN,-37.8666992188,175.332000732,Pacific/Auckland
2016,Hastings Aerodrome,Hastings,New Zealand,,NZHS,-39.646702,176.766998,Pacific/Auckland
2017,Kerikeri Airport,Kerikeri,New Zealand,KKE,NZKK,-35.26279830932617,173.91200256347656,Pacific/Auckland
2018,Kaitaia Airport,Kaitaia,New Zealand,KAT,NZKT,-35.06999969482422,173.28500366210938,Pacific/Auckland
2019,Alexandra Airport,Alexandra,New Zealand,ALR,NZLX,-45.211700439453125,169.3730010986328,Pacific/Auckland
2020,Mount Cook Airport,Mount Cook,New Zealand,MON,NZMC,-43.76499938964844,170.13299560546875,Pacific/Auckland
2021,Manapouri Airport,Manapouri,New Zealand,TEU,NZMO,-45.53310012817383,167.64999389648438,Pacific/Auckland
2022,Hood Airport,Masterton,New Zealand,MRO,NZMS,-40.97330093383789,175.63400268554688,Pacific/Auckland
2023,New Plymouth Airport,New Plymouth,New Zealand,NPL,NZNP,-39.00859832763672,174.1790008544922,Pacific/Auckland
2024,Nelson Airport,Nelson,New Zealand,NSN,NZNS,-41.298301696777344,173.2209930419922,Pacific/Auckland
2025,Invercargill Airport,Invercargill,New Zealand,IVC,NZNV,-46.41239929199219,168.31300354003906,Pacific/Auckland
2026,RNZAF Base Ohakea,Ohakea,New Zealand,OHA,NZOH,-40.20600128173828,175.38800048828125,Pacific/Auckland
2027,Oamaru Airport,Oamaru,New Zealand,OAM,NZOU,-44.970001220703125,171.08200073242188,Pacific/Auckland
2028,Palmerston North Airport,Palmerston North,New Zealand,PMR,NZPM,-40.32059860229492,175.61700439453125,Pacific/Auckland
2029,Paraparaumu Airport,Paraparaumu,New Zealand,PPQ,NZPP,-40.904701232910156,174.98899841308594,Pacific/Auckland
2030,Queenstown International Airport,Queenstown International,New Zealand,ZQN,NZQN,-45.0210990906,168.738998413,Pacific/Auckland
2031,Rotorua Regional Airport,Rotorua,New Zealand,ROT,NZRO,-38.10919952392578,176.31700134277344,Pacific/Auckland
2032,Waiouru Airport,Waiouru,New Zealand,,NZRU,-39.4463996887207,175.6580047607422,Pacific/Auckland
2033,South Pole Station Airport,Stephen's Island,Antarctica,,NZSP,-90,0,Antarctica/South_Pole
2034,Tauranga Airport,Tauranga,New Zealand,TRG,NZTG,-37.67190170288086,176.1959991455078,Pacific/Auckland
2035,Timaru Airport,Timaru,New Zealand,TIU,NZTU,-44.302799224853516,171.22500610351562,Pacific/Auckland
2036,Pukaki Airport,Pukaki,New Zealand,TWZ,NZUK,-44.2350006104,170.117996216,Pacific/Auckland
2037,Woodbourne Airport,Woodbourne,New Zealand,BHE,NZWB,-41.5182991027832,173.8699951171875,Pacific/Auckland
2038,Williams Field,Weydon,Antarctica,,NZWD,-77.86740112304688,167.0570068359375,Antarctica/South_Pole
2039,Wanaka Airport,Wanaka,New Zealand,WKA,NZWF,-44.722198486328,169.24600219727,Pacific/Auckland
2040,Wigram Airport,Wigram,New Zealand,,NZWG,-43.5511016846,172.552993774,Pacific/Auckland
2041,Whakatane Airport,Whakatane,New Zealand,WHK,NZWK,-37.92060089111328,176.91400146484375,Pacific/Auckland
2042,Wellington International Airport,Wellington,New Zealand,WLG,NZWN,-41.3272018433,174.804992676,Pacific/Auckland
2043,Wairoa Airport,Wairoa,New Zealand,WIR,NZWO,-39.006900787353516,177.40699768066406,Pacific/Auckland
2044,RNZAF Base Auckland-Whenuapai,Whenuapai,New Zealand,,NZWP,-36.78779983520508,174.6300048828125,Pacific/Auckland
2045,Whangarei Airport,Whangarei,New Zealand,WRE,NZWR,-35.7682991027832,174.36500549316406,Pacific/Auckland
2046,Westport Airport,Westport,New Zealand,WSZ,NZWS,-41.73809814453125,171.58099365234375,Pacific/Auckland
2047,Wanganui Airport,Wanganui,New Zealand,WAG,NZWU,-39.96220016479492,175.02499389648438,Pacific/Auckland
2048,Herat Airport,Herat,Afghanistan,HEA,OAHR,34.209999084472656,62.22829818725586,Asia/Kabul
2049,Jalalabad Airport,Jalalabad,Afghanistan,JAA,OAJL,34.39979934692383,70.49859619140625,Asia/Kabul
2050,Hamid Karzai International Airport,Kabul,Afghanistan,KBL,OAKB,34.565899,69.212303,Asia/Kabul
2051,Kandahar Airport,Kandahar,Afghanistan,KDH,OAKN,31.505800247192383,65.8478012084961,Asia/Kabul
2052,Maimana Airport,Maimama,Afghanistan,MMZ,OAMN,35.93080139160156,64.76090240478516,Asia/Kabul
2053,Mazar I Sharif Airport,Mazar-i-sharif,Afghanistan,MZR,OAMS,36.70690155029297,67.20970153808594,Asia/Kabul
2054,Shindand Airport,Shindand,Afghanistan,OAH,OASD,33.3913002014,62.2610015869,Asia/Kabul
2055,Sheberghan Airport,Sheberghan,Afghanistan,,OASG,36.75080108642578,65.91320037841797,Asia/Kabul
2056,Konduz Airport,Kunduz,Afghanistan,UND,OAUZ,36.66510009765625,68.91079711914062,Asia/Kabul
2057,Bahrain International Airport,Bahrain,Bahrain,BAH,OBBI,26.27079963684082,50.63359832763672,Asia/Bahrain
2058,Sheik Isa Air Base,Bahrain,Bahrain,,OBBS,25.918399810791016,50.590599060058594,Asia/Bahrain
2059,Abha Regional Airport,Abha,Saudi Arabia,AHB,OEAB,18.240400314299997,42.65660095210001,Asia/Riyadh
2060,Al Ahsa Airport,Al-ahsa,Saudi Arabia,HOF,OEAH,25.28529930114746,49.485198974609375,Asia/Riyadh
2061,Al Baha Airport,El-baha,Saudi Arabia,ABT,OEBA,20.2961006165,41.6343002319,Asia/Riyadh
2062,Bisha Airport,Bisha,Saudi Arabia,BHH,OEBH,19.984399795532227,42.62089920043945,Asia/Riyadh
2063,Abqaiq Airport,Abqaiq,Saudi Arabia,,OEBQ,25.911300659179688,49.59120178222656,Asia/Riyadh
2064,King Fahd International Airport,Dammam,Saudi Arabia,DMM,OEDF,26.471200942993164,49.79790115356445,Asia/Riyadh
2065,King Abdulaziz Air Base,Dhahran,Saudi Arabia,DHA,OEDR,26.265399932900003,50.152000427199994,Asia/Riyadh
2066,Jizan Regional Airport,Gizan,Saudi Arabia,GIZ,OEGN,16.901100158691406,42.58580017089844,Asia/Riyadh
2067,Gassim Airport,Gassim,Saudi Arabia,ELQ,OEGS,26.302799224853516,43.77439880371094,Asia/Riyadh
2068,Gurayat Domestic Airport,Guriat,Saudi Arabia,URY,OEGT,31.412413,37.278898,Asia/Riyadh
2069,Ha'il Airport,Hail,Saudi Arabia,HAS,OEHL,27.437901,41.686298,Asia/Riyadh
2070,Jubail Airport,Jubail,Saudi Arabia,QJB,OEJB,27.038999557495117,49.40510177612305,Asia/Riyadh
2071,King Faisal Naval Base,Jeddah,Saudi Arabia,,OEJF,21.348100662231445,39.17300033569336,Asia/Riyadh
2072,King Abdulaziz International Airport,Jeddah,Saudi Arabia,JED,OEJN,21.6796,39.156502,Asia/Riyadh
2073,King Khaled Military City Airport,King Khalid Mil.city,Saudi Arabia,KMC,OEKK,27.9009,45.528198,Asia/Riyadh
2074,Prince Mohammad Bin Abdulaziz Airport,Madinah,Saudi Arabia,MED,OEMA,24.5534,39.705101,Asia/Riyadh
2075,Nejran Airport,Nejran,Saudi Arabia,EAM,OENG,17.611400604248047,44.4192008972168,Asia/Riyadh
2076,Al Qaisumah/Hafr Al Batin Airport,Hafr Al-batin,Saudi Arabia,AQI,OEPA,28.335199,46.125099,Asia/Riyadh
2077,Pump Station 3 Airport,Petroline 3,Saudi Arabia,,OEPC,25.17449951171875,47.488399505615234,Asia/Riyadh
2078,Pump Station 6 Airport,Petroline 6,Saudi Arabia,,OEPF,24.71030044555664,44.964500427246094,Asia/Riyadh
2079,Pump Station 10 Airport,Petroline 10,Saudi Arabia,,OEPJ,24.1072998046875,41.0359992980957,Asia/Riyadh
2080,Rabigh Airport,Rabigh,Saudi Arabia,,OERB,22.702600479125977,39.069801330566406,Asia/Riyadh
2081,Rafha Domestic Airport,Rafha,Saudi Arabia,RAH,OERF,29.626399993896484,43.4906005859375,Asia/Riyadh
2082,King Khaled International Airport,Riyadh,Saudi Arabia,RUH,OERK,24.957599639892578,46.69879913330078,Asia/Riyadh
2083,Ras Mishab Airport,Rash Mishab,Saudi Arabia,,OERM,28.079599380493164,48.611000061035156,Asia/Riyadh
2084,Arar Domestic Airport,Arar,Saudi Arabia,RAE,OERR,30.906600952148438,41.13819885253906,Asia/Riyadh
2085,Ras Tanura Airport,Ras Tanura,Saudi Arabia,,OERT,26.723100662231445,50.030799865722656,Asia/Riyadh
2086,Sharurah Airport,Sharurah,Saudi Arabia,SHW,OESH,17.466899871826172,47.12139892578125,Asia/Riyadh
2088,Sulayel Airport,Sulayel,Saudi Arabia,SLF,OESL,20.46470069885254,45.619598388671875,Asia/Riyadh
2089,Tabuk Airport,Tabuk,Saudi Arabia,TUU,OETB,28.3654,36.6189,Asia/Riyadh
2090,Ta’if Regional Airport,Taif,Saudi Arabia,TIF,OETF,21.483001,40.543442,Asia/Riyadh
2091,Thumamah Airport,Thumamah,Saudi Arabia,,OETH,25.21299934387207,46.64099884033203,Asia/Riyadh
2092,Ras Tanajib Airport,Ras Tanajib,Saudi Arabia,,OETN,27.867799758911133,48.769100189208984,Asia/Riyadh
2093,Turaif Domestic Airport,Turaif,Saudi Arabia,TUI,OETR,31.692188,38.731544,Asia/Riyadh
2095,Al Wajh Domestic Airport,Wejh,Saudi Arabia,EJH,OEWJ,26.19860076904297,36.47639846801758,Asia/Riyadh
2096,Prince Abdulmohsin Bin Abdulaziz Airport,Yenbo,Saudi Arabia,YNB,OEYN,24.144199,38.0634,Asia/Riyadh
2097,Abadan Airport,Abadan,Iran,ABD,OIAA,30.371099472,48.2282981873,Asia/Tehran
2098,Dezful Airport,Dezful,Iran,DEF,OIAD,32.434399,48.397598,Asia/Tehran
2099,Aghajari Airport,Aghajari,Iran,AKW,OIAG,30.7444,49.6772,Asia/Tehran
2100,Gachsaran Airport,Gachsaran,Iran,GCH,OIAH,30.337600708,50.827999115,Asia/Tehran
2101,Shahid Asyaee Airport,Masjed Soleiman,Iran,,OIAI,32.00239944458008,49.27040100097656,Asia/Tehran
2102,Omidiyeh Airport,Omidyeh,Iran,OMI,OIAJ,30.8351993560791,49.5349006652832,Asia/Tehran
2103,Mahshahr Airport,Bandar Mahshahr,Iran,MRX,OIAM,30.55620002746582,49.15190124511719,Asia/Tehran
2104,Ahwaz Airport,Ahwaz,Iran,AWZ,OIAW,31.337400436399996,48.7620010376,Asia/Tehran
2105,Abu Musa Island Airport,Abumusa I.,Iran,AEU,OIBA,25.8757,55.033001,Asia/Tehran
2106,Bushehr Airport,Bushehr,Iran,BUZ,OIBB,28.9447994232,50.8345985413,Asia/Tehran
2107,Bastak Airport,Bastak,Iran,,OIBH,27.21269989013672,54.318599700927734,Asia/Tehran
2108,Asaloyeh Airport,Golbandi,Iran,,OIBI,27.4814,52.615501,Asia/Tehran
2109,Kish International Airport,Kish Island,Iran,KIH,OIBK,26.5261993408,53.980201721200004,Asia/Tehran
2110,Bandar Lengeh Airport,Bandar Lengeh,Iran,BDH,OIBL,26.531999588,54.824798584,Asia/Tehran
2111,Khark Island Airport,Khark Island,Iran,KHK,OIBQ,29.260299682617188,50.32389831542969,Asia/Tehran
2112,Sirri Island Airport,Siri Island,Iran,SXI,OIBS,25.908899307250977,54.539398193359375,Asia/Tehran
2113,Lavan Island Airport,Lavan Island,Iran,LVP,OIBV,26.810300827026367,53.356300354003906,Asia/Tehran
2114,Shahid Ashrafi Esfahani Airport,Bakhtaran,Iran,KSH,OICC,34.3459014893,47.1581001282,Asia/Tehran
2117,Sanandaj Airport,Sanandaj,Iran,SDG,OICS,35.24589920043945,47.00920104980469,Asia/Tehran
2118,Hesa Airport,Daran,Iran,IFH,OIFE,32.92890167236328,51.561100006103516,Asia/Tehran
2119,Shahid Vatan Pour Air Base,Esfahan,Iran,,OIFH,32.56700134277344,51.69160079956055,Asia/Tehran
2120,Kashan Airport,Kashan,Iran,KKS,OIFK,33.895302,51.577,Asia/Tehran
2121,Esfahan Shahid Beheshti International Airport,Esfahan,Iran,IFN,OIFM,32.75080108642578,51.86130142211914,Asia/Tehran
2122,Badr Air Base,Sepah,Iran,,OIFP,32.62110137939453,51.696998596191406,Asia/Tehran
2123,Sardar-e-Jangal Airport,Rasht,Iran,RAS,OIGG,37.323333,49.617778,Asia/Tehran
2125,Arak Airport,Arak,Iran,AJK,OIHR,34.138099670410156,49.8473014831543,Asia/Tehran
2126,Ghazvin Azadi Airport,Abe-ali,Iran,,OIIA,35.95209884643555,50.450801849365234,Asia/Tehran
2127,Kushke Nosrat Airport,Kushke Nosrat,Iran,,OIIC,34.98400115966797,50.80619812011719,Asia/Tehran
2128,Doshan Tappeh Air Base,Teheran,Iran,,OIID,35.702999114990234,51.475101470947266,Asia/Tehran
2130,Ghale Morghi Airport,Teheran,Iran,,OIIG,35.644798278808594,51.380699157714844,Asia/Tehran
2131,Mehrabad International Airport,Teheran,Iran,THR,OIII,35.68920135498047,51.31340026855469,Asia/Tehran
2132,Qazvin Airport,Ghazvin,Iran,GZW,OIIK,36.240101,50.0471,Asia/Tehran
2133,Naja Airport,Khoram Dareh,Iran,,OIIM,35.77629852294922,50.88100051879883,Asia/Tehran
2134,Bandar Abbas International Airport,Bandar Abbas,Iran,BND,OIKB,27.218299865722656,56.37779998779297,Asia/Tehran
2135,Jiroft Airport,Jiroft,Iran,JYR,OIKJ,28.726900100699996,57.67029953,Asia/Tehran
2136,Kerman Airport,Kerman,Iran,KER,OIKK,30.274400711099997,56.9510993958,Asia/Tehran
2138,Havadarya Airport,Bandar Abbas,Iran,HDR,OIKP,27.158300399780273,56.17250061035156,Asia/Tehran
2139,Dayrestan Airport,Gheshm I.,Iran,,OIKQ,26.754600524902344,55.902400970458984,Asia/Tehran
2141,Sirjan Airport,Sirjan,Iran,SYJ,OIKY,29.550899505615234,55.672698974609375,Asia/Tehran
2142,Birjand Airport,Birjand,Iran,XBJ,OIMB,32.898101806640625,59.2661018371582,Asia/Tehran
2143,Sarakhs Airport,Sarakhs,Iran,CKT,OIMC,36.50120162963867,61.06489944458008,Asia/Tehran
2144,Shahroud Airport,Emam Shahr,Iran,RUD,OIMJ,36.4253005981,55.104198455799995,Asia/Tehran
2147,Tabas Airport,Tabas,Iran,TCX,OIMT,33.6678009033,56.8927001953,Asia/Tehran
2148,Kalaleh Airport,Kalaleh,Iran,KLM,OINE,37.3833007812,55.4519996643,Asia/Tehran
2151,Ramsar Airport,Ramsar,Iran,RZR,OINR,36.9099006652832,50.67959976196289,Asia/Tehran
2153,Fasa Airport,Fasa,Iran,FAZ,OISF,28.891799926757812,53.72330093383789,Asia/Tehran
2154,Jahrom Airport,Jahrom,Iran,JAR,OISJ,28.586700439499996,53.5791015625,Asia/Tehran
2156,Lamerd Airport,Lamerd,Iran,LFM,OISR,27.3726997375,53.18880081179999,Asia/Tehran
2157,Shiraz Shahid Dastghaib International Airport,Shiraz,Iran,SYZ,OISS,29.539199829101562,52.58980178833008,Asia/Tehran
2158,Khoy Airport,Khoy,Iran,KHY,OITK,38.4275016784668,44.97359848022461,Asia/Tehran
2162,Tabriz International Airport,Tabriz,Iran,TBZ,OITT,38.1338996887207,46.23500061035156,Asia/Tehran
2163,Zanjan Airport,Zanjan,Iran,JWN,OITZ,36.7737007141,48.3594017029,Asia/Tehran
2164,Shahid Sadooghi Airport,Yazd,Iran,AZD,OIYY,31.9048995972,54.2765007019,Asia/Tehran
2165,Zabol Airport,Zabol,Iran,ACZ,OIZB,31.09830093383789,61.54389953613281,Asia/Tehran
2166,Konarak Airport,Chah Bahar,Iran,ZBR,OIZC,25.443300247199996,60.3820991516,Asia/Tehran
2167,Zahedan International Airport,Zahedan,Iran,ZAH,OIZH,29.47570037841797,60.90620040893555,Asia/Tehran
2168,Iran Shahr Airport,Iran Shahr,Iran,IHR,OIZI,27.2360992432,60.7200012207,Asia/Tehran
2169,Saravan Airport,Saravan,Iran,,OIZS,27.419300079345703,62.315799713134766,Asia/Tehran
2170,Queen Alia International Airport,Amman,Jordan,AMM,OJAI,31.7226009369,35.9931983948,Asia/Amman
2171,Amman-Marka International Airport,Amman,Jordan,ADJ,OJAM,31.972700119018555,35.991600036621094,Asia/Amman
2172,Aqaba King Hussein International Airport,Aqaba,Jordan,AQJ,OJAQ,29.611600875854492,35.01810073852539,Asia/Amman
2173,Prince Hassan Air Base,Hotel Four,Jordan,,OJHF,32.160702,37.149399,Asia/Amman
2174,Jerusalem Airport,Jerusalem,West Bank,,OJJR,31.864700317383,35.219200134277,Asia/Jerusalem
2175,King Hussein Air College,Mafraq,Jordan,OMF,OJMF,32.3564,36.259201,Asia/Amman
2176,Kuwait International Airport,Kuwait,Kuwait,KWI,OKBK,29.226600646972656,47.96889877319336,Asia/Kuwait
2177,Beirut Rafic Hariri International Airport,Beirut,Lebanon,BEY,OLBA,33.820899963378906,35.488399505615234,Asia/Beirut
2178,Rene Mouawad Air Base,Kleiat,Lebanon,KYE,OLKA,34.589298248291016,36.01129913330078,Asia/Beirut
2179,Abu Dhabi International Airport,Abu Dhabi,United Arab Emirates,AUH,OMAA,24.433000564575195,54.651100158691406,Asia/Dubai
2180,Bateen Airport,Abu Dhabi,United Arab Emirates,AZI,OMAD,24.428300857543945,54.458099365234375,Asia/Dubai
2181,Al Hamra Aux Airport,Al Hamra,United Arab Emirates,,OMAH,24.073999404907227,52.463600158691406,Asia/Dubai
2182,Jebel Dhana Airport,Jebel Dhana,United Arab Emirates,,OMAJ,24.187400817871094,52.61399841308594,Asia/Dubai
2184,Al Dhafra Air Base,Abu Dhabi,United Arab Emirates,DHF,OMAM,24.248199462900004,54.547698974599996,Asia/Dubai
2185,Arzanah Airport,Arzana,United Arab Emirates,,OMAR,24.780500411987305,52.559898376464844,Asia/Dubai
2186,Das Island Airport,Das Island,United Arab Emirates,,OMAS,25.14620018005371,52.87369918823242,Asia/Dubai
2187,Zirku Airport,Zirku,United Arab Emirates,,OMAZ,24.862491607666016,53.07714080810547,Asia/Dubai
2188,Dubai International Airport,Dubai,United Arab Emirates,DXB,OMDB,25.2527999878,55.3643989563,Asia/Dubai
2189,Fujairah International Airport,Fujeirah,United Arab Emirates,FJR,OMFJ,25.112199783325195,56.32400131225586,Asia/Dubai
2190,Ras Al Khaimah International Airport,Ras Al Khaimah,United Arab Emirates,RKT,OMRK,25.613500595092773,55.93880081176758,Asia/Dubai
2191,Sharjah International Airport,Sharjah,United Arab Emirates,SHJ,OMSJ,25.32859992980957,55.5172004699707,Asia/Dubai
2192,Khasab Air Base,Khasab,Oman,KHS,OOKB,26.17099952697754,56.2406005859375,Asia/Muscat
2193,Masirah Air Base,Masirah,Oman,MSH,OOMA,20.675399780273438,58.890499114990234,Asia/Muscat
2194,Muscat International Airport,Muscat,Oman,MCT,OOMS,23.593299865722656,58.284400939941406,Asia/Muscat
2195,Salalah Airport,Salalah,Oman,SLL,OOSA,17.038700103759766,54.09130096435547,Asia/Muscat
2196,Thumrait Air Base,Thumrait,Oman,TTH,OOTH,17.666000366210938,54.024600982666016,Asia/Muscat
2197,Bhagatanwala Airport,Bhagtanwala,Pakistan,BHW,OPBG,32.056098938,72.94840240479999,Asia/Karachi
2202,Faisalabad International Airport,Faisalabad,Pakistan,LYP,OPFA,31.364999771118164,72.99479675292969,Asia/Karachi
2203,Gwadar International Airport,Gwadar,Pakistan,GWD,OPGD,25.233299255371094,62.329498291015625,Asia/Karachi
2204,Gilgit Airport,Gilgit,Pakistan,GIL,OPGT,35.918800354003906,74.33360290527344,Asia/Karachi
2205,Shahbaz Air Base,Jacobsbad,Pakistan,JAG,OPJA,28.28420066833496,68.44969940185547,Asia/Karachi
2206,Jinnah International Airport,Karachi,Pakistan,KHI,OPKC,24.9065,67.160797,Asia/Karachi
2207,Alama Iqbal International Airport,Lahore,Pakistan,LHE,OPLA,31.5216007232666,74.40360260009766,Asia/Karachi
2208,Walton Airport,Lahore,Pakistan,,OPLH,31.494800567626953,74.34619903564453,Asia/Karachi
2209,Mangla Airport,Mangla,Pakistan,XJM,OPMA,33.05009841918945,73.63839721679688,Asia/Karachi
2210,Muzaffarabad Airport,Muzaffarabad,Pakistan,MFG,OPMF,34.3390007019043,73.50859832763672,Asia/Karachi
2211,Mianwali Air Base,Mianwali,Pakistan,MWD,OPMI,32.5630989074707,71.5707015991211,Asia/Karachi
2212,Moenjodaro Airport,Moenjodaro,Pakistan,MJD,OPMJ,27.3351993560791,68.14309692382812,Asia/Karachi
2213,Masroor Air Base,Karachi,Pakistan,,OPMR,24.893600463867188,66.93879699707031,Asia/Karachi
2214,Multan International Airport,Multan,Pakistan,MUX,OPMT,30.20319938659668,71.41909790039062,Asia/Karachi
2215,Shaheed Benazirabad Airport,Nawabshah,Pakistan,WNS,OPNH,26.2194,68.390099,Asia/Karachi
2216,Okara Cantonment Airstrip,Okara,Pakistan,,OPOK,30.740999221800003,73.3576965332,Asia/Karachi
2217,Panjgur Airport,Panjgur,Pakistan,PJG,OPPG,26.954500198364258,64.13249969482422,Asia/Karachi
2218,Pasni Airport,Pasni,Pakistan,PSI,OPPI,25.29050064086914,63.34510040283203,Asia/Karachi
2219,Peshawar International Airport,Peshawar,Pakistan,PEW,OPPS,33.993900299072266,71.51460266113281,Asia/Karachi
2220,Qasim Airport,Qasim,Pakistan,,OPQS,33.56019973754883,73.033203125,Asia/Karachi
2221,Quetta International Airport,Quetta,Pakistan,UET,OPQT,30.251399993896484,66.93779754638672,Asia/Karachi
2222,Shaikh Zaid Airport,Rahim Yar Khan,Pakistan,RYK,OPRK,28.383899688720703,70.27960205078125,Asia/Karachi
2223,Benazir Bhutto International Airport,Islamabad,Pakistan,,OPRN,33.616699,73.099197,Asia/Karachi
2224,Risalpur Air Base,Risalpur,Pakistan,,OPRS,34.08110046386719,71.97260284423828,Asia/Karachi
2225,Rawalakot Airport,Rawala Kot,Pakistan,RAZ,OPRT,33.849700927734375,73.79810333251953,Asia/Karachi
2227,Sukkur Airport,Sukkur,Pakistan,SKZ,OPSK,27.722000122070312,68.79170227050781,Asia/Karachi
2228,Saidu Sharif Airport,Saidu Sharif,Pakistan,SDT,OPSS,34.8135986328125,72.35279846191406,Asia/Karachi
2229,Sui Airport,Sui,Pakistan,SUL,OPSU,28.645099639892578,69.1769027709961,Asia/Karachi
2230,Talhar Airport,Talhar,Pakistan,BDN,OPTH,24.84149932861328,68.8384017944336,Asia/Karachi
2232,Wana Airport,Wana,Pakistan,WAF,OPWN,32.3046989440918,69.57039642333984,Asia/Karachi
2233,Zhob Airport,Zhob,Pakistan,PZH,OPZB,31.358400344848633,69.4636001586914,Asia/Karachi
2234,Basrah International Airport,Basrah,Iraq,BSR,ORMM,30.549100875854492,47.66210174560547,Asia/Baghdad
2235,Aleppo International Airport,Aleppo,Syria,ALP,OSAP,36.18069839477539,37.22439956665039,Asia/Damascus
2236,Damascus International Airport,Damascus,Syria,DAM,OSDI,33.4114990234375,36.51559829711914,Asia/Damascus
2237,Deir ez-Zor Air Base,Deire Zor,Syria,DEZ,OSDZ,35.2854,40.175999,Asia/Damascus
2239,Bassel Al-Assad International Airport,Latakia,Syria,LTK,OSLK,35.401100158691406,35.948699951171875,Asia/Damascus
2240,Palmyra Airport,Palmyra,Syria,PMS,OSPR,34.5574,38.316898,Asia/Damascus
2241,Doha International Airport,Doha,Qatar,DIA,OTBD,25.261101,51.565102,Asia/Qatar
2242,Canton Island Airport,Canton Island,Kiribati,CIS,PCIS,-2.7681200504300003,-171.710006714,Pacific/Enderbury
2243,Rota International Airport,Rota,Northern Mariana Islands,ROP,PGRO,14.174300193786621,145.2429962158203,Pacific/Saipan
2244,Saipan International Airport,Saipan,Northern Mariana Islands,SPN,PGSN,15.119,145.729004,Pacific/Saipan
2245,Andersen Air Force Base,Andersen,Guam,UAM,PGUA,13.584,144.929998,Pacific/Guam
2246,Antonio B. Won Pat International Airport,Agana,Guam,GUM,PGUM,13.4834003448,144.796005249,Pacific/Guam
2247,Tinian International Airport,West Tinian,Northern Mariana Islands,TIQ,PGWT,14.999199867248535,145.61900329589844,Pacific/Saipan
2249,Marshall Islands International Airport,Majuro,Marshall Islands,MAJ,PKMJ,7.064760208129883,171.27200317382812,Pacific/Majuro
2250,Dyess Army Air Field,Kwajalein,Marshall Islands,,PKRO,9.396889686580002,167.470993042,Pacific/Majuro
2251,Bucholz Army Air Field,Kwajalein,Marshall Islands,KWA,PKWA,8.720120429992676,167.73199462890625,Pacific/Majuro
2252,Cassidy International Airport,Kiritimati,Kiribati,CXI,PLCH,1.9861600399017334,-157.35000610351562,\N
2253,Henderson Field,Midway,Midway Islands,MDY,PMDY,28.20170021057129,-177.38099670410156,Pacific/Midway
2254,Chuuk International Airport,Chuuk,Micronesia,TKK,PTKK,7.461870193481445,151.84300231933594,Pacific/Truk
2255,Pohnpei International Airport,Pohnpei,Micronesia,PNI,PTPN,6.985099792480469,158.20899963378906,Pacific/Ponape
2256,Babelthuap Airport,Babelthuap,Palau,ROR,PTRO,7.36731,134.544236,Pacific/Palau
2257,Kosrae International Airport,Kosrae,Micronesia,KSA,PTSA,5.35698,162.957993,Pacific/Kosrae
2258,Yap International Airport,Yap,Micronesia,YAP,PTYA,9.49891,138.082993,Pacific/Truk
2259,Kinmen Airport,Kinmen,Taiwan,KNH,RCBS,24.4279,118.359001,Asia/Taipei
2260,Pingtung South Airport,Pingtung,Taiwan,,RCDC,22.672399520874023,120.46199798583984,Asia/Taipei
2261,Longtan Air Base,Longtang,Taiwan,,RCDI,24.855100631713867,121.23799896240234,Asia/Taipei
2262,Taitung Airport,Fengnin,Taiwan,TTT,RCFN,22.7549991607666,121.10199737548828,Asia/Taipei
2263,Lyudao Airport,Green Island,Taiwan,GNI,RCGI,22.673900604248047,121.46600341796875,Asia/Taipei
2264,Kaohsiung International Airport,Kaohsiung,Taiwan,KHH,RCKH,22.57710075378418,120.3499984741211,Asia/Taipei
2265,Chiayi Airport,Chiayi,Taiwan,CYI,RCKU,23.46179962158203,120.39299774169922,Asia/Taipei
2267,Lanyu Airport,Lanyu,Taiwan,KYD,RCLY,22.027000427246094,121.53500366210938,Asia/Taipei
2268,Taichung Ching Chuang Kang Airport,Taichung,Taiwan,RMQ,RCMQ,24.264699935913086,120.62100219726562,Asia/Taipei
2270,Tainan Airport,Tainan,Taiwan,TNN,RCNN,22.95039939880371,120.20600128173828,Asia/Taipei
2271,Hsinchu Air Base,Hsinchu,Taiwan,HSZ,RCPO,24.8180007935,120.939002991,Asia/Taipei
2272,Makung Airport,Makung,Taiwan,MZG,RCQC,23.568700790405273,119.62799835205078,Asia/Taipei
2273,Chihhang Air Base,Taitung,Taiwan,,RCQS,22.793100357055664,121.18199920654297,Asia/Taipei
2274,Pingtung North Airport,Pingtung,Taiwan,PIF,RCSQ,22.700199127197266,120.48200225830078,Asia/Taipei
2275,Taipei Songshan Airport,Taipei,Taiwan,TSA,RCSS,25.069400787353516,121.552001953125,Asia/Taipei
2276,Taiwan Taoyuan International Airport,Taipei,Taiwan,TPE,RCTP,25.0777,121.233002,Asia/Taipei
2277,Wang-an Airport,Wang An,Taiwan,WOT,RCWA,23.367372512817383,119.50277709960938,Asia/Taipei
2278,Hualien Airport,Hualien,Taiwan,HUN,RCYU,24.023099899291992,121.61799621582031,Asia/Taipei
2279,Narita International Airport,Tokyo,Japan,NRT,RJAA,35.7647018433,140.386001587,Asia/Tokyo
2280,Matsumoto Airport,Matsumoto,Japan,MMJ,RJAF,36.16680145263672,137.92300415039062,Asia/Tokyo
2281,Hyakuri Airport,Ibaraki,Japan,IBR,RJAH,36.181098938,140.414993286,Asia/Tokyo
2282,Minami Torishima Airport,Minami Tori Shima,Japan,MUS,RJAM,24.2896995544,153.979003906,Asia/Tokyo
2283,Iwo Jima Airport,Iwojima,Japan,IWO,RJAW,24.784000396728516,141.322998046875,Asia/Tokyo
2284,Nanki Shirahama Airport,Nanki-shirahama,Japan,SHM,RJBD,33.6622009277,135.363998413,Asia/Tokyo
2285,Kohnan Airport,Kohnan,Japan,,RJBK,34.59080123901367,133.93299865722656,Asia/Tokyo
2286,Tokachi-Obihiro Airport,Obihiro,Japan,OBO,RJCB,42.7332992554,143.216995239,Asia/Tokyo
2287,New Chitose Airport,Sapporo,Japan,CTS,RJCC,42.77519989013672,141.69200134277344,Asia/Tokyo
2288,Hakodate Airport,Hakodate,Japan,HKD,RJCH,41.7700004578,140.822006226,Asia/Tokyo
2289,Chitose Air Base,Chitose,Japan,,RJCJ,42.79449844359999,141.666000366,Asia/Tokyo
2290,Memanbetsu Airport,Memanbetsu,Japan,MMB,RJCM,43.8805999756,144.164001465,Asia/Tokyo
2291,Nakashibetsu Airport,Nakashibetsu,Japan,SHB,RJCN,43.5774993896,144.960006714,Asia/Tokyo
2293,Tokachi Airport,Tokachi,Japan,,RJCT,42.890499114990234,143.1580047607422,Asia/Tokyo
2294,Wakkanai Airport,Wakkanai,Japan,WKJ,RJCW,45.4042015076,141.800994873,Asia/Tokyo
2295,Iki Airport,Iki,Japan,IKI,RJDB,33.7490005493,129.785003662,Asia/Tokyo
2296,Yamaguchi Ube Airport,Yamaguchi,Japan,UBJ,RJDC,33.930000305200004,131.279006958,Asia/Tokyo
2297,Tsushima Airport,Tsushima,Japan,TSJ,RJDT,34.2849006653,129.330993652,Asia/Tokyo
2298,Monbetsu Airport,Monbetsu,Japan,MBE,RJEB,44.303901672399995,143.404006958,Asia/Tokyo
2299,Asahikawa Airport,Asahikawa,Japan,AKJ,RJEC,43.670799255371094,142.44700622558594,Asia/Tokyo
2300,Okushiri Airport,Okushiri,Japan,OIR,RJEO,42.0717010498,139.432998657,Asia/Tokyo
2301,Rishiri Airport,Rishiri Island,Japan,RIS,RJER,45.2420005798,141.186004639,Asia/Tokyo
2302,Ashiya Airport,Ashiya,Japan,,RJFA,33.88309860229492,130.6529998779297,Asia/Tokyo
2303,Yakushima Airport,Yakushima,Japan,KUM,RJFC,30.3855991364,130.658996582,Asia/Tokyo
2304,Fukue Airport,Fukue,Japan,FUJ,RJFE,32.66630172729492,128.83299255371094,Asia/Tokyo
2305,Fukuoka Airport,Fukuoka,Japan,FUK,RJFF,33.585899353027344,130.4510040283203,Asia/Tokyo
2306,New Tanegashima Airport,Tanegashima,Japan,TNE,RJFG,30.605100631699997,130.990997314,Asia/Tokyo
2307,Kagoshima Airport,Kagoshima,Japan,KOJ,RJFK,31.80340003967285,130.718994140625,Asia/Tokyo
2308,Miyazaki Airport,Miyazaki,Japan,KMI,RJFM,31.877199173,131.449005127,Asia/Tokyo
2309,Nyutabaru Airport,Nyutabaru,Japan,,RJFN,32.08359909057617,131.4510040283203,Asia/Tokyo
2310,Oita Airport,Oita,Japan,OIT,RJFO,33.479400634799994,131.736999512,Asia/Tokyo
2311,Kitakyūshū Airport,Kitakyushu,Japan,KKJ,RJFR,33.8459014893,131.035003662,Asia/Tokyo
2312,Kumamoto Airport,Kumamoto,Japan,KMJ,RJFT,32.83729934692383,130.85499572753906,Asia/Tokyo
2313,Nagasaki Airport,Nagasaki,Japan,NGS,RJFU,32.916900634799994,129.914001465,Asia/Tokyo
2314,Kanoya Airport,Kanoya,Japan,,RJFY,31.367599487304688,130.84500122070312,Asia/Tokyo
2315,Tsuiki Air Field,Tsuiki,Japan,,RJFZ,33.6850013733,131.039993286,Asia/Tokyo
2316,Amami Airport,Amami,Japan,ASJ,RJKA,28.430599212646484,129.71299743652344,Asia/Tokyo
2317,Okierabu Airport,Okierabu,Japan,OKE,RJKB,27.4255008698,128.701004028,Asia/Tokyo
2318,Tokunoshima Airport,Tokunoshima,Japan,TKN,RJKN,27.83639907836914,128.88099670410156,Asia/Tokyo
2319,Fukui Airport,Fukui,Japan,FKJ,RJNF,36.1427993774,136.223999023,Asia/Tokyo
2320,Gifu Airport,Gifu,Japan,QGU,RJNG,35.394100189208984,136.8699951171875,Asia/Tokyo
2321,Hamamatsu Airport,Hamamatsu,Japan,,RJNH,34.75019836425781,137.7030029296875,Asia/Tokyo
2322,Komatsu Airport,Kanazawa,Japan,KMQ,RJNK,36.39459991455078,136.40699768066406,Asia/Tokyo
2323,Oki Airport,Oki Island,Japan,OKI,RJNO,36.18109893798828,133.3249969482422,Asia/Tokyo
2324,Toyama Airport,Toyama,Japan,TOY,RJNT,36.64830017089844,137.18800354003906,Asia/Tokyo
2325,Shizuhama Airport,Yaizu,Japan,,RJNY,34.812801361083984,138.29800415039062,Asia/Tokyo
2326,Hiroshima Airport,Hiroshima,Japan,HIJ,RJOA,34.4361000061,132.919006348,Asia/Tokyo
2327,Okayama Airport,Okayama,Japan,OKJ,RJOB,34.7569007874,133.854995728,Asia/Tokyo
2328,Izumo Airport,Izumo,Japan,IZO,RJOC,35.4136009216,132.88999939,Asia/Tokyo
2329,Hofu Airport,Hofu,Japan,,RJOF,34.034698486328125,131.5489959716797,Asia/Tokyo
2330,Miho Yonago Airport,Miho,Japan,YGJ,RJOH,35.4921989440918,133.23599243164062,Asia/Tokyo
2332,Kōchi Ryōma Airport,Kochi,Japan,KCZ,RJOK,33.546101,133.669006,Asia/Tokyo
2333,Matsuyama Airport,Matsuyama,Japan,MYJ,RJOM,33.82720184326172,132.6999969482422,Asia/Tokyo
2334,Osaka International Airport,Osaka,Japan,ITM,RJOO,34.785499572753906,135.43800354003906,Asia/Tokyo
2335,Tottori Airport,Tottori,Japan,TTJ,RJOR,35.5301017761,134.167007446,Asia/Tokyo
2336,Tokushima Airport/JMSDF Air Base,Tokushima,Japan,TKS,RJOS,34.132801,134.606995,Asia/Tokyo
2337,Takamatsu Airport,Takamatsu,Japan,TAK,RJOT,34.214199066199996,134.01600647,Asia/Tokyo
2338,Yao Airport,Osaka,Japan,,RJOY,34.59629821777344,135.60299682617188,Asia/Tokyo
2339,Ozuki Airport,Ozuki,Japan,,RJOZ,34.0452995300293,131.052001953125,Asia/Tokyo
2340,Aomori Airport,Aomori,Japan,AOJ,RJSA,40.73469924926758,140.6909942626953,Asia/Tokyo
2341,Yamagata Airport,Yamagata,Japan,GAJ,RJSC,38.411899566699994,140.371002197,Asia/Tokyo
2342,Sado Airport,Sado,Japan,SDS,RJSD,38.0601997375,138.414001465,Asia/Tokyo
2343,Hachinohe Airport,Hachinoe,Japan,HHE,RJSH,40.556400299072266,141.46600341796875,Asia/Tokyo
2344,Hanamaki Airport,Hanamaki,Japan,HNA,RJSI,39.4286003112793,141.13499450683594,Asia/Tokyo
2345,Akita Airport,Akita,Japan,AXT,RJSK,39.6156005859375,140.218994140625,Asia/Tokyo
2346,Misawa Air Base,Misawa,Japan,MSJ,RJSM,40.703201293899994,141.367996216,Asia/Tokyo
2347,Sendai Airport,Sendai,Japan,SDJ,RJSS,38.1397018433,140.917007446,Asia/Tokyo
2348,Matsushima Air Base,Matsushima,Japan,,RJST,38.4048995972,141.220001221,Asia/Tokyo
2350,Atsugi Naval Air Facility,Atsugi,Japan,NJA,RJTA,35.4546012878418,139.4499969482422,Asia/Tokyo
2351,Tateyama Airport,Tateyama,Japan,,RJTE,34.987099,139.828995,Asia/Tokyo
2352,Hachijojima Airport,Hachijojima,Japan,HAC,RJTH,33.1150016785,139.785995483,Asia/Tokyo
2353,Iruma Air Base,Iruma,Japan,,RJTJ,35.84189987182617,139.41099548339844,Asia/Tokyo
2354,Kisarazu Airport,Kisarazu,Japan,,RJTK,35.39830017089844,139.91000366210938,Asia/Tokyo
2355,Shimofusa Airport,Shimofusa,Japan,,RJTL,35.79890060424805,140.01100158691406,Asia/Tokyo
2356,Oshima Airport,Oshima,Japan,OIM,RJTO,34.782001495399996,139.36000061,Asia/Tokyo
2358,Kastner Army Heliport,Zama,Japan,,RJTR,35.5138015747,139.393997192,Asia/Tokyo
2359,Tokyo Haneda International Airport,Tokyo,Japan,HND,RJTT,35.552299,139.779999,Asia/Tokyo
2360,Yokota Air Base,Yokota,Japan,OKO,RJTY,35.74850082397461,139.34800720214844,Asia/Tokyo
2361,Gwangju Airport,Kwangju,South Korea,KWJ,RKJJ,35.123173,126.805444,Asia/Seoul
2364,Jeon Ju Airport (G-703),Jhunju,South Korea,CHN,RKJU,35.87808,127.119112,Asia/Seoul
2365,Yeosu Airport,Yeosu,South Korea,RSU,RKJY,34.84230041503906,127.61699676513672,Asia/Seoul
2366,Sokcho Airport,Sokch'o,South Korea,,RKND,38.142601013183594,128.5989990234375,Asia/Seoul
2367,Gangneung Airport (K-18),Kangnung,South Korea,KAG,RKNN,37.753601,128.943915,Asia/Seoul
2370,Jeju International Airport,Cheju,South Korea,CJU,RKPC,33.51129913330078,126.49299621582031,Asia/Seoul
2371,Jinhae Airbase/Airport (G-813/K-10),Chinhae,South Korea,CHF,RKPE,35.140248,128.696229,Asia/Seoul
2372,Gimhae International Airport,Busan,South Korea,PUS,RKPK,35.1795005798,128.93800354,Asia/Seoul
2374,Ulsan Airport,Ulsan,South Korea,USN,RKPU,35.59349823,129.352005005,Asia/Seoul
2375,A 511 Airport,Pyongtaek,South Korea,,RKSG,36.96220016479492,127.03099822998047,Asia/Seoul
2376,Seoul Air Base (K-16),Seoul East,South Korea,SSN,RKSM,37.444744,127.112718,Asia/Seoul
2377,Osan Air Base,Osan,South Korea,OSN,RKSO,37.090599,127.029999,Asia/Seoul
2378,Gimpo International Airport,Seoul,South Korea,GMP,RKSS,37.5583,126.791,Asia/Seoul
2379,Suwon Airport,Suwon,South Korea,SWU,RKSW,37.23939895629883,127.00700378417969,Asia/Seoul
2380,Pohang Airport (G-815/K-3),Pohang,South Korea,KPO,RKTH,35.987955,129.420383,Asia/Seoul
2381,Daegu Airport,Taegu,South Korea,TAE,RKTN,35.896872,128.65531,Asia/Seoul
2383,Yecheon Airbase,Yechon,South Korea,YEC,RKTY,36.630373,128.34971,Asia/Seoul
2384,Naha Airport,Okinawa,Japan,OKA,ROAH,26.1958007812,127.646003723,Asia/Tokyo
2385,Ie Shima Auxiliary Air Base,Iejima,Japan,,RODE,26.725757598876953,127.76490020751953,Asia/Tokyo
2386,Kadena Air Base,Kadena,Japan,DNA,RODN,26.3556,127.767998,Asia/Tokyo
2387,New Ishigaki Airport,Ishigaki,Japan,ISG,ROIG,24.396389,124.245,Asia/Tokyo
2388,Kumejima Airport,Kumejima,Japan,UEO,ROKJ,26.363500595092773,126.71399688720703,Asia/Tokyo
2389,Minami-Daito Airport,Minami Daito,Japan,MMD,ROMD,25.8465003967,131.263000488,Asia/Tokyo
2390,Miyako Airport,Miyako,Japan,MMY,ROMY,24.782800674399997,125.294998169,Asia/Tokyo
2391,Kitadaito Airport,Kitadaito,Japan,KTD,RORK,25.9447002411,131.32699585,Asia/Tokyo
2392,Shimojishima Airport,Shimojishima,Japan,SHI,RORS,24.8267002106,125.144996643,Asia/Tokyo
2393,Tarama Airport,Tarama,Japan,TRA,RORT,24.653900146499996,124.675003052,Asia/Tokyo
2394,Yoron Airport,Yoron,Japan,RNJ,RORY,27.0440006256,128.401992798,Asia/Tokyo
2395,Futenma Marine Corps Air Station,Futema,Japan,,ROTM,26.27429962158203,127.75599670410156,Asia/Tokyo
2396,Yonaguni Airport,Yonaguni Jima,Japan,OGN,ROYN,24.466899871826172,122.97799682617188,Asia/Tokyo
2397,Ninoy Aquino International Airport,Manila,Philippines,MNL,RPLL,14.5086,121.019997,Asia/Manila
2399,Awang Airport,Cotabato,Philippines,CBO,RPMC,7.1652398109436035,124.20999908447266,Asia/Manila
2400,Cagayan De Oro Airport,Ladag,Philippines,,RPML,8.41562,124.611,Asia/Manila
2401,Pagadian Airport,Pagadian,Philippines,PAG,RPMP,7.83073144787,123.461179733,Asia/Manila
2402,General Santos International Airport,Romblon,Philippines,GES,RPMR,6.05800008774,125.096000671,Asia/Manila
2404,Zamboanga International Airport,Zamboanga,Philippines,ZAM,RPMZ,6.922420024871826,122.05999755859375,Asia/Manila
2405,Loakan Airport,Baguio,Philippines,BAG,RPUB,16.375099182128906,120.62000274658203,Asia/Manila
2406,Daet Airport,Daet,Philippines,DTE,RPUD,14.129199981689453,122.9800033569336,Asia/Manila
2407,Basa Air Base,Floridablanca,Philippines,,RPUF,14.98724,120.492554,Asia/Manila
2408,Lingayen Airport,Lingayen,Philippines,,RPUG,16.034799575805664,120.24099731445312,Asia/Manila
2409,San Jose Airport,San Jose,Philippines,SJI,RPUH,12.361499786399998,121.04699707,Asia/Manila
2410,Fernando Air Base,Lipa,Philippines,,RPUL,13.954999923706055,121.125,Asia/Manila
2411,Mamburao Airport,Mamburao,Philippines,MBO,RPUM,13.208100318908691,120.6050033569336,Asia/Manila
2414,Vigan Airport,Vigan,Philippines,,RPUQ,17.555299758911133,120.35600280761719,Asia/Manila
2415,Dr.Juan C. Angara Airport,Baler,Philippines,BQA,RPUR,15.729309,121.500034,Asia/Manila
2421,Bagabag Airport,Bagabag,Philippines,,RPUZ,16.6192,121.251999,Asia/Manila
2422,Daniel Z. Romualdez Airport,Tacloban,Philippines,TAC,RPVA,11.228035,125.027761,Asia/Manila
2423,Bacolod-Silay Airport,Bacolod,Philippines,BCD,RPVB,10.7764,123.014999,Asia/Manila
2425,Sibulan Airport,Dumaguete,Philippines,DGT,RPVD,9.3337097168,123.300003052,Asia/Manila
2426,Godofredo P. Ramos Airport,Caticlan,Philippines,MPH,RPVE,11.9245,121.954002,Asia/Manila
2428,Guiuan Airport,Guiuan,Philippines,,RPVG,11.0354995728,125.741996765,Asia/Manila
2429,Iloilo International Airport,Iloilo,Philippines,ILO,RPVI,10.833017,122.493358,Asia/Manila
2430,Kalibo International Airport,Kalibo,Philippines,KLO,RPVK,11.679400444,122.375999451,Asia/Manila
2433,Puerto Princesa Airport,Puerto Princesa,Philippines,PPS,RPVP,9.742119789123535,118.75900268554688,Asia/Manila
2435,Evelio Javier Airport,San Jose,Philippines,EUQ,RPVS,10.765999794,121.932998657,Asia/Manila
2436,Comodoro Pierrestegui Airport,Concordia,Argentina,COC,SAAC,-31.2969,-57.9966,America/Cordoba
2437,Gualeguaychu Airport,Gualeguaychu,Argentina,GHU,SAAG,-33.0103,-58.6131,America/Cordoba
2438,Junin Airport,Junin,Argentina,JNI,SAAJ,-34.5459,-60.9306,America/Buenos_Aires
2439,General Urquiza Airport,Parana,Argentina,PRA,SAAP,-31.7948,-60.4804,America/Cordoba
2440,Islas Malvinas Airport,Rosario,Argentina,ROS,SAAR,-32.9036,-60.785,America/Cordoba
2441,Sauce Viejo Airport,Santa Fe,Argentina,SFN,SAAV,-31.7117,-60.8117,America/Cordoba
2442,Jorge Newbery Airpark,Buenos Aires,Argentina,AEP,SABE,-34.5592,-58.4156,America/Buenos_Aires
2443,Ingeniero Ambrosio Taravella Airport,Cordoba,Argentina,COR,SACO,-31.323601,-64.208,America/Cordoba
2444,Chamical Airport,Gobernador Gordillo,Argentina,,SACT,-30.34530067,-66.29360198,America/Argentina/La_Rioja
2445,San Fernando Airport,San Fernando,Argentina,FDO,SADF,-34.4532,-58.5896,America/Buenos_Aires
2446,Mariano Moreno Airport,Jose C. Paz,Argentina,,SADJ,-34.5606,-58.7896,America/Buenos_Aires
2447,La Plata Airport,La Plata,Argentina,LPG,SADL,-34.9722,-57.8947,America/Buenos_Aires
2448,Moron Airport,Moron,Argentina,,SADM,-34.6763,-58.6428,America/Buenos_Aires
2449,El Palomar Airport,El Palomar,Argentina,EPA,SADP,-34.6099,-58.6126,America/Buenos_Aires
2450,Chos Malal Airport,Chosmadal,Argentina,HOS,SAHC,-37.444698333699996,-70.2225036621,America/Argentina/Salta
2451,Dr. Arturo H. Illia Airport,Fuerte Gral Roca,Argentina,GNR,SAHR,-39.0007019043,-67.6204986572,America/Argentina/Salta
2452,El Plumerillo Airport,Mendoza,Argentina,MDZ,SAME,-32.8316993713,-68.7929000854,America/Mendoza
2453,Comodoro D.R. Salomón Airport,Malargue,Argentina,LGS,SAMM,-35.493598938,-69.5743026733,America/Mendoza
2454,Suboficial Ay Santiago Germano Airport,San Rafael,Argentina,AFA,SAMR,-34.588299,-68.4039,America/Mendoza
2455,Catamarca Airport,Catamarca,Argentina,CTC,SANC,-28.5956001282,-65.751701355,America/Catamarca
2456,Vicecomodoro Angel D. La Paz Aragonés Airport,Santiago Del Estero,Argentina,SDE,SANE,-27.765556335399996,-64.3099975586,America/Cordoba
2457,Tinogasta Airport,Tinogasta,Argentina,,SANI,-28.0377998352,-67.5802993774,America/Catamarca
2458,Capitan V A Almonacid Airport,La Rioja,Argentina,IRJ,SANL,-29.3815994263,-66.7957992554,America/Argentina/La_Rioja
2459,Chilecito Airport,Chilecito,Argentina,,SANO,-29.2238998413,-67.4389038086,America/Argentina/La_Rioja
2460,Teniente Benjamin Matienzo Airport,Tucuman,Argentina,TUC,SANT,-26.8409,-65.104897,America/Argentina/Tucuman
2461,Domingo Faustino Sarmiento Airport,San Juan,Argentina,UAQ,SANU,-31.571501,-68.418198,America/Argentina/San_Juan
2462,Area De Material Airport,Rio Cuarto,Argentina,RCU,SAOC,-33.0850982666,-64.2612991333,America/Cordoba
2463,Villa Dolores Airport,Villa Dolores,Argentina,VDR,SAOD,-31.9451999664,-65.1463012695,America/Cordoba
2464,La Quiaca Airport,Laboulaye,Argentina,,SAOL,-22.1506004333,-65.57749938959999,America/Jujuy
2465,Marcos Juarez Airport,Marcos Juarez,Argentina,,SAOM,-32.6836,-62.157801,America/Cordoba
2466,Villa Reynolds Airport,Villa Reynolds,Argentina,VME,SAOR,-33.7299003601,-65.3873977661,America/Argentina/San_Luis
2467,Brigadier Mayor D Cesar Raul Ojeda Airport,San Luis,Argentina,LUQ,SAOU,-33.2732009888,-66.3563995361,America/Argentina/San_Luis
2468,Corrientes Airport,Corrientes,Argentina,CNQ,SARC,-27.4455,-58.7619,America/Cordoba
2469,Resistencia International Airport,Resistencia,Argentina,RES,SARE,-27.45,-59.0561,America/Cordoba
2470,Formosa Airport,Formosa,Argentina,FMA,SARF,-26.2127,-58.2281,America/Cordoba
2471,Cataratas Del Iguazú International Airport,Iguazu Falls,Argentina,IGR,SARI,-25.737301,-54.4734,America/Cordoba
2472,Paso De Los Libres Airport,Paso De Los Libres,Argentina,AOL,SARL,-29.6894,-57.1521,America/Cordoba
2473,Monte Caseros Airport,Monte Caseros,Argentina,MCS,SARM,-30.2719,-57.6402,America/Cordoba
2474,Libertador Gral D Jose De San Martin Airport,Posadas,Argentina,PSS,SARP,-27.3858,-55.9707,America/Cordoba
2475,Termal Airport,Presidencia R.s.pena,Argentina,PRQ,SARS,-26.753611,-60.492222,America/Cordoba
2476,Martin Miguel De Guemes International Airport,Salta,Argentina,SLA,SASA,-24.856000900299996,-65.4861984253,America/Argentina/Salta
2477,Gobernador Horacio Guzman International Airport,Jujuy,Argentina,JUJ,SASJ,-24.392799,-65.097801,America/Jujuy
2478,Orán Airport,Oran,Argentina,ORA,SASO,-23.1527996063,-64.3292007446,America/Argentina/Salta
2479,Laboulaye Airport,La Quiaca,Argentina,,SASQ,-34.1353988647,-63.36230087279999,America/Cordoba
2481,El Dorado Airport,El Dorado,Argentina,ELO,SATD,-26.3974990845,-54.5746994019,America/Cordoba
2482,Goya Airport,Goya,Argentina,OYA,SATG,-29.1058,-59.2189,America/Cordoba
2483,Oberá Airport,Obera,Argentina,,SATO,-27.5181999207,-55.1241989136,America/Cordoba
2484,Reconquista Airport,Reconquista,Argentina,RCQ,SATR,-29.2103,-59.68,America/Cordoba
2485,Curuzu Cuatia Airport,Curuzu Cuatia,Argentina,UZU,SATU,-29.7706,-57.9789,America/Cordoba
2486,El Bolson Airport,El Bolson,Argentina,EHL,SAVB,-41.9431991577,-71.5323028564,America/Argentina/Salta
2487,General E. Mosconi Airport,Comodoro Rivadavia,Argentina,CRD,SAVC,-45.7853,-67.4655,America/Catamarca
2488,Brigadier Antonio Parodi Airport,Esquel,Argentina,EQS,SAVE,-42.908000946,-71.139503479,America/Catamarca
2490,Almirante Marco Andres Zar Airport,Trelew,Argentina,REL,SAVT,-43.2105,-65.2703,America/Catamarca
2491,Gobernador Castello Airport,Viedma,Argentina,VDM,SAVV,-40.8692,-63.0004,America/Argentina/Salta
2492,El Tehuelche Airport,Puerto Madryn,Argentina,PMY,SAVY,-42.7592,-65.1027,America/Catamarca
2493,Marambio Base,Marambio Base,Antarctica,,SAWB,-64.2382965088,-56.6307983398,Antarctica/South_Pole
2494,Puerto Deseado Airport,Puerto Deseado,Argentina,PUD,SAWD,-47.7353,-65.9041,America/Argentina/Rio_Gallegos
2495,Hermes Quijada International Airport,Rio Grande,Argentina,RGA,SAWE,-53.7777,-67.7494,America/Argentina/Ushuaia
2496,Piloto Civil N. Fernández Airport,Rio Gallegos,Argentina,RGL,SAWG,-51.6089,-69.3126,America/Argentina/Rio_Gallegos
2497,Malvinas Argentinas Airport,Ushuaia,Argentina,USH,SAWH,-54.8433,-68.2958,America/Argentina/Ushuaia
2498,Capitan D Daniel Vazquez Airport,San Julian,Argentina,ULA,SAWJ,-49.3068,-67.8026,America/Argentina/Rio_Gallegos
2499,Perito Moreno Airport,Perito Moreno,Argentina,PMQ,SAWP,-46.537899,-70.978699,America/Argentina/Rio_Gallegos
2500,Santa Cruz Airport,Santa Cruz,Argentina,RZA,SAWU,-50.0165,-68.5792,America/Argentina/Rio_Gallegos
2501,Comandante Espora Airport,Bahia Blanca,Argentina,BHI,SAZB,-38.725,-62.1693,America/Buenos_Aires
2502,Brigadier D.H.E. Ruiz Airport,Colonel Suarez,Argentina,CSZ,SAZC,-37.446098,-61.889301,America/Buenos_Aires
2503,Olavarria Airport,Olavarria,Argentina,OVR,SAZF,-36.8899993896,-60.216598510699995,America/Buenos_Aires
2504,General Pico Airport,General Pico,Argentina,GPO,SAZG,-35.6962013245,-63.7583007812,America/Argentina/Salta
2505,Tres Arroyos Airport,Tres Arroyos,Argentina,OYO,SAZH,-38.3869,-60.3297,America/Buenos_Aires
2506,Bolivar Airport,Bolivar,Argentina,,SAZI,-36.1866,-61.0764,America/Buenos_Aires
2508,Ástor Piazzola International Airport,Mar Del Plata,Argentina,MDQ,SAZM,-37.9342,-57.5733,America/Buenos_Aires
2509,Presidente Peron Airport,Neuquen,Argentina,NQN,SAZN,-38.949001,-68.155701,America/Argentina/Salta
2511,Comodoro Pedro Zanni Airport,Pehuajo,Argentina,PEH,SAZP,-35.8446,-61.8576,America/Buenos_Aires
2512,Santa Rosa Airport,Santa Rosa,Argentina,RSA,SAZR,-36.588299,-64.275703,America/Argentina/Salta
2513,San Carlos De Bariloche Airport,San Carlos De Bariloche,Argentina,BRC,SAZS,-41.151199,-71.157501,America/Argentina/Salta
2514,Héroes De Malvinas Airport,Tandil,Argentina,TDL,SAZT,-37.2374000549,-59.2279014587,America/Buenos_Aires
2515,Villa Gesell Airport,Villa Gesell,Argentina,VLG,SAZV,-37.2354,-57.0292,America/Buenos_Aires
2516,Cutral-Co Airport,Cutralco,Argentina,CUT,SAZW,-38.939701080300004,-69.2646026611,America/Argentina/Salta
2517,Aviador C. Campos Airport,San Martin Des Andes,Argentina,CPC,SAZY,-40.075401,-71.137299,America/Argentina/Salta
2518,Conceição do Araguaia Airport,Conceicao Do Araguaia,Brazil,CDJ,SBAA,-8.348349571228027,-49.30149841308594,America/Belem
2519,Campo Délio Jardim de Mattos Airport,Rio De Janeiro,Brazil,,SBAF,-22.875099,-43.384701,America/Sao_Paulo
2520,Amapá Airport,Amapa,Brazil,,SBAM,2.07751,-50.8582,America/Fortaleza
2521,Araraquara Airport,Araracuara,Brazil,AQA,SBAQ,-21.812000274699997,-48.1329994202,America/Sao_Paulo
2522,Santa Maria Airport,Aracaju,Brazil,AJU,SBAR,-10.984000206,-37.0703010559,America/Fortaleza
2524,Piloto Osvaldo Marques Dias Airport,Alta Floresta,Brazil,AFL,SBAT,-9.8663892746,-56.1049995422,America/Campo_Grande
2525,Araçatuba Airport,Aracatuba,Brazil,ARU,SBAU,-21.1413002014,-50.4247016907,America/Sao_Paulo
2526,Val de Cans/Júlio Cezar Ribeiro International Airport,Belem,Brazil,BEL,SBBE,-1.3792500495900002,-48.4762992859,America/Belem
2527,Comandante Gustavo Kraemer Airport,Bage,Brazil,BGX,SBBG,-31.39049911499,-54.112201690674,America/Sao_Paulo
2528,Pampulha - Carlos Drummond de Andrade Airport,Belo Horizonte,Brazil,PLU,SBBH,-19.851200103759766,-43.950599670410156,America/Sao_Paulo
2529,Bacacheri Airport,Curitiba,Brazil,BFH,SBBI,-25.4050998688,-49.23199844359999,America/Sao_Paulo
2530,Major Brigadeiro Doorgal Borges Airport,Barbacena,Brazil,,SBBQ,-21.2672,-43.761101,America/Sao_Paulo
2531,Presidente Juscelino Kubistschek International Airport,Brasilia,Brazil,BSB,SBBR,-15.86916732788086,-47.920833587646484,America/Sao_Paulo
2532,Bauru Airport,Bauru,Brazil,BAU,SBBU,-22.3449993134,-49.0537986755,America/Sao_Paulo
2533,Atlas Brasil Cantanhede Airport,Boa Vista,Brazil,BVB,SBBV,2.84138894081,-60.6922225952,America/Boa_Vista
2534,Barra do Garças Airport,Barra Do Garcas,Brazil,BPG,SBBW,-15.861300468400001,-52.3889007568,America/Campo_Grande
2535,Cascavel Airport,Cascavel,Brazil,CAC,SBCA,-25.0002994537,-53.500801086399996,America/Sao_Paulo
2536,Cachimbo Airport,Itaituba,Brazil,,SBCC,-9.33393955231,-54.9654006958,America/Belem
2537,Tancredo Neves International Airport,Belo Horizonte,Brazil,CNF,SBCF,-19.62444305419922,-43.97194290161133,America/Sao_Paulo
2538,Campo Grande Airport,Campo Grande,Brazil,CGR,SBCG,-20.468700408900002,-54.6725006104,America/Campo_Grande
2539,Serafin Enoss Bertaso Airport,Chapeco,Brazil,XAP,SBCH,-27.134199142456,-52.656600952148,America/Sao_Paulo
2540,Brig. Lysias Augusto Rodrigues Airport,Carolina,Brazil,CLN,SBCI,-7.32043981552124,-47.45869827270508,America/Fortaleza
2541,Diomício Freitas Airport,Criciuma,Brazil,CCM,SBCM,-28.7244434357,-49.4213905334,America/Sao_Paulo
2542,Canoas Air Force Base,Porto Alegre,Brazil,,SBCO,-29.945928,-51.144413,America/Sao_Paulo
2543,Bartolomeu Lisandro Airport,Campos,Brazil,CAW,SBCP,-21.698299408,-41.301700592,America/Sao_Paulo
2544,Corumbá International Airport,Corumba,Brazil,CMG,SBCR,-19.0119438171,-57.6713905334,America/Campo_Grande
2545,Afonso Pena Airport,Curitiba,Brazil,CWB,SBCT,-25.5284996033,-49.1758003235,America/Sao_Paulo
2546,Caravelas Airport,Caravelas,Brazil,CRQ,SBCV,-17.652299880981,-39.253101348877,America/Fortaleza
2547,Hugo Cantergiani Regional Airport,Caxias Do Sul,Brazil,CXJ,SBCX,-29.197099685699996,-51.1875,America/Sao_Paulo
2548,Marechal Rondon Airport,Cuiaba,Brazil,CGB,SBCY,-15.6528997421,-56.1166992188,America/Campo_Grande
2549,Cruzeiro do Sul Airport,Cruzeiro do Sul,Brazil,CZS,SBCZ,-7.59990978241,-72.7695007324,America/Rio_Branco
2550,Presidente Prudente Airport,President Prudente,Brazil,PPB,SBDN,-22.1751003265,-51.4245986938,America/Sao_Paulo
2551,Eduardo Gomes International Airport,Manaus,Brazil,MAO,SBEG,-3.0386099815368652,-60.04970169067383,America/Boa_Vista
2552,Jacareacanga Airport,Jacare-acanga,Brazil,JCR,SBEK,-6.233160018920898,-57.77690124511719,America/Belem
2553,São Pedro da Aldeia Airport,Sao Pedro Da Aldeia,Brazil,,SBES,-22.81290054321289,-42.09260177612305,America/Sao_Paulo
2554,Cataratas International Airport,Foz Do Iguacu,Brazil,IGU,SBFI,-25.600278854370117,-54.48500061035156,America/Sao_Paulo
2555,Hercílio Luz International Airport,Florianopolis,Brazil,FLN,SBFL,-27.670278549194336,-48.5525016784668,America/Sao_Paulo
2556,Fernando de Noronha Airport,Fernando Do Noronha,Brazil,FEN,SBFN,-3.85493,-32.423302,America/Fortaleza
2558,Furnas Airport,Alpinopolis,Brazil,,SBFU,-20.702800750732422,-46.33530044555664,America/Sao_Paulo
2559,Pinto Martins International Airport,Fortaleza,Brazil,FOR,SBFZ,-3.776279926300049,-38.53260040283203,America/Fortaleza
2560,Rio Galeão – Tom Jobim International Airport,Rio De Janeiro,Brazil,GIG,SBGL,-22.8099994659,-43.2505569458,America/Sao_Paulo
2561,Guajará-Mirim Airport,Guajara-mirim,Brazil,GJM,SBGM,-10.786399841308594,-65.28479766845703,America/Boa_Vista
2562,Santa Genoveva Airport,Goiania,Brazil,GYN,SBGO,-16.631999969482422,-49.220699310302734,America/Sao_Paulo
2563,EMBRAER - Unidade Gavião Peixoto Airport,Macae,Brazil,,SBGP,-21.773700714111328,-48.40510177612305,America/Sao_Paulo
2564,Guarulhos - Governador André Franco Montoro International Airport,Sao Paulo,Brazil,GRU,SBGR,-23.435556411743164,-46.47305679321289,America/Sao_Paulo
2565,Guaratinguetá Airport,Guaratingueta,Brazil,GUJ,SBGW,-22.79159927368164,-45.20479965209961,America/Sao_Paulo
2566,Altamira Airport,Altamira,Brazil,ATM,SBHT,-3.2539100646973,-52.254001617432,America/Belem
2567,Itacoatiara Airport,Itaituba,Brazil,ITA,SBIC,-3.1272599697113037,-58.481201171875,America/Boa_Vista
2568,Itaituba Airport,Itaituba,Brazil,ITB,SBIH,-4.2423400878906,-56.000701904297,America/Belem
2569,Bahia - Jorge Amado Airport,Ilheus,Brazil,IOS,SBIL,-14.815999984741,-39.033199310303,America/Fortaleza
2570,Usiminas Airport,Ipatinga,Brazil,IPN,SBIP,-19.470699310303,-42.487598419189,America/Sao_Paulo
2571,Francisco Vilela do Amaral Airport,Itumbiara,Brazil,ITR,SBIT,-18.4447002411,-49.2134017944,America/Sao_Paulo
2572,Prefeito Renato Moreira Airport,Imperatriz,Brazil,IMP,SBIZ,-5.53129,-47.459999,America/Fortaleza
2573,Belém/Brigadeiro Protásio de Oliveira Airport,Belem,Brazil,,SBJC,-1.4141600132,-48.4607009888,America/Belem
2574,Francisco de Assis Airport,Juiz De Fora,Brazil,JDF,SBJF,-21.791500091552734,-43.38679885864258,America/Sao_Paulo
2575,Presidente Castro Pinto International Airport,Joao Pessoa,Brazil,JPA,SBJP,-7.145833015440001,-34.9486122131,America/Fortaleza
2576,Lauro Carneiro de Loyola Airport,Joinville,Brazil,JOI,SBJV,-26.22450065612793,-48.797401428222656,America/Sao_Paulo
2577,Presidente João Suassuna Airport,Campina Grande,Brazil,CPV,SBKG,-7.26992,-35.8964,America/Fortaleza
2578,Viracopos International Airport,Campinas,Brazil,VCP,SBKP,-23.0074005127,-47.1344985962,America/Sao_Paulo
2579,Lages Airport,Lajes,Brazil,LAJ,SBLJ,-27.782100677499997,-50.28150177,America/Sao_Paulo
2580,Lins Airport,Lins,Brazil,LIP,SBLN,-21.663999557495,-49.730499267578,America/Sao_Paulo
2581,Governador José Richa Airport,Londrina,Brazil,LDB,SBLO,-23.333599090599996,-51.1301002502,America/Sao_Paulo
2582,Bom Jesus da Lapa Airport,Bom Jesus Da Lapa,Brazil,LAZ,SBLP,-13.2621002197,-43.4081001282,America/Fortaleza
2583,Lagoa Santa Airport,Lagoa Santa,Brazil,,SBLS,-19.66160011291504,-43.896400451660156,America/Sao_Paulo
2584,João Correa da Rocha Airport,Maraba,Brazil,MAB,SBMA,-5.36858987808,-49.138000488299994,America/Belem
2585,Monte Dourado Airport,Almeirim,Brazil,MEU,SBMD,-0.889839,-52.6022,America/Belem
2586,Regional de Maringá - Sílvio Nane Junior Airport,Maringa,Brazil,MGF,SBMG,-23.479444503799996,-52.01222229,America/Sao_Paulo
2587,Mário Ribeiro Airport,Montes Claros,Brazil,MOC,SBMK,-16.706899642899998,-43.818901062,America/Sao_Paulo
2589,Ponta Pelada Airport,Manaus,Brazil,PLL,SBMN,-3.1460399627685547,-59.98630142211914,America/Boa_Vista
2590,Zumbi dos Palmares Airport,Maceio,Brazil,MCZ,SBMO,-9.510809898376465,-35.79169845581055,America/Fortaleza
2591,Alberto Alcolumbre Airport,Macapa,Brazil,MCP,SBMQ,0.0506640002131,-51.0722007751,America/Fortaleza
2592,Dix-Sept Rosado Airport,Mocord,Brazil,MVF,SBMS,-5.2019200324999995,-37.3642997742,America/Fortaleza
2593,Campo de Marte Airport,Sao Paulo,Brazil,,SBMT,-23.5090999603,-46.6377983093,America/Sao_Paulo
2594,Manicoré Airport,Manicore,Brazil,MNX,SBMY,-5.8113799095154,-61.278301239014,America/Boa_Vista
2595,Ministro Victor Konder International Airport,Navegantes,Brazil,NVT,SBNF,-26.879999,-48.651402,America/Sao_Paulo
2596,Santo Ângelo Airport,Santo Angelo,Brazil,GEL,SBNM,-28.2817,-54.169102,America/Sao_Paulo
2597,Governador Aluízio Alves International Airport,Natal,Brazil,NAT,SBSG,-5.768056,-35.376111,America/Fortaleza
2598,Oiapoque Airport,Oioiapoque,Brazil,OYK,SBOI,3.85548996925354,-51.79690170288086,America/Fortaleza
2599,Salgado Filho Airport,Porto Alegre,Brazil,POA,SBPA,-29.994400024414062,-51.1713981628418,America/Sao_Paulo
2600,Prefeito Doutor João Silva Filho Airport,Parnaiba,Brazil,PHB,SBPB,-2.89374995232,-41.73199844359999,America/Fortaleza
2601,Poços de Caldas - Embaixador Walther Moreira Salles Airport,Pocos De Caldas,Brazil,POO,SBPC,-21.843000411987,-46.567901611328,America/Sao_Paulo
2602,Lauro Kurtz Airport,Passo Fundo,Brazil,PFB,SBPF,-28.243999,-52.326599,America/Sao_Paulo
2603,João Simões Lopes Neto International Airport,Pelotas,Brazil,PET,SBPK,-31.718399,-52.327702,America/Sao_Paulo
2604,Senador Nilo Coelho Airport,Petrolina,Brazil,PNZ,SBPL,-9.362409591674805,-40.56909942626953,America/Fortaleza
2605,Porto Nacional Airport,Porto Nacional,Brazil,PNB,SBPN,-10.719400405883789,-48.39970016479492,America/Fortaleza
2606,Ponta Porã Airport,Ponta Pora,Brazil,PMG,SBPP,-22.54960060119629,-55.702598571777344,America/Campo_Grande
2607,Governador Jorge Teixeira de Oliveira Airport,Porto Velho,Brazil,PVH,SBPV,-8.70928955078125,-63.90230178833008,America/Boa_Vista
2609,Plácido de Castro Airport,Rio Branco,Brazil,RBR,SBRB,-9.868888854980469,-67.89805603027344,America/Rio_Branco
2610,Guararapes - Gilberto Freyre International Airport,Recife,Brazil,REC,SBRF,-8.126489639282227,-34.92359924316406,America/Fortaleza
2612,Santos Dumont Airport,Rio De Janeiro,Brazil,SDU,SBRJ,-22.910499572799996,-43.1631011963,America/Sao_Paulo
2613,Leite Lopes Airport,Ribeirao Preto,Brazil,RAO,SBRP,-21.136388778686523,-47.776668548583984,America/Sao_Paulo
2614,Santa Cruz Air Force Base,Rio De Janeiro,Brazil,SNZ,SBSC,-22.9324,-43.719101,America/Sao_Paulo
2615,Professor Urbano Ernesto Stumpf Airport,Sao Jose Dos Campos,Brazil,SJK,SBSJ,-23.22920036315918,-45.86149978637695,America/Sao_Paulo
2616,Marechal Cunha Machado International Airport,Sao Luis,Brazil,SLZ,SBSL,-2.585360050201416,-44.234100341796875,America/Fortaleza
2618,Congonhas Airport,Sao Paulo,Brazil,CGH,SBSP,-23.626110076904297,-46.65638732910156,America/Sao_Paulo
2619,Prof. Eribelto Manoel Reino State Airport,Sao Jose Do Rio Preto,Brazil,SJP,SBSR,-20.816600799599996,-49.40650177,America/Sao_Paulo
2620,Base Aérea de Santos Airport,Santos,Brazil,SSZ,SBST,-23.928056716918945,-46.299720764160156,America/Sao_Paulo
2621,Deputado Luiz Eduardo Magalhães International Airport,Salvador,Brazil,SSA,SBSV,-12.9086112976,-38.3224983215,America/Fortaleza
2622,Trombetas Airport,Oriximina,Brazil,TMT,SBTB,-1.489599943161,-56.396800994873,America/Belem
2623,Senador Petrônio Portela Airport,Teresina,Brazil,THE,SBTE,-5.0599398613,-42.8235015869,America/Fortaleza
2624,Tefé Airport,Tefe,Brazil,TFF,SBTF,-3.38294005394,-64.7240982056,America/Boa_Vista
2625,Tarauacá Airport,Tarauaca,Brazil,TRQ,SBTK,-8.1552600860596,-70.783302307129,America/Rio_Branco
2626,Telêmaco Borba Airport,Telemaco Borba,Brazil,TEC,SBTL,-24.317800521850586,-50.6515998840332,America/Sao_Paulo
2627,Tiriós Airport,Obidos Tirios,Brazil,,SBTS,2.22347,-55.946098,America/Belem
2628,Tabatinga Airport,Tabatinga,Brazil,TBT,SBTT,-4.2556700706482,-69.93579864502,America/Boa_Vista
2629,Tucuruí Airport,Tucurui,Brazil,TUR,SBTU,-3.7860100269318,-49.72029876709,America/Belem
2630,São Gabriel da Cachoeira Airport,Sao Gabriel,Brazil,SJL,SBUA,-0.14835,-66.9855,America/Boa_Vista
2631,Paulo Afonso Airport,Paulo Alfonso,Brazil,PAV,SBUF,-9.4008798599243,-38.250598907471,America/Fortaleza
2632,Rubem Berta Airport,Uruguaiana,Brazil,URG,SBUG,-29.7821998596,-57.0382003784,America/Sao_Paulo
2633,Ten. Cel. Aviador César Bombonato Airport,Uberlandia,Brazil,UDI,SBUL,-18.883612,-48.225277,America/Sao_Paulo
2635,Mário de Almeida Franco Airport,Uberaba,Brazil,UBA,SBUR,-19.764722824097,-47.966110229492,America/Sao_Paulo
2636,Major Brigadeiro Trompowsky Airport,Varginha,Brazil,VAG,SBVG,-21.5900993347,-45.4733009338,America/Sao_Paulo
2637,Brigadeiro Camarão Airport,Vilhena,Brazil,BVH,SBVH,-12.694399833679,-60.098300933838,America/Boa_Vista
2638,Eurico de Aguiar Salles Airport,Vitoria,Brazil,VIX,SBVT,-20.258057,-40.286388,America/Sao_Paulo
2639,Iauaretê Airport,Iauarete,Brazil,,SBYA,0.6075000166893,-69.18579864502,America/Boa_Vista
2640,Campo Fontenelle Airport,Piracununga,Brazil,QPS,SBYS,-21.984600067138672,-47.334800720214844,America/Sao_Paulo
2641,Chacalluta Airport,Arica,Chile,ARI,SCAR,-18.348499,-70.338699,America/Santiago
2642,Balmaceda Airport,Balmaceda,Chile,BBA,SCBA,-45.916099548339844,-71.68949890136719,America/Santiago
2643,El Bosque Airport,Santiago,Chile,,SCBQ,-33.561798095703125,-70.68840026855469,America/Santiago
2644,Chile Chico Airport,Chile Chico,Chile,CCH,SCCC,-46.58330154418945,-71.6874008178711,America/Santiago
2645,El Loa Airport,Calama,Chile,CJC,SCCF,-22.498199462890625,-68.90360260009766,America/Santiago
2646,Gral. Bernardo O´Higgins Airport,Chillan,Chile,YAI,SCCH,-36.58250045776367,-72.03140258789062,America/Santiago
2647,Pdte. Carlos Ibañez del Campo Airport,Punta Arenas,Chile,PUQ,SCCI,-53.002602,-70.854599,America/Santiago
2648,Teniente Vidal Airport,Coyhaique,Chile,GXQ,SCCY,-45.594200134277344,-72.1061019897461,America/Santiago
2649,Diego Aracena Airport,Iquique,Chile,IQQ,SCDA,-20.535200119018555,-70.1812973022461,America/Santiago
2650,Comodoro Arturo Merino Benítez International Airport,Santiago,Chile,SCL,SCEL,-33.393001556396484,-70.78579711914062,America/Santiago
2651,Andrés Sabella Gálvez International Airport,Antofagasta,Chile,ANF,SCFA,-23.444501,-70.445099,America/Santiago
2652,Capitan Fuentes Martinez Airport Airport,Porvenir,Chile,WPR,SCFM,-53.253700256347656,-70.31919860839844,America/Santiago
2653,Futaleufú Airport,Futaleufu,Chile,FFU,SCFT,-43.18920135498047,-71.8510971069336,America/Santiago
2654,María Dolores Airport,Los Angeles,Chile,LSQ,SCGE,-37.40169906616211,-72.42539978027344,America/Santiago
2655,Guardiamarina Zañartu Airport,Puerto Williams,Chile,WPU,SCGZ,-54.93109893798828,-67.62629699707031,America/Santiago
2656,Carriel Sur Airport,Concepcion,Chile,CCP,SCIE,-36.772701,-73.063103,America/Santiago
2657,Mataveri Airport,Easter Island,Chile,IPC,SCIP,-27.1648006439,-109.42199707,Pacific/Easter
2658,Cañal Bajo Carlos - Hott Siebert Airport,Osorno,Chile,ZOS,SCJO,-40.61119842529297,-73.06099700927734,America/Santiago
2659,Vallenar Airport,Vallenar,Chile,VLR,SCLL,-28.596399307250977,-70.75599670410156,America/Santiago
2660,De La Independencia Airport,Rancagua,Chile,QRC,SCRG,-34.17369842529297,-70.77570343017578,America/Santiago
2661,Teniente Rodolfo Marsh Martin Base,Isla Rey Jorge,Antarctica,TNM,SCRM,-62.1907997131,-58.9866981506,Antarctica/South_Pole
2662,La Florida Airport,La Serena,Chile,LSC,SCSE,-29.916201,-71.199501,America/Santiago
2663,Eulogio Sánchez Airport,Santiago,Chile,,SCTB,-33.456298828125,-70.54669952392578,America/Santiago
2664,Maquehue Airport,Temuco,Chile,PZS,SCTC,-38.766799926758,-72.637100219727,America/Santiago
2665,El Tepual Airport,Puerto Montt,Chile,PMC,SCTE,-41.438899993896484,-73.09400177001953,America/Santiago
2666,Chaitén Airport,Chaiten,Chile,WCH,SCTN,-42.93280029296875,-72.6990966796875,America/Santiago
2667,Pichoy Airport,Valdivia,Chile,ZAL,SCVD,-39.6500015259,-73.0860977173,America/Santiago
2668,Chachoán Airport,Ambato,Ecuador,ATF,SEAM,-1.2120699882507324,-78.57460021972656,America/Guayaquil
2669,Hacienda Clementina Airport,Clementia,Ecuador,,SECM,-1.7062699794769287,-79.37889862060547,America/Guayaquil
2670,Francisco De Orellana Airport,Coca,Ecuador,OCC,SECO,-0.4628860056400299,-76.98680114746094,America/Guayaquil
2671,Mariscal Lamar Airport,Cuenca,Ecuador,CUE,SECU,-2.88947,-78.984398,America/Guayaquil
2672,Seymour Airport,Galapagos,Ecuador,GPS,SEGS,-0.45375800132751465,-90.26589965820312,Pacific/Galapagos
2673,José Joaquín de Olmedo International Airport,Guayaquil,Ecuador,GYE,SEGU,-2.1574199199699997,-79.88359832760001,America/Guayaquil
2674,Gualaquiza Airport,Gualaquiza,Ecuador,,SEGZ,-3.4232099056243896,-78.56700134277344,America/Guayaquil
2675,Atahualpa Airport,Ibarra,Ecuador,,SEIB,0.33841899037361145,-78.13639831542969,America/Guayaquil
2676,Km 192 Airport,Km-192,Ecuador,,SEKK,0.18420299887657166,-79.39199829101562,America/Guayaquil
2677,Hacienda La Julia Airport,La Julia,Ecuador,,SELJ,-1.7043800354003906,-79.55229949951172,America/Guayaquil
2678,Cotopaxi International Airport,Latacunga,Ecuador,LTX,SELT,-0.906833,-78.615799,America/Guayaquil
2679,Jose Maria Velasco Ibarra Airport,Macara,Ecuador,MRR,SEMA,-4.37823009491,-79.94100189210002,America/Guayaquil
2680,Coronel E Carvajal Airport,Macas,Ecuador,XMS,SEMC,-2.2991700172424316,-78.12079620361328,America/Guayaquil
2681,General Manuel Serrano Airport,Machala,Ecuador,MCH,SEMH,-3.2689,-79.961601,America/Guayaquil
2682,El Carmen Airport,Montalvo,Ecuador,,SEMO,-2.067009925842285,-76.97570037841797,America/Guayaquil
2683,Eloy Alfaro International Airport,Manta,Ecuador,MEC,SEMT,-0.9460780024528503,-80.67880249023438,America/Guayaquil
2684,Maragrosa Airport,Maragrosa,Ecuador,,SEMX,-2.851099967956543,-79.80359649658203,America/Guayaquil
2685,Amable Calle Gutierrez Airport,Pasaje,Ecuador,,SEPS,-3.3196699619293213,-79.76920318603516,America/Guayaquil
2686,Reales Tamarindos Airport,Portoviejo,Ecuador,PVO,SEPV,-1.0416500568389893,-80.47219848632812,America/Guayaquil
2687,Quevedo Airport,Quevedo,Ecuador,,SEQE,-0.9894000291824341,-79.46510314941406,America/Guayaquil
2688,Mariscal Sucre International Airport,Quito,Ecuador,UIO,SEQM,-0.129166666667,-78.3575,America/Guayaquil
2689,Chimborazo Airport,Riobamba,Ecuador,,SERB,-1.6534299850463867,-78.65609741210938,America/Guayaquil
2690,Santa Rosa International Airport,Santa Rosa,Ecuador,ETR,SERO,-3.441986,-79.996957,America/Guayaquil
2691,General Ulpiano Paez Airport,Salinas,Ecuador,SNC,SESA,-2.20499,-80.988899,America/Guayaquil
2692,Santo Domingo de Los Colorados Airport,Santo Domingo,Ecuador,,SESD,-0.2482219934463501,-79.21440124511719,America/Guayaquil
2694,Taura Airport,Taura,Ecuador,,SETA,-2.261039972305298,-79.6801986694336,America/Guayaquil
2695,Mayor Galo Torres Airport,Tena,Ecuador,,SETE,-0.9867669939994812,-77.81950378417969,America/Guayaquil
2696,Tarapoa Airport,Tarapoa,Ecuador,TPC,SETR,-0.12295600026845932,-76.33779907226562,America/Guayaquil
2697,Teniente Coronel Luis a Mantilla Airport,Tulcan,Ecuador,TUA,SETU,0.8095059990882874,-77.70809936523438,America/Guayaquil
2699,Silvio Pettirossi International Airport,Asuncion,Paraguay,ASU,SGAS,-25.239999771118164,-57.52000045776367,America/Asuncion
2700,Juan De Ayolas Airport,Ayolas,Paraguay,AYO,SGAY,-27.370554,-56.854064,America/Asuncion
2701,Teniente Col Carmelo Peralta Airport,Conception,Paraguay,CIO,SGCO,-23.442363,-57.427253,America/Asuncion
2702,Itaipú Airport,Itaipu,Paraguay,,SGIB,-25.407519,-54.619377,America/Asuncion
2703,Dr. Luis Maria Argaña International Airport,Mariscal Estigarribia,Paraguay,ESG,SGME,-22.049999237060547,-60.619998931884766,America/Asuncion
2704,Carlos Miguel Gimenez Airport,Pilar,Paraguay,PIL,SGPI,-26.881224,-58.318026,America/Asuncion
2705,El Eden Airport,Armenia,Colombia,AXM,SKAR,4.45278,-75.7664,America/Bogota
2706,Tres De Mayo Airport,Puerto Asis,Colombia,PUU,SKAS,0.505228,-76.5008,America/Bogota
2707,Las Flores Airport,El Banco,Colombia,ELB,SKBC,9.04554,-73.9749,America/Bogota
2708,Palonegro Airport,Bucaramanga,Colombia,BGA,SKBG,7.1265,-73.1848,America/Bogota
2709,El Dorado International Airport,Bogota,Colombia,BOG,SKBO,4.70159,-74.1469,America/Bogota
2710,Ernesto Cortissoz International Airport,Barranquilla,Colombia,BAQ,SKBQ,10.8896,-74.7808,America/Bogota
2711,José Celestino Mutis Airport,Bahia Solano,Colombia,BSC,SKBS,6.20292,-77.3947,America/Bogota
2712,Gerardo Tobar López Airport,Buenaventura,Colombia,BUN,SKBU,3.81963,-76.9898,America/Bogota
2713,Camilo Daza International Airport,Cucuta,Colombia,CUC,SKCC,7.92757,-72.5115,America/Bogota
2714,Rafael Nuñez International Airport,Cartagena,Colombia,CTG,SKCG,10.4424,-75.513,America/Bogota
2715,Alfonso Bonilla Aragon International Airport,Cali,Colombia,CLO,SKCL,3.54322,-76.3816,America/Bogota
2716,La Florida Airport,Tumaco,Colombia,TCO,SKCO,1.81442,-78.7492,America/Bogota
2717,Las Brujas Airport,Corozal,Colombia,CZU,SKCZ,9.33274,-75.2856,America/Bogota
2718,Yariguíes Airport,Barrancabermeja,Colombia,EJA,SKEJ,7.02433,-73.8068,America/Bogota
2719,Gustavo Artunduaga Paredes Airport,Florencia,Colombia,FLA,SKFL,1.58919,-75.5644,America/Bogota
2720,Santiago Vila Airport,Girardot,Colombia,GIR,SKGI,4.27624,-74.7967,America/Bogota
2722,Juan Casiano Airport,Guapi,Colombia,GPI,SKGP,2.57013,-77.8986,America/Bogota
2723,Guaymaral Airport,Guaymaral,Colombia,,SKGY,4.81233,-74.0649,America/Bogota
2724,Perales Airport,Ibague,Colombia,IBE,SKIB,4.42161,-75.1333,America/Bogota
2725,San Luis Airport,Ipiales,Colombia,IPI,SKIP,0.861925,-77.6718,America/Bogota
2726,Antonio Roldan Betancourt Airport,Carepa,Colombia,APO,SKLC,7.81196,-76.7164,America/Bogota
2727,Jorge Isaac Airport,La Mina,Colombia,MCJ,SKLM,11.2325,-72.4901,America/Bogota
2728,Alfredo Vásquez Cobo International Airport,Leticia,Colombia,LET,SKLT,-4.19355,-69.9432,America/Bogota
2729,Enrique Olaya Herrera Airport,Medellin,Colombia,EOH,SKMD,6.220549,-75.590582,America/Bogota
2730,Baracoa Airport,Magangue,Colombia,MGN,SKMG,9.28474,-74.8461,America/Bogota
2731,Los Garzones Airport,Monteria,Colombia,MTR,SKMR,8.82374,-75.8258,America/Bogota
2732,Fabio Alberto Leon Bentley Airport,Mitu,Colombia,MVP,SKMU,1.25366,-70.2339,America/Bogota
2733,La Nubia Airport,Manizales,Colombia,MZL,SKMZ,5.0296,-75.4647,America/Bogota
2734,Benito Salas Airport,Neiva,Colombia,NVA,SKNV,2.95015,-75.294,America/Bogota
2735,Aguas Claras Airport,Ocana,Colombia,OCV,SKOC,8.31506,-73.3583,America/Bogota
2736,Otu Airport,Otu,Colombia,OTU,SKOT,7.01037,-74.7155,America/Bogota
2737,Puerto Bolívar Airport,Puerto Bolivar,Colombia,,SKPB,12.2215,-71.9848,America/Bogota
2738,German Olano Airport,Puerto Carreno,Colombia,PCR,SKPC,6.18472,-67.4932,America/Bogota
2739,Matecaña International Airport,Pereira,Colombia,PEI,SKPE,4.81267,-75.7395,America/Bogota
2740,Pitalito Airport,Pitalito,Colombia,PTX,SKPI,1.85777,-76.0857,America/Bogota
2741,Guillermo León Valencia Airport,Popayan,Colombia,PPN,SKPP,2.4544,-76.6093,America/Bogota
2742,Antonio Narino Airport,Pasto,Colombia,PSO,SKPS,1.39625,-77.2915,America/Bogota
2743,El Embrujo Airport,Providencia,Colombia,PVA,SKPV,13.3569,-81.3583,America/Bogota
2744,Mariquita Airport,Mariquita,Colombia,MQU,SKQU,5.21256,-74.8836,America/Bogota
2745,Jose Maria Córdova International Airport,Rio Negro,Colombia,MDE,SKRG,6.16454,-75.4231,America/Bogota
2746,Almirante Padilla Airport,Rio Hacha,Colombia,RCH,SKRH,11.5262,-72.926,America/Bogota
2747,Jorge E. Gonzalez Torres Airport,San Jose Del Guaviare,Colombia,SJE,SKSJ,2.57969,-72.6394,America/Bogota
2748,Simón Bolívar International Airport,Santa Marta,Colombia,SMR,SKSM,11.1196,-74.2306,America/Bogota
2749,Gustavo Rojas Pinilla International Airport,San Andres Island,Colombia,ADZ,SKSP,12.5836,-81.7112,America/Bogota
2750,Eduardo Falla Solano Airport,San Vincente De Caguan,Colombia,SVI,SKSV,2.15217,-74.7663,America/Bogota
2751,Gustavo Vargas Airport,Tame,Colombia,TME,SKTM,6.45108,-71.7603,America/Bogota
2752,Santiago Perez Airport,Arauca,Colombia,AUC,SKUC,7.06888,-70.7369,America/Bogota
2753,El Caraño Airport,Quibdo,Colombia,UIB,SKUI,5.69076,-76.6412,America/Bogota
2754,Heriberto Gíl Martínez Airport,Tulua,Colombia,ULQ,SKUL,4.08836,-76.2351,America/Bogota
2755,Alfonso López Pumarejo Airport,Valledupar,Colombia,VUP,SKVP,10.435,-73.2495,America/Bogota
2756,Vanguardia Airport,Villavicencio,Colombia,VVC,SKVV,4.16787,-73.6138,America/Bogota
2758,Bermejo Airport,Bermejo,Bolivia,BJO,SLBJ,-22.7733001709,-64.31289672850001,America/La_Paz
2759,Jorge Wilsterman International Airport,Cochabamba,Bolivia,CBB,SLCB,-17.421100616455078,-66.1771011352539,America/La_Paz
2760,Chimore Airport,Chapacura,Bolivia,CCA,SLCH,-16.976834,-65.145568,America/La_Paz
2761,Capitán Aníbal Arab Airport,Cobija,Bolivia,CIJ,SLCO,-11.040399551400002,-68.7829971313,America/La_Paz
2762,El Alto International Airport,La Paz,Bolivia,LPB,SLLP,-16.5132999420166,-68.19229888916016,America/La_Paz
2763,Juan Mendoza Airport,Oruro,Bolivia,ORU,SLOR,-17.962600708,-67.0762023926,America/La_Paz
2764,Capitan Nicolas Rojas Airport,Potosi,Bolivia,POI,SLPO,-19.5431003571,-65.72370147710001,America/La_Paz
2765,Capitán Av. Salvador Ogaya G. airport,Puerto Suarez,Bolivia,PSZ,SLPS,-18.975301,-57.820599,America/La_Paz
2766,Santa Ana Del Yacuma Airport,Santa Ana,Bolivia,SBL,SLSA,-13.762200355500001,-65.4352035522,America/La_Paz
2767,Juana Azurduy De Padilla Airport,Sucre,Bolivia,SRE,SLSU,-19.007099151611328,-65.2886962890625,America/La_Paz
2768,Capitan Oriel Lea Plaza Airport,Tarija,Bolivia,TJA,SLTJ,-21.5557003021,-64.7013015747,America/La_Paz
2769,Teniente Av. Jorge Henrich Arauz Airport,Trinidad,Bolivia,TDD,SLTR,-14.8186998367,-64.9179992676,America/La_Paz
2770,Teniente Coronel Rafael Pabón Airport,Villa Montes,Bolivia,VLM,SLVM,-21.255199432399998,-63.4056015015,America/La_Paz
2771,Viru Viru International Airport,Santa Cruz,Bolivia,VVI,SLVR,-17.6448,-63.135399,America/La_Paz
2772,Yacuiba Airport,Yacuiba,Bolivia,BYC,SLYA,-21.960899353027344,-63.65169906616211,America/La_Paz
2773,Johan Adolf Pengel International Airport,Zandery,Suriname,PBM,SMJP,5.4528298377999995,-55.1878013611,America/Paramaribo
2774,Cayenne-Rochambeau Airport,Cayenne,French Guiana,CAY,SOCA,4.819809913639999,-52.360401153599994,America/Cayenne
2775,Saint-Georges-de-l'Oyapock Airport,St.-georges Oyapock,French Guiana,OYP,SOOG,3.89759993553,-51.8041000366,America/Cayenne
2776,Huancabamba Airport,Huancabamba,Peru,,SPAB,-5.256770133972168,-79.44290161132812,America/Lima
2777,Alferez FAP Alfredo Vladimir Sara Bauer Airport,Andoas,Peru,AOP,SPAS,-2.79612994194,-76.46659851070001,America/Lima
2778,Teniente General Gerardo Pérez Pinedo Airport,Atalaya,Peru,,SPAY,-10.7291002274,-73.7665023804,America/Lima
2780,Iberia Airport,Iberia,Peru,IBP,SPBR,-11.411600112915039,-69.48870086669922,America/Lima
2781,Cap FAP David Abenzur Rengifo International Airport,Pucallpa,Peru,PCL,SPCL,-8.37794017791748,-74.57430267333984,America/Lima
2782,Teniente FAP Jaime A De Montreuil Morales Airport,Chimbote,Peru,CHM,SPEO,-9.149609565734863,-78.5238037109375,America/Lima
2783,Puerto Esperanza Airport,Puerto Esperanza,Peru,,SPEP,-9.7681303024292,-70.70649719238281,America/Lima
2784,Cesar Torke Podesta Airport,Moquegua,Peru,,SPEQ,-17.179000854492188,-70.93080139160156,America/Lima
2785,Capitan FAP Jose A Quinones Gonzales International Airport,Chiclayo,Peru,CIX,SPHI,-6.787479877471924,-79.8281021118164,America/Lima
2786,Coronel FAP Alfredo Mendivil Duarte Airport,Ayacucho,Peru,AYP,SPHO,-13.154800415039062,-74.20439910888672,America/Lima
2787,Andahuaylas Airport,Andahuaylas,Peru,ANS,SPHY,-13.706399917602539,-73.35040283203125,America/Lima
2788,Comandante FAP German Arias Graziani Airport,Anta,Peru,ATA,SPHZ,-9.347439765930176,-77.59839630126953,America/Lima
2789,Jorge Chávez International Airport,Lima,Peru,LIM,SPIM,-12.0219,-77.114305,America/Lima
2790,Juanjui Airport,Juanjui,Peru,JJI,SPJI,-7.169099807739258,-76.72859954833984,America/Lima
2791,Francisco Carle Airport,Jauja,Peru,JAU,SPJJ,-11.7831001282,-75.47339630130001,America/Lima
2792,Inca Manco Capac International Airport,Juliaca,Peru,JUL,SPJL,-15.467100143432617,-70.158203125,America/Lima
2794,Ilo Airport,Ilo,Peru,ILQ,SPLO,-17.69499969482422,-71.34400177001953,America/Lima
2795,Las Palmas Air Base,Las Palmas,Peru,,SPLP,-12.16069984436,-76.998901367188,America/Lima
2796,Capitan FAP Pedro Canga Rodriguez Airport,Tumbes,Peru,TBP,SPME,-3.55253005027771,-80.38140106201172,America/Lima
2797,Moises Benzaquen Rengifo Airport,Yurimaguas,Peru,YMS,SPMS,-5.893770217895508,-76.11820220947266,America/Lima
2799,Collique Airport,Collique,Peru,,SPOL,-11.92870044708252,-77.06109619140625,America/Lima
2800,Chachapoyas Airport,Chachapoyas,Peru,CHH,SPPY,-6.201809883117676,-77.8561019897461,America/Lima
2801,Coronel FAP Francisco Secada Vignetta International Airport,Iquitos,Peru,IQT,SPQT,-3.7847399711608887,-73.30879974365234,America/Lima
2802,Rodríguez Ballón International Airport,Arequipa,Peru,AQP,SPQU,-16.3411006927,-71.5830993652,America/Lima
2803,Capitán FAP Leonardo Alvariño Herr Airport,San Ramon,Peru,,SPRM,-11.128600120544434,-75.35050201416016,America/Lima
2804,Capitan FAP Carlos Martinez De Pinillos International Airport,Trujillo,Peru,TRU,SPRU,-8.08141040802002,-79.10880279541016,America/Lima
2805,Capitán FAP Renán Elías Olivera International Airport,Pisco,Peru,PIO,SPSO,-13.74489974975586,-76.22029876708984,America/Lima
2806,Cadete FAP Guillermo Del Castillo Paredes Airport,Tarapoto,Peru,TPP,SPST,-6.508739948272705,-76.37319946289062,America/Lima
2807,Coronel FAP Carlos Ciriani Santa Rosa International Airport,Tacna,Peru,TCQ,SPTN,-18.053300857500002,-70.2758026123,America/Lima
2808,Padre Aldamiz International Airport,Puerto Maldonado,Peru,PEM,SPTU,-12.6135997772,-69.2285995483,America/Lima
2809,Capitán FAP Guillermo Concha Iberico International Airport,Piura,Peru,PIU,SPUR,-5.20574998856,-80.61640167239999,America/Lima
2810,Capitan Montes Airport,Talara,Peru,TYL,SPYL,-4.5766401290894,-81.254096984863,America/Lima
2812,Alejandro Velasco Astete International Airport,Cuzco,Peru,CUZ,SPZO,-13.535699844400002,-71.9387969971,America/Lima
2813,Angel S Adami Airport,Montevideo,Uruguay,,SUAA,-34.7892,-56.264702,America/Montevideo
2814,Santa Bernardina International Airport,Durazno,Uruguay,DZO,SUDU,-33.3588981628418,-56.49919891357422,America/Montevideo
2816,Carrasco International /General C L Berisso Airport,Montevideo,Uruguay,MVD,SUMU,-34.838402,-56.0308,America/Montevideo
2817,Nueva Hesperides International Airport,Salto,Uruguay,STY,SUSO,-31.438499450683594,-57.98529815673828,America/Montevideo
2818,Oswaldo Guevara Mujica Airport,Acarigua,Venezuela,AGV,SVAC,9.553375244140625,-69.23786926269531,America/Caracas
2819,Anaco Airport,Anaco,Venezuela,AAO,SVAN,9.430225372314453,-64.4707260131836,America/Caracas
2820,San Fernando de Atabapo Airport,San Fernando Deatabapo,Venezuela,,SVAT,4.05104017258,-67.6996994019,America/Caracas
2821,General José Antonio Anzoategui International Airport,Barcelona,Venezuela,BLA,SVBC,10.111111,-64.692222,America/Caracas
2822,Barinas Airport,Barinas,Venezuela,BNS,SVBI,8.615,-70.21416667,America/Caracas
2823,El Libertador Airbase,Maracaibo,Venezuela,,SVBL,10.183375358600001,-67.55731964110001,America/Caracas
2824,Barquisimeto International Airport,Barquisimeto,Venezuela,BRM,SVBM,10.042746543884277,-69.3586196899414,America/Caracas
2826,"Aeropuerto ""General Tomas de Heres"". Ciudad Bolivar",Ciudad Bolivar,Venezuela,CBL,SVCB,8.12216091156,-63.5369567871,America/Caracas
2827,Caicara del Orinoco Airport,Caicara De Orinoco,Venezuela,CXA,SVCD,7.625510215759277,-66.16280364990234,America/Caracas
2828,San Carlos Airport,San Carlos,Venezuela,,SVCJ,9.647720336914062,-68.57469940185547,America/Caracas
2829,Calabozo Airport,Calabozo,Venezuela,CLZ,SVCL,8.92465591430664,-67.4170913696289,America/Caracas
2830,Canaima Airport,Canaima,Venezuela,CAJ,SVCN,6.231988906860352,-62.85443115234375,America/Caracas
2831,Carora Airport,Carora,Venezuela,VCR,SVCO,10.175602912902832,-70.06521606445312,America/Caracas
2832,General Francisco Bermúdez Airport,Carupano,Venezuela,CUP,SVCP,10.660014152526855,-63.261680603027344,America/Caracas
2833,José Leonardo Chirinos Airport,Coro,Venezuela,CZE,SVCR,11.41494369506836,-69.68090057373047,America/Caracas
2834,Oscar Machado Zuluaga Airport,Caracas,Venezuela,,SVCS,10.286110877990723,-66.81610870361328,America/Caracas
2835,Cumaná (Antonio José de Sucre) Airport,Cumana,Venezuela,CUM,SVCU,10.450332641601562,-64.1304702758789,America/Caracas
2836,Capitán Manuel Ríos Airbase,Carrizal,Venezuela,,SVCZ,9.372650146484375,-66.92279815673828,America/Caracas
2837,El Dorado Airport,El Dorado,Venezuela,EOR,SVED,6.733333110809326,-61.58333206176758,America/Caracas
2838,Elorza Airport,Elorza,Venezuela,EOZ,SVEZ,7.0833330154418945,-69.53333282470703,America/Caracas
2839,Guasdalito Airport,Guasdualito,Venezuela,GDO,SVGD,7.233333110809326,-70.80000305175781,America/Caracas
2840,Guiria Airport,Guiria,Venezuela,GUI,SVGI,10.574077606200001,-62.3126678467,America/Caracas
2841,Guanare Airport,Guanare,Venezuela,GUQ,SVGU,9.026944160461426,-69.7551498413086,America/Caracas
2842,Higuerote Airport,Higuerote,Venezuela,HGE,SVHG,10.462474,-66.092779,America/Caracas
2843,Andrés Miguel Salazar Marcano Airport,Isla De Coche,Venezuela,ICC,SVIE,10.794432,-63.98159,America/Caracas
2844,Josefa Camejo International Airport,Paraguana,Venezuela,LSP,SVJC,11.78077507019043,-70.15149688720703,America/Caracas
2845,San Juan de Los Morros Airport,San Juan De Los Morros,Venezuela,,SVJM,9.906952857971191,-67.379638671875,America/Caracas
2846,La Fria Airport,La Fria,Venezuela,LFR,SVLF,8.239167213439941,-72.27102661132812,America/Caracas
2847,La Orchila Airport,La Orchila,Venezuela,,SVLO,11.80720043182373,-66.17960357666016,America/Caracas
2848,La Chinita International Airport,Maracaibo,Venezuela,MAR,SVMC,10.5582084656,-71.7278594971,America/Caracas
2849,Alberto Carnevalli Airport,Merida,Venezuela,MRD,SVMD,8.582078,-71.161041,America/Caracas
2850,Del Caribe Santiago Mariño International Airport,Porlamar,Venezuela,PMV,SVMG,10.912603378295898,-63.96659851074219,America/Caracas
2851,Simón Bolívar International Airport,Caracas,Venezuela,CCS,SVMI,10.601194,-66.991222,America/Caracas
2852,Maturín Airport,Maturin,Venezuela,MUN,SVMT,9.75452995300293,-63.14739990234375,America/Caracas
2853,Cacique Aramare Airport,Puerto Ayacucho,Venezuela,PYH,SVPA,5.6199898719788,-67.606101989746,America/Caracas
2854,General Bartolome Salom International Airport,Puerto Cabello,Venezuela,PBL,SVPC,10.480500221252441,-68.072998046875,America/Caracas
2855,Paramillo Airport,San Cristobal,Venezuela,SCI,SVPM,7.8013200759887695,-72.2029037475586,America/Caracas
2856,General Manuel Carlos Piar International Airport,Guayana,Venezuela,PZO,SVPR,8.288530349731445,-62.760398864746094,America/Caracas
2857,Palmarito Airport,Palmarito,Venezuela,PTM,SVPT,7.566669940948486,-70.18329620361328,America/Caracas
2858,San Antonio Del Tachira Airport,San Antonio,Venezuela,SVZ,SVSA,7.840829849243164,-72.439697265625,America/Caracas
2859,Santa Bárbara de Barinas Airport,Santa Barbara,Venezuela,SBB,SVSB,7.803514003753662,-71.16571807861328,America/Caracas
2860,Santa Elena de Uairen Airport,Santa Ana De Uairen,Venezuela,SNV,SVSE,4.554999828338623,-61.150001525878906,America/Caracas
2861,Mayor Buenaventura Vivas International Airport,Santo Domingo,Venezuela,STD,SVSO,7.56538,-72.035103,America/Caracas
2862,Sub Teniente Nestor Arias Airport,San Felipe,Venezuela,SNF,SVSP,10.2787,-68.755203,America/Caracas
2863,San Fernando De Apure Airport,San Fernando De Apure,Venezuela,SFD,SVSR,7.883319854736328,-67.44400024414062,America/Caracas
2864,San Tomé Airport,San Tome,Venezuela,SOM,SVST,8.9451465606689,-64.151084899902,America/Caracas
2865,Santa Bárbara del Zulia Airport,Santa Barbara,Venezuela,STB,SVSZ,8.974550247192383,-71.94325256347656,America/Caracas
2866,Tucupita Airport,Tucupita,Venezuela,TUV,SVTC,9.088994026184082,-62.094173431396484,America/Caracas
2867,Tumeremo Airport,Tumeremo,Venezuela,TMO,SVTM,7.24938,-61.52893,America/Caracas
2868,Arturo Michelena International Airport,Valencia,Venezuela,VLN,SVVA,10.14973258972168,-67.92839813232422,America/Caracas
2870,Dr. Antonio Nicolás Briceño Airport,Valera,Venezuela,VLV,SVVL,9.34047794342041,-70.58406066894531,America/Caracas
2871,Valle de La Pascua Airport,Valle De La Pascua,Venezuela,VDP,SVVP,9.22202777863,-65.9935836792,America/Caracas
2872,Linden Airport,Linden,Guyana,,SYLD,5.96592,-58.270302,America/Guyana
2873,Lethem Airport,Lethem,Guyana,LTM,SYLT,3.37276,-59.789398,America/Guyana
2874,V.C. Bird International Airport,Antigua,Antigua and Barbuda,ANU,TAPA,17.1367,-61.792702,America/Antigua
2875,Sir Grantley Adams International Airport,Bridgetown,Barbados,BGI,TBPB,13.0746002197,-59.4925003052,America/Barbados
2876,Canefield Airport,Canefield,Dominica,DCF,TDCF,15.336700439453125,-61.3922004699707,America/Dominica
2877,Douglas-Charles Airport,Dominica,Dominica,DOM,TDPD,15.547,-61.299999,America/Dominica
2878,Martinique Aimé Césaire International Airport,Fort-de-france,Martinique,FDF,TFFF,14.590999603271484,-61.00320053100586,America/Martinique
2879,L'Espérance Airport,St. Martin,Guadeloupe,SFG,TFFG,18.099899291992,-63.047199249268,\N
2881,Pointe-à-Pitre Le Raizet,Pointe-a-pitre,Guadeloupe,PTP,TFFR,16.265301,-61.531799,America/Guadeloupe
2882,Point Salines International Airport,Point Salines,Grenada,GND,TGPY,12.004199981689453,-61.78620147705078,America/Grenada
2883,Cyril E. King Airport,St. Thomas,Virgin Islands,STT,TIST,18.337299346923828,-64.97339630126953,America/St_Thomas
2884,Henry E Rohlsen Airport,St. Croix Island,Virgin Islands,STX,TISX,17.701900482177734,-64.79859924316406,America/St_Thomas
2885,Rafael Hernandez Airport,Aguadilla,Puerto Rico,BQN,TJBQ,18.49489974975586,-67.12940216064453,America/Puerto_Rico
2886,Diego Jimenez Torres Airport,Fajardo,Puerto Rico,FAJ,TJFA,18.308900833129883,-65.66190338134766,America/Puerto_Rico
2887,Fernando Luis Ribas Dominicci Airport,San Juan,Puerto Rico,SIG,TJIG,18.45680046081543,-66.09809875488281,America/Puerto_Rico
2888,Eugenio Maria De Hostos Airport,Mayaguez,Puerto Rico,MAZ,TJMZ,18.255699157714844,-67.14849853515625,America/Puerto_Rico
2889,Mercedita Airport,Ponce,Puerto Rico,PSE,TJPS,18.00830078125,-66.56300354003906,America/Puerto_Rico
2890,Luis Munoz Marin International Airport,San Juan,Puerto Rico,SJU,TJSJ,18.4393997192,-66.0018005371,America/Puerto_Rico
2891,Robert L. Bradshaw International Airport,Basse Terre,Saint Kitts and Nevis,SKB,TKPK,17.311199188232422,-62.71870040893555,America/St_Kitts
2893,George F. L. Charles Airport,Castries,Saint Lucia,SLU,TLPC,14.0202,-60.992901,America/St_Lucia
2894,Hewanorra International Airport,Hewandorra,Saint Lucia,UVF,TLPL,13.7332,-60.952599,America/St_Lucia
2895,Queen Beatrix International Airport,Oranjestad,Aruba,AUA,TNCA,12.5014,-70.015198,America/Aruba
2896,Flamingo International Airport,Kralendijk,Netherlands Antilles,BON,TNCB,12.130999565124512,-68.26850128173828,America/Curacao
2897,Hato International Airport,Willemstad,Netherlands Antilles,CUR,TNCC,12.1889,-68.959801,America/Curacao
2898,F. D. Roosevelt Airport,Oranjestad,Netherlands Antilles,EUX,TNCE,17.49650001525879,-62.979400634765625,America/Curacao
2899,Princess Juliana International Airport,Philipsburg,Netherlands Antilles,SXM,TNCM,18.041000366200002,-63.1088981628,America/Curacao
2900,Clayton J Lloyd International Airport,The Valley,Anguilla,AXA,TQPF,18.2048,-63.055099,America/Anguilla
2901,Tobago-Crown Point Airport,Scarborough,Trinidad and Tobago,TAB,TTCP,11.149700164794922,-60.83219909667969,America/Port_of_Spain
2902,Piarco International Airport,Port-of-spain,Trinidad and Tobago,POS,TTPP,10.595399856567383,-61.33720016479492,America/Port_of_Spain
2903,Terrance B. Lettsome International Airport,Tortola,British Virgin Islands,EIS,TUPJ,18.444799423217773,-64.54299926757812,America/Tortola
2905,Canouan Airport,Canouan Island,Saint Vincent and the Grenadines,CIW,TVSC,12.699,-61.3424,America/St_Vincent
2906,Mustique Airport,Mustique,Saint Vincent and the Grenadines,MQS,TVSM,12.887900352478027,-61.180198669433594,America/St_Vincent
2907,Argyle International Airport,Kingstown,Saint Vincent and the Grenadines,SVD,TVSA,13.156695,-61.149945,America/St_Vincent
2908,Almaty Airport,Alma-ata,Kazakhstan,ALA,UAAA,43.35210037231445,77.04049682617188,Asia/Qyzylorda
2909,Balkhash Airport,Balkhash,Kazakhstan,BXH,UAAH,46.8932991027832,75.00499725341797,Asia/Qyzylorda
2910,Astana International Airport,Tselinograd,Kazakhstan,TSE,UACC,51.02220153808594,71.46690368652344,Asia/Qyzylorda
2911,Taraz Airport,Dzhambul,Kazakhstan,DMB,UADD,42.853599548339844,71.30359649658203,Asia/Qyzylorda
2912,Manas International Airport,Bishkek,Kyrgyzstan,FRU,UAFM,43.0612983704,74.4776000977,Asia/Bishkek
2913,Osh Airport,Osh,Kyrgyzstan,OSS,UAFO,40.6090011597,72.793296814,Asia/Bishkek
2914,Shymkent Airport,Chimkent,Kazakhstan,CIT,UAII,42.364200592041016,69.47889709472656,Asia/Qyzylorda
2916,Uralsk Airport,Uralsk,Kazakhstan,URA,UARR,51.15079879760742,51.54309844970703,Asia/Oral
2917,Pavlodar Airport,Pavlodar,Kazakhstan,PWQ,UASP,52.19499969482422,77.07389831542969,Asia/Qyzylorda
2918,Semipalatinsk Airport,Semiplatinsk,Kazakhstan,PLX,UASS,50.351295,80.234398,Asia/Qyzylorda
2920,Aktobe Airport,Aktyubinsk,Kazakhstan,AKX,UATT,50.2458,57.206699,Asia/Oral
2922,Heydar Aliyev International Airport,Baku,Azerbaijan,GYD,UBBB,40.467498779296875,50.04669952392578,Asia/Baku
2923,Yakutsk Airport,Yakutsk,Russia,YKS,UEEE,62.093299865722656,129.77099609375,Asia/Yakutsk
2925,Mirny Airport,Mirnyj,Russia,MJZ,UERR,62.534698486328125,114.03900146484375,Asia/Yakutsk
2926,Ignatyevo Airport,Blagoveschensk,Russia,BQS,UHBB,50.42539978027344,127.41200256347656,Asia/Yakutsk
2927,Khabarovsk-Novy Airport,Khabarovsk,Russia,KHV,UHHH,48.52799987793,135.18800354004,Asia/Vladivostok
2929,Provideniya Bay Airport,Provideniya Bay,Russia,PVS,UHMD,64.37809753417969,-173.2429962158203,Asia/Anadyr
2930,Sokol Airport,Magadan,Russia,GDX,UHMM,59.9109992980957,150.72000122070312,Asia/Srednekolymsk
2931,Pevek Airport,Pevek,Russia,PWE,UHMP,69.783302307129,170.59700012207,\N
2932,Yelizovo Airport,Petropavlovsk,Russia,PKC,UHPP,53.16790008544922,158.45399475097656,Asia/Anadyr
2933,Yuzhno-Sakhalinsk Airport,Yuzhno-sakhalinsk,Russia,UUS,UHSS,46.88869857788086,142.71800231933594,Asia/Srednekolymsk
2934,Vladivostok International Airport,Vladivostok,Russia,VVO,UHWW,43.39899826049805,132.1479949951172,Asia/Vladivostok
2935,Chita-Kadala Airport,Chita,Russia,HTA,UIAA,52.026299,113.306,Asia/Yakutsk
2936,Bratsk Airport,Bratsk,Russia,BTK,UIBB,56.370601654052734,101.697998046875,Asia/Irkutsk
2937,Irkutsk Airport,Irkutsk,Russia,IKT,UIII,52.268001556396,104.38899993896,Asia/Irkutsk
2938,Ulan-Ude Airport (Mukhino),Ulan-ude,Russia,UUD,UIUU,51.80780029296875,107.43800354003906,Asia/Irkutsk
2939,Boryspil International Airport,Kiev,Ukraine,KBP,UKBB,50.345001220703125,30.894699096679688,Europe/Kiev
2940,Donetsk International Airport,Donetsk,Ukraine,DOK,UKCC,48.07360076904297,37.73970031738281,Europe/Kiev
2941,Dnipropetrovsk International Airport,Dnepropetrovsk,Ukraine,DNK,UKDD,48.357200622558594,35.10060119628906,Europe/Kiev
2942,Simferopol International Airport,Simferopol,Ukraine,SIP,UKFF,45.05220031738281,33.975101470947266,Europe/Simferopol
2944,Kiev Zhuliany International Airport,Kiev,Ukraine,IEV,UKKK,50.40194,30.45194,Europe/Kiev
2945,Lviv International Airport,Lvov,Ukraine,LWO,UKLL,49.8125,23.956100463867188,Europe/Kiev
2947,Odessa International Airport,Odessa,Ukraine,ODS,UKOO,46.42679977416992,30.67650032043457,Europe/Kiev
2948,Pulkovo Airport,St. Petersburg,Russia,LED,ULLI,59.80030059814453,30.262500762939453,Europe/Moscow
2949,Murmansk Airport,Murmansk,Russia,MMK,ULMM,68.78170013427734,32.75080108642578,Europe/Moscow
2950,Gomel Airport,Gomel,Belarus,GME,UMGG,52.527000427246094,31.016700744628906,Europe/Minsk
2951,Vitebsk Vostochny Airport,Vitebsk,Belarus,VTB,UMII,55.126499176025,30.349599838257,Europe/Minsk
2952,Khrabrovo Airport,Kaliningrad,Russia,KGD,UMKK,54.88999938964844,20.592599868774414,Europe/Kaliningrad
2953,Minsk 1 Airport,Minsk,Belarus,MHP,UMMM,53.864498138427734,27.53969955444336,Europe/Minsk
2954,Minsk National Airport,Minsk 2,Belarus,MSQ,UMMS,53.882499694824,28.030700683594,Europe/Minsk
2955,Abakan Airport,Abakan,Russia,ABA,UNAA,53.7400016784668,91.38500213623047,Asia/Krasnoyarsk
2956,Barnaul Airport,Barnaul,Russia,BAX,UNBB,53.363800048828125,83.53849792480469,Asia/Krasnoyarsk
2957,Kemerovo Airport,Kemorovo,Russia,KEJ,UNEE,55.27009963989258,86.1072006225586,Asia/Krasnoyarsk
2958,Omsk Central Airport,Omsk,Russia,OMS,UNOO,54.96699905395508,73.31050109863281,Asia/Omsk
2960,Krasnodar Pashkovsky International Airport,Krasnodar,Russia,KRR,URKK,45.034698486328,39.170501708984,Europe/Moscow
2961,Uytash Airport,Makhachkala,Russia,MCX,URML,42.81679916381836,47.65230178833008,Europe/Moscow
2962,Mineralnyye Vody Airport,Mineralnye Vody,Russia,MRV,URMM,44.225101470947266,43.08190155029297,Europe/Moscow
2963,Stavropol Shpakovskoye Airport,Stavropol,Russia,STW,URMT,45.10919952392578,42.11280059814453,Europe/Moscow
2964,Platov International Airport,Rostov,Russia,ROV,URRP,47.493888,39.924722,Europe/Moscow
2965,Sochi International Airport,Sochi,Russia,AER,URSS,43.449902,39.9566,Europe/Moscow
2966,Astrakhan Airport,Astrakhan,Russia,ASF,URWA,46.2832984924,48.0063018799,Europe/Samara
2967,Volgograd International Airport,Volgograd,Russia,VOG,URWW,48.782501220703125,44.34550094604492,Europe/Moscow
2968,Chelyabinsk Balandino Airport,Chelyabinsk,Russia,CEK,USCC,55.305801,61.5033,Asia/Yekaterinburg
2969,Magnitogorsk International Airport,Magnetiogorsk,Russia,MQF,USCM,53.39310073852539,58.755699157714844,Asia/Yekaterinburg
2972,Nizhnevartovsk Airport,Nizhnevartovsk,Russia,NJC,USNN,60.94929885864258,76.48359680175781,Asia/Yekaterinburg
2973,Bolshoye Savino Airport,Perm,Russia,PEE,USPP,57.914501190186,56.021198272705,Asia/Yekaterinburg
2974,Surgut Airport,Surgut,Russia,SGC,USRR,61.34370040893555,73.40180206298828,Asia/Yekaterinburg
2975,Koltsovo Airport,Yekaterinburg,Russia,SVX,USSS,56.743099212646,60.802700042725,Asia/Yekaterinburg
2976,Ashgabat International Airport,Ashkhabad,Turkmenistan,ASB,UTAA,37.986801,58.361,Asia/Ashgabat
2977,Turkmenbashi Airport,Krasnovodsk,Turkmenistan,KRW,UTAK,40.063301,53.007198,Asia/Ashgabat
2978,Turkmenabat Airport,Chardzhou,Turkmenistan,CRZ,UTAV,39.08330154418945,63.61330032348633,Asia/Ashgabat
2979,Dushanbe Airport,Dushanbe,Tajikistan,DYU,UTDD,38.543300628699996,68.8249969482,Asia/Dushanbe
2980,Bukhara Airport,Bukhara,Uzbekistan,BHK,UTSB,39.775001525878906,64.4832992553711,Asia/Samarkand
2981,Samarkand Airport,Samarkand,Uzbekistan,SKD,UTSS,39.70050048828125,66.98380279541016,Asia/Samarkand
2983,Tashkent International Airport,Tashkent,Uzbekistan,TAS,UTTT,41.257900238,69.2811965942,Asia/Samarkand
2984,Bryansk Airport,Bryansk,Russia,BZK,UUBP,53.214199,34.176399,Europe/Moscow
2985,Sheremetyevo International Airport,Moscow,Russia,SVO,UUEE,55.972599,37.4146,Europe/Moscow
2986,Migalovo Air Base,Tver,Russia,KLD,UUEM,56.82469940185547,35.7577018737793,Europe/Moscow
2987,Voronezh International Airport,Voronezh,Russia,VOZ,UUOO,51.81420135498047,39.22959899902344,Europe/Moscow
2988,Vnukovo International Airport,Moscow,Russia,VKO,UUWW,55.5914993286,37.2615013123,Europe/Moscow
2989,Syktyvkar Airport,Syktyvkar,Russia,SCW,UUYY,61.64699935913086,50.84510040283203,Europe/Moscow
2990,Kazan International Airport,Kazan,Russia,KZN,UWKD,55.606201171875,49.278701782227,Europe/Moscow
2991,Orenburg Central Airport,Orenburg,Russia,REN,UWOO,51.795799255371094,55.45669937133789,Asia/Yekaterinburg
2992,Ufa International Airport,Ufa,Russia,UFA,UWUU,54.557498931885,55.874401092529,Asia/Yekaterinburg
2993,Kurumoch International Airport,Samara,Russia,KUF,UWWW,53.504901885986,50.16429901123,Europe/Samara
2994,Sardar Vallabhbhai Patel International Airport,Ahmedabad,India,AMD,VAAH,23.0771999359,72.63469696039999,Asia/Calcutta
2995,Akola Airport,Akola,India,AKD,VAAK,20.698999,77.058601,Asia/Calcutta
2996,Aurangabad Airport,Aurangabad,India,IXU,VAAU,19.862699508666992,75.39810180664062,Asia/Calcutta
2997,Chhatrapati Shivaji International Airport,Mumbai,India,BOM,VABB,19.0886993408,72.8678970337,Asia/Calcutta
2998,Bilaspur Airport,Bilaspur,India,PAB,VABI,21.9884,82.111,Asia/Calcutta
2999,Bhuj Airport,Bhuj,India,BHJ,VABJ,23.2877998352,69.6701965332,Asia/Calcutta
3000,Belgaum Airport,Belgaum,India,IXG,VABM,15.859299659700001,74.6183013916,Asia/Calcutta
3001,Vadodara Airport,Baroda,India,BDQ,VABO,22.336201,73.226303,Asia/Calcutta
3002,Raja Bhoj International Airport,Bhopal,India,BHO,VABP,23.2875003815,77.3374023438,Asia/Calcutta
3003,Bhavnagar Airport,Bhaunagar,India,BHU,VABV,21.752199173,72.1852035522,Asia/Calcutta
3004,Daman Airport,Daman,India,NMB,VADN,20.43440055847168,72.84320068359375,Asia/Calcutta
3005,Deesa Airport,Deesa,India,,VADS,24.267900466918945,72.20439910888672,Asia/Calcutta
3006,Guna Airport,Guna,India,GUX,VAGN,24.654699,77.347298,Asia/Calcutta
3007,Dabolim Airport,Goa,India,GOI,VAGO,15.3808002472,73.8313980103,Asia/Calcutta
3008,Devi Ahilyabai Holkar Airport,Indore,India,IDR,VAID,22.7217998505,75.8011016846,Asia/Calcutta
3009,Jabalpur Airport,Jabalpur,India,JLR,VAJB,23.177799224853516,80.052001953125,Asia/Calcutta
3010,Jamnagar Airport,Jamnagar,India,JGA,VAJM,22.465499877929688,70.01260375976562,Asia/Calcutta
3011,Kandla Airport,Kandla,India,IXY,VAKE,23.1127,70.100304,Asia/Calcutta
3012,Khajuraho Airport,Khajuraho,India,HJR,VAKJ,24.817199707,79.91860198970001,Asia/Calcutta
3013,Kolhapur Airport,Kolhapur,India,KLH,VAKP,16.6646995544,74.2893981934,Asia/Calcutta
3014,Keshod Airport,Keshod,India,IXK,VAKS,21.317100524902344,70.27040100097656,Asia/Calcutta
3015,Dr. Babasaheb Ambedkar International Airport,Nagpur,India,NAG,VANP,21.092199325561523,79.04720306396484,Asia/Calcutta
3016,Nashik Airport,Nasik Road,India,ISK,VAOZ,20.119101,73.912903,Asia/Calcutta
3017,Pune Airport,Pune,India,PNQ,VAPO,18.58209991455078,73.9197006225586,Asia/Calcutta
3018,Porbandar Airport,Porbandar,India,PBD,VAPR,21.6487007141,69.65720367429999,Asia/Calcutta
3019,Rajkot Airport,Rajkot,India,RAJ,VARK,22.3092002869,70.77950286869999,Asia/Calcutta
3020,Raipur Airport,Raipur,India,RPR,VARP,21.180401,81.7388,Asia/Calcutta
3021,Solapur Airport,Sholapur,India,SSE,VASL,17.6280002594,75.93479919430001,Asia/Calcutta
3022,Surat Airport,Surat,India,STV,VASU,21.1140995026,72.7417984009,Asia/Calcutta
3023,Maharana Pratap Airport,Udaipur,India,UDR,VAUD,24.617700576799997,73.89610290530001,Asia/Calcutta
3024,Bandaranaike International Colombo Airport,Colombo,Sri Lanka,CMB,VCBI,7.180759906768799,79.88410186767578,Asia/Colombo
3025,Anuradhapura Air Force Base,Anuradhapura,Sri Lanka,ACJ,VCCA,8.30148983002,80.42790222170001,Asia/Colombo
3026,Batticaloa Airport,Batticaloa,Sri Lanka,BTC,VCCB,7.70576,81.678802,Asia/Colombo
3027,Colombo Ratmalana Airport,Colombo,Sri Lanka,RML,VCCC,6.821990013122559,79.88619995117188,Asia/Colombo
3028,Ampara Airport,Galoya,Sri Lanka,ADP,VCCG,7.33776,81.62594,Asia/Colombo
3029,Kankesanturai Airport,Jaffna,Sri Lanka,JAF,VCCJ,9.792329788208008,80.07009887695312,Asia/Colombo
3030,China Bay Airport,Trinciomalee,Sri Lanka,TRR,VCCT,8.5385103225708,81.18190002441406,Asia/Colombo
3033,Kampong Chhnang Airport,Kompong Chnang,Cambodia,KZC,VDKH,12.255200386,104.564002991,Asia/Phnom_Penh
3034,Phnom Penh International Airport,Phnom-penh,Cambodia,PNH,VDPP,11.546600341796875,104.84400177001953,Asia/Phnom_Penh
3035,Siem Reap International Airport,Siem-reap,Cambodia,REP,VDSR,13.410699844400002,103.81300354,Asia/Phnom_Penh
3036,Stung Treng Airport,Stung Treng,Cambodia,TNX,VDST,13.531900405883789,106.01499938964844,Asia/Phnom_Penh
3037,Along Airport,Along,India,IXV,VEAN,28.17530059814453,94.802001953125,Asia/Calcutta
3038,Agartala Airport,Agartala,India,IXA,VEAT,23.8869991302,91.24040222170001,Asia/Calcutta
3039,Lengpui Airport,Aizwal,India,AJL,VELP,23.840599060099997,92.6196975708,Asia/Calcutta
3040,Bagdogra Airport,Baghdogra,India,IXB,VEBD,26.68120002746582,88.32859802246094,Asia/Calcutta
3041,Bokaro Airport,Bokaro,India,,VEBK,23.64349937438965,86.1489028930664,Asia/Calcutta
3042,Biju Patnaik Airport,Bhubaneswar,India,BBI,VEBS,20.244400024399997,85.8178024292,Asia/Calcutta
3043,Netaji Subhash Chandra Bose International Airport,Kolkata,India,CCU,VECC,22.654699325561523,88.44670104980469,Asia/Calcutta
3044,Cooch Behar Airport,Cooch-behar,India,COH,VECO,26.330499649,89.4672012329,Asia/Calcutta
3045,Dhanbad Airport,Dhanbad,India,DBD,VEDB,23.833999633789062,86.42530059814453,Asia/Calcutta
3048,Gaya Airport,Gaya,India,GAY,VEGY,24.744300842285156,84.95120239257812,Asia/Calcutta
3049,Hirakud Airport,Hirakud,India,,VEHK,21.5802001953125,84.00569915771484,Asia/Calcutta
3050,Imphal Airport,Imphal,India,IMF,VEIM,24.7600002289,93.896697998,Asia/Calcutta
3051,Jharsuguda Airport,Jharsuguda,India,,VEJH,21.91349983215332,84.05039978027344,Asia/Calcutta
3052,Sonari Airport,Jamshedpur,India,IXW,VEJS,22.8132,86.1688,Asia/Calcutta
3053,Jorhat Airport,Jorhat,India,JRH,VEJT,26.7315006256,94.1754989624,Asia/Calcutta
3054,Kailashahar Airport,Kailashahar,India,IXH,VEKR,24.30820083618164,92.0072021484375,Asia/Calcutta
3055,Silchar Airport,Silchar,India,IXS,VEKU,24.9129009247,92.97869873050001,Asia/Calcutta
3056,North Lakhimpur Airport,Lilabari,India,IXI,VELR,27.295499801635742,94.09760284423828,Asia/Calcutta
3057,Dibrugarh Airport,Mohanbari,India,DIB,VEMN,27.4839000702,95.0168991089,Asia/Calcutta
3058,Muzaffarpur Airport,Mazuffarpur,India,MZU,VEMZ,26.11910057067871,85.3136978149414,Asia/Calcutta
3059,Nawapara Airport,Nawapara,India,,VENP,20.8700008392334,82.51959991455078,Asia/Calcutta
3060,Panagarh Air Force Station,Panagarh,India,,VEPH,23.474300384499998,87.4274978638,Asia/Calcutta
3061,Lok Nayak Jayaprakash Airport,Patina,India,PAT,VEPT,25.591299057,85.0879974365,Asia/Calcutta
3062,Purnea Airport,Purnea,India,,VEPU,25.759599685668945,87.41000366210938,Asia/Calcutta
3063,Birsa Munda Airport,Ranchi,India,IXR,VERC,23.314300537100003,85.3217010498,Asia/Calcutta
3064,Rourkela Airport,Rourkela,India,RRK,VERK,22.256701,84.814598,Asia/Calcutta
3065,Utkela Airport,Utkela,India,,VEUK,20.097400665283203,83.18379974365234,Asia/Calcutta
3066,Vishakhapatnam Airport,Vishakhapatnam,India,VTZ,VEVZ,17.721200943,83.2245025635,Asia/Calcutta
3067,Ziro Airport,Zero,India,ZER,VEZO,27.588301,93.828102,Asia/Calcutta
3068,Cox's Bazar Airport,Cox's Bazar,Bangladesh,CXB,VGCB,21.452199935913086,91.96389770507812,Asia/Dhaka
3069,Shah Amanat International Airport,Chittagong,Bangladesh,CGP,VGEG,22.24959945678711,91.81330108642578,Asia/Dhaka
3070,Ishurdi Airport,Ishurdi,Bangladesh,IRD,VGIS,24.15250015258789,89.04940032958984,Asia/Dhaka
3071,Jessore Airport,Jessore,Bangladesh,JSR,VGJR,23.183799743652344,89.16079711914062,Asia/Dhaka
3072,Shah Mokhdum Airport,Rajshahi,Bangladesh,RJH,VGRJ,24.43720054626465,88.61650085449219,Asia/Dhaka
3073,Saidpur Airport,Saidpur,Bangladesh,SPD,VGSD,25.759199142456055,88.90889739990234,Asia/Dhaka
3074,Osmany International Airport,Sylhet Osmani,Bangladesh,ZYL,VGSY,24.963199615478516,91.8667984008789,Asia/Dhaka
3075,Tejgaon Airport,Dhaka,Bangladesh,,VGTJ,23.778799057006836,90.38269805908203,Asia/Dhaka
3076,Hazrat Shahjalal International Airport,Dhaka,Bangladesh,DAC,VGZR,23.843347,90.397783,Asia/Dhaka
3077,Hong Kong International Airport,Hong Kong,Hong Kong,HKG,VHHH,22.308901,113.915001,Asia/Hong_Kong
3078,Shek Kong Air Base,Sek Kong,Hong Kong,,VHSK,22.436599731445312,114.08000183105469,Asia/Hong_Kong
3079,Agra Airport,Agra,India,AGR,VIAG,27.155799865722656,77.96089935302734,Asia/Calcutta
3080,Allahabad Airport,Allahabad,India,IXD,VIAL,25.440099716186523,81.73390197753906,Asia/Calcutta
3081,Sri Guru Ram Dass Jee International Airport,Amritsar,India,ATQ,VIAR,31.7096004486,74.7973022461,Asia/Calcutta
3082,Nal Airport,Bikaner,India,BKB,VIBK,28.070600509643555,73.20719909667969,Asia/Calcutta
3083,Bakshi Ka Talab Air Force Station,Bakshi Ka Talab,India,,VIBL,26.988300323486328,80.89309692382812,Asia/Calcutta
3084,Lal Bahadur Shastri Airport,Varanasi,India,VNS,VIBN,25.4524002075,82.8592987061,Asia/Calcutta
3085,Kullu Manali Airport,Kulu,India,KUU,VIBR,31.876699447631836,77.15440368652344,Asia/Calcutta
3086,Bhatinda Air Force Station,Bhatinda,India,BUP,VIBT,30.270099639892578,74.75579833984375,Asia/Calcutta
3087,Bhiwani Airport,Bhiwani,India,,VIBW,28.836999893188477,76.1791000366211,Asia/Calcutta
3088,Bareilly Air Force Station,Bareilly,India,BEK,VIBY,28.4221000671,79.45079803470001,Asia/Calcutta
3089,Chandigarh Airport,Chandigarh,India,IXC,VICG,30.673500061035156,76.78849792480469,Asia/Calcutta
3090,Kanpur Airport,Kanpur,India,KNU,VICX,26.404301,80.410103,Asia/Calcutta
3091,Safdarjung Airport,Delhi,India,,VIDD,28.58449935913086,77.20580291748047,Asia/Calcutta
3092,Dehradun Airport,Dehra Dun,India,DED,VIDN,30.189699,78.180298,Asia/Calcutta
3093,Indira Gandhi International Airport,Delhi,India,DEL,VIDP,28.5665,77.103104,Asia/Calcutta
3094,Gwalior Airport,Gwalior,India,GWL,VIGR,26.29330062866211,78.22779846191406,Asia/Calcutta
3095,Hissar Airport,Hissar,India,HSS,VIHR,29.179399490356445,75.75530242919922,Asia/Calcutta
3096,Jhansi Airport,Jhansi,India,,VIJN,25.491199493408203,78.55840301513672,Asia/Calcutta
3097,Jodhpur Airport,Jodhpur,India,JDH,VIJO,26.251100540161133,73.04889678955078,Asia/Calcutta
3098,Jaipur International Airport,Jaipur,India,JAI,VIJP,26.8242,75.812202,Asia/Calcutta
3099,Jaisalmer Airport,Jaisalmer,India,JSA,VIJR,26.888700485229492,70.86499786376953,Asia/Calcutta
3100,Jammu Airport,Jammu,India,IXJ,VIJU,32.6890983582,74.8374023438,Asia/Calcutta
3101,Kanpur Civil Airport,Kanpur,India,,VIKA,26.441401,80.364899,Asia/Calcutta
3102,Kota Airport,Kota,India,KTU,VIKO,25.160200119,75.84559631350001,Asia/Calcutta
3103,Ludhiana Airport,Ludhiaha,India,LUH,VILD,30.854700088500977,75.95259857177734,Asia/Calcutta
3104,Leh Kushok Bakula Rimpochee Airport,Leh,India,IXL,VILH,34.1358985901,77.5465011597,Asia/Calcutta
3105,Chaudhary Charan Singh International Airport,Lucknow,India,LKO,VILK,26.7605991364,80.8892974854,Asia/Calcutta
3106,Pathankot Airport,Pathankot,India,IXP,VIPK,32.233611,75.634444,Asia/Calcutta
3107,Patiala Airport,Patiala,India,,VIPL,30.314800262451172,76.364501953125,Asia/Calcutta
3108,Pantnagar Airport,Nainital,India,PGH,VIPT,29.03339958190918,79.47370147705078,Asia/Calcutta
3109,Fursatganj Airport,Raibarelli,India,,VIRB,26.24850082397461,81.38050079345703,Asia/Calcutta
3111,Sarsawa Air Force Station,Saharanpur,India,,VISP,29.993900299072266,77.42530059814453,Asia/Calcutta
3112,Sheikh ul Alam Airport,Srinagar,India,SXR,VISR,33.987098693847656,74.77420043945312,Asia/Calcutta
3113,Satna Airport,Satna,India,TNI,VIST,24.5623,80.854897,Asia/Calcutta
3115,Luang Phabang International Airport,Luang Prabang,Laos,LPQ,VLLB,19.897300720214844,102.16100311279297,Asia/Vientiane
3116,Pakse International Airport,Pakse,Laos,PKZ,VLPS,15.132100105285645,105.78099822998047,Asia/Vientiane
3117,Phonesavanh Airport,Phong Savanh,Laos,,VLPV,19.45490074157715,103.21800231933594,Asia/Vientiane
3118,Savannakhet Airport,Savannakhet,Laos,ZVK,VLSK,16.55660057067871,104.76000213623047,Asia/Vientiane
3119,Sam Neua Airport,Sam Neua,Laos,NEU,VLSN,20.418399810791016,104.06700134277344,Asia/Vientiane
3120,Wattay International Airport,Vientiane,Laos,VTE,VLVT,17.988300323500003,102.56300354,Asia/Vientiane
3121,Macau International Airport,Macau,Macau,MFM,VMMC,22.149599,113.592003,Asia/Macau
3122,Gautam Buddha Airport,Bhairawa,Nepal,BWA,VNBW,27.505685,83.416293,Asia/Katmandu
3124,Janakpur Airport,Janakpur,Nepal,JKR,VNJP,26.708799362199997,85.9224014282,Asia/Katmandu
3125,Tribhuvan International Airport,Kathmandu,Nepal,KTM,VNKT,27.6966,85.3591,Asia/Katmandu
3127,Pokhara Airport,Pokhara,Nepal,PKR,VNPK,28.200899124145508,83.98210144042969,Asia/Katmandu
3128,Simara Airport,Simara,Nepal,SIF,VNSI,27.159500122070312,84.9801025390625,Asia/Katmandu
3129,Biratnagar Airport,Biratnagar,Nepal,BIR,VNVT,26.48150062561035,87.26399993896484,Asia/Katmandu
3130,Agatti Airport,Agatti Island,India,AGX,VOAT,10.823699951171875,72.1760025024414,Asia/Calcutta
3131,Kempegowda International Airport,Bangalore,India,BLR,VOBL,13.1979,77.706299,Asia/Calcutta
3132,Bellary Airport,Bellary,India,BEP,VOBI,15.162799835205078,76.88279724121094,Asia/Calcutta
3133,Bidar Air Force Station,Bidar,India,,VOBR,17.908100128173828,77.48709869384766,Asia/Calcutta
3134,Vijayawada Airport,Vijayawada,India,VGA,VOBZ,16.530399322509766,80.79679870605469,Asia/Calcutta
3135,Coimbatore International Airport,Coimbatore,India,CJB,VOCB,11.029999733,77.0434036255,Asia/Calcutta
3136,Cochin International Airport,Kochi,India,COK,VOCI,10.152,76.401901,Asia/Calcutta
3137,Calicut International Airport,Calicut,India,CCJ,VOCL,11.1367998123,75.95529937740001,Asia/Calcutta
3138,Kadapa Airport,Cuddapah,India,CDP,VOCP,14.51,78.772778,Asia/Calcutta
3139,Car Nicobar Air Force Station,Carnicobar,India,CBD,VOCX,9.152509689331055,92.8196029663086,Asia/Calcutta
3140,Dundigul Air Force Academy,Dundigul,India,,VODG,17.627199173,78.4033966064,Asia/Calcutta
3141,Begumpet Airport,Hyderabad,India,BPM,VOHY,17.4531002045,78.4675979614,Asia/Calcutta
3142,Madurai Airport,Madurai,India,IXM,VOMD,9.83450984955,78.09339904790001,Asia/Calcutta
3143,Mangalore International Airport,Mangalore,India,IXE,VOML,12.9612998962,74.8900985718,Asia/Calcutta
3144,Chennai International Airport,Madras,India,MAA,VOMM,12.990005493164062,80.16929626464844,Asia/Calcutta
3145,Nagarjuna Sagar Airport,Nagarjunsagar,India,,VONS,16.542699813842773,79.3187026977539,Asia/Calcutta
3146,Vir Savarkar International Airport,Port Blair,India,IXZ,VOPB,11.641200065612793,92.72969818115234,Asia/Calcutta
3147,Pondicherry Airport,Pendicherry,India,PNY,VOPC,11.968,79.812,Asia/Calcutta
3148,Rajahmundry Airport,Rajahmundry,India,RJA,VORY,17.1103992462,81.81819915770001,Asia/Calcutta
3149,Salem Airport,Salem,India,SXV,VOSM,11.78330039978,78.06559753418,Asia/Calcutta
3150,Tanjore Air Force Base,Tanjore,India,TJV,VOTJ,10.722399711608887,79.10160064697266,Asia/Calcutta
3151,Tirupati Airport,Tirupeti,India,TIR,VOTP,13.632499694800002,79.543296814,Asia/Calcutta
3152,Tiruchirapally Civil Airport Airport,Tiruchirappalli,India,TRZ,VOTR,10.765399932861328,78.70970153808594,Asia/Calcutta
3153,Trivandrum International Airport,Trivandrum,India,TRV,VOTV,8.48211956024,76.9200973511,Asia/Calcutta
3154,Tambaram Air Force Station,Tambaram,India,,VOTX,12.90719985961914,80.12190246582031,Asia/Calcutta
3155,Paro Airport,Thimphu,Bhutan,PBH,VQPR,27.403200149499998,89.42459869380001,Asia/Thimphu
3156,Malé International Airport,Male,Maldives,MLE,VRMM,4.191830158233643,73.52909851074219,Indian/Maldives
3157,Don Mueang International Airport,Bangkok,Thailand,DMK,VTBD,13.9125995636,100.607002258,Asia/Bangkok
3158,Kamphaeng Saen Airport,Nakhon Pathom,Thailand,KDT,VTBK,14.1020002365,99.9171981812,Asia/Bangkok
3159,Khok Kathiam Airport,Lop Buri,Thailand,,VTBL,14.8746004105,100.663002014,Asia/Bangkok
3161,U-Tapao International Airport,Pattaya,Thailand,UTP,VTBU,12.679900169372559,101.00499725341797,Asia/Bangkok
3162,Watthana Nakhon Airport,Prachin Buri,Thailand,,VTBW,13.768799781799316,102.31500244140625,Asia/Bangkok
3163,Lampang Airport,Lampang,Thailand,LPT,VTCL,18.27090072631836,99.50420379638672,Asia/Bangkok
3164,Phrae Airport,Phrae,Thailand,PRH,VTCP,18.132200241088867,100.16500091552734,Asia/Bangkok
3165,Hua Hin Airport,Prachuap Khiri Khan,Thailand,HHQ,VTPH,12.6361999512,99.951499939,Asia/Bangkok
3166,Takhli Airport,Nakhon Sawan,Thailand,TKH,VTPI,15.277299881,100.29599762,Asia/Bangkok
3167,Sak Long Airport,Phetchabun,Thailand,,VTPL,16.82430076599121,101.2509994506836,Asia/Bangkok
3169,Nakhon Sawan Airport,Nakhon Sawan,Thailand,,VTPN,15.67300033569336,100.13700103759766,Asia/Bangkok
3170,Phitsanulok Airport,Phitsanulok,Thailand,PHS,VTPP,16.782899856567383,100.27899932861328,Asia/Bangkok
3171,Khunan Phumipol Airport,Tak,Thailand,,VTPY,17.23419952392578,99.05789947509766,Asia/Bangkok
3172,Khoun Khan Airport,Satun,Thailand,,VTSA,6.661399841308594,100.08000183105469,Asia/Bangkok
3173,Narathiwat Airport,Narathiwat,Thailand,NAW,VTSC,6.5199198722839355,101.74299621582031,Asia/Bangkok
3174,Krabi Airport,Krabi,Thailand,KBV,VTSG,8.09912014008,98.9861984253,Asia/Bangkok
3175,Songkhla Airport,Songkhla,Thailand,SGZ,VTSH,7.186560153961182,100.60800170898438,Asia/Bangkok
3176,Pattani Airport,Pattani,Thailand,PAN,VTSK,6.785459995269775,101.15399932861328,Asia/Bangkok
3177,Samui Airport,Ko Samui,Thailand,USM,VTSM,9.547789573669998,100.06199646,Asia/Bangkok
3178,Cha Eian Airport,Nakhon Si Thammarat,Thailand,,VTSN,8.47115039825,99.9555969238,Asia/Bangkok
3179,Phuket International Airport,Phuket,Thailand,HKT,VTSP,8.1132,98.316902,Asia/Bangkok
3180,Ranong Airport,Ranong,Thailand,UNN,VTSR,9.777620315551758,98.58550262451172,Asia/Bangkok
3181,Hat Yai International Airport,Hat Yai,Thailand,HDY,VTSS,6.93320989609,100.392997742,Asia/Bangkok
3182,Trang Airport,Trang,Thailand,TST,VTST,7.508739948272705,99.6166000366211,Asia/Bangkok
3183,Udon Thani Airport,Udon Thani,Thailand,UTH,VTUD,17.386400222800003,102.788002014,Asia/Bangkok
3184,Sakon Nakhon Airport,Sakon Nakhon,Thailand,SNO,VTUI,17.195100784301758,104.11900329589844,Asia/Bangkok
3185,Surin Airport,Surin,Thailand,PXR,VTUJ,14.868300437927,103.49800109863,Asia/Bangkok
3186,Loei Airport,Loei,Thailand,LOE,VTUL,17.43910026550293,101.72200012207031,Asia/Bangkok
3187,Khorat Airport,Nakhon Ratchasima,Thailand,,VTUN,14.9344997406,102.07900238,Asia/Bangkok
3188,Rob Muang Airport,Roi Et,Thailand,,VTUR,16.07040023803711,103.64600372314453,Asia/Bangkok
3196,Da Nang International Airport,Danang,Vietnam,DAD,VVDN,16.043899536132812,108.1989974975586,Asia/Saigon
3197,Gia Lam Air Base,Hanoi,Vietnam,,VVGL,21.04050064086914,105.88600158691406,Asia/Saigon
3198,Kep Air Base,Kep,Vietnam,,VVKP,21.394599914599997,106.261001587,Asia/Saigon
3199,Noi Bai International Airport,Hanoi,Vietnam,HAN,VVNB,21.221200942993164,105.80699920654297,Asia/Saigon
3200,Nha Trang Air Base,Nhatrang,Vietnam,NHA,VVNT,12.2275,109.192001,Asia/Saigon
3201,Phu Bai Airport,Hue,Vietnam,HUI,VVPB,16.401500701899998,107.70300293,Asia/Saigon
3204,Phu Quoc International Airport,Phuquoc,Vietnam,PQC,VVPQ,10.1698,103.9931,Asia/Saigon
3205,Tan Son Nhat International Airport,Ho Chi Minh City,Vietnam,SGN,VVTS,10.8187999725,106.652000427,Asia/Saigon
3207,Ann Airport,Ann,Burma,VBA,VYAN,19.769199,94.0261,Asia/Rangoon
3208,Anisakan Airport,Anisakan,Burma,,VYAS,21.955400466918945,96.40609741210938,Asia/Rangoon
3209,Bagan Airport,Bagan,Burma,NYU,VYBG,21.178800582885742,94.9301986694336,Asia/Rangoon
3211,Coco Island Airport,Coco Island,Burma,,VYCI,14.141500473022461,93.36849975585938,\N
3213,Heho Airport,Heho,Burma,HEH,VYHH,20.746999740600586,96.79199981689453,Asia/Rangoon
3214,Hommalinn Airport,Hommalin,Burma,HOX,VYHL,24.899599075317383,94.91400146484375,Asia/Rangoon
3215,Kengtung Airport,Kengtung,Burma,KET,VYKG,21.301599502563477,99.63600158691406,Asia/Rangoon
3217,Kyaukpyu Airport,Kyaukpyu,Burma,KYP,VYKP,19.42639923095703,93.53479766845703,Asia/Rangoon
3220,Lashio Airport,Lashio,Burma,LSH,VYLS,22.9778995513916,97.752197265625,Asia/Rangoon
3221,Lanywa Airport,Lanywa,Burma,,VYLY,20.940399169921875,94.82260131835938,Asia/Rangoon
3222,Mandalay International Airport,Mandalay,Burma,MDL,VYMD,21.702199935913086,95.97789764404297,Asia/Rangoon
3223,Myeik Airport,Myeik,Burma,MGZ,VYME,12.439800262451172,98.62149810791016,Asia/Rangoon
3224,Myitkyina Airport,Myitkyina,Burma,MYT,VYMK,25.38360023498535,97.35189819335938,Asia/Rangoon
3226,Momeik Airport,Momeik,Burma,MOE,VYMO,23.092500686645508,96.64530181884766,Asia/Rangoon
3227,Mong Hsat Airport,Mong Hsat,Burma,MOG,VYMS,20.516799926757812,99.25679779052734,Asia/Rangoon
3228,Nampong Air Base,Nampong,Burma,,VYNP,25.354400634799998,97.2951965332,Asia/Rangoon
3229,Namsang Airport,Namsang,Burma,NMS,VYNS,20.890499114990234,97.73590087890625,Asia/Rangoon
3230,Hpa-N Airport,Hpa-an,Burma,PAA,VYPA,16.893699645996094,97.67459869384766,Asia/Rangoon
3232,Putao Airport,Putao,Burma,PBU,VYPT,27.32990074157715,97.42630004882812,Asia/Rangoon
3233,Pyay Airport,Pyay,Burma,PRU,VYPY,18.824499130249023,95.26599884033203,Asia/Rangoon
3234,Shante Air Base,Shante,Burma,,VYST,20.941699981689453,95.91449737548828,Asia/Rangoon
3235,Sittwe Airport,Sittwe,Burma,AKY,VYSW,20.132699966430664,92.87259674072266,Asia/Rangoon
3236,Thandwe Airport,Thandwe,Burma,SNW,VYTD,18.4606990814209,94.30010223388672,Asia/Rangoon
3237,Tachileik Airport,Tachilek,Burma,THL,VYTL,20.483800888061523,99.9354019165039,Asia/Rangoon
3238,Taungoo Airport,Taungoo,Burma,,VYTO,19.031299591064453,96.40119934082031,Asia/Rangoon
3239,Yangon International Airport,Yangon,Burma,RGN,VYYY,16.907300949099998,96.1332015991,Asia/Rangoon
3240,Hasanuddin International Airport,Ujung Pandang,Indonesia,UPG,WAAA,-5.061629772186279,119.55400085449219,Asia/Makassar
3241,Frans Kaisiepo Airport,Biak,Indonesia,BIK,WABB,-1.190019965171814,136.10800170898438,Asia/Jayapura
3242,Nabire Airport,Nabire,Indonesia,NBX,WABI,-3.36818,135.496002,Asia/Jayapura
3243,Moses Kilangin Airport,Timika,Indonesia,TIM,WABP,-4.528279781341553,136.88699340820312,Asia/Jayapura
3244,Sentani International Airport,Jayapura,Indonesia,DJJ,WAJJ,-2.5769500733,140.5160064698,Asia/Jayapura
3245,Wamena Airport,Wamena,Indonesia,WMX,WAJW,-4.10251,138.957001,Asia/Jayapura
3246,Mopah Airport,Merauke,Indonesia,MKQ,WAKK,-8.52029037475586,140.41799926757812,Asia/Jayapura
3247,Jalaluddin Airport,Gorontalo,Indonesia,GTO,WAMG,0.63711899519,122.849998474,Asia/Makassar
3249,Mutiara Airport,Palu,Indonesia,PLW,WAML,-0.9185420274734497,119.91000366210938,Asia/Makassar
3250,Sam Ratulangi Airport,Manado,Indonesia,MDC,WAMM,1.5492600202560425,124.9260025024414,Asia/Makassar
3251,Kasiguncu Airport,Poso,Indonesia,PSJ,WAMP,-1.41674995422,120.657997131,Asia/Makassar
3252,Pitu Airport,Morotai Island,Indonesia,OTI,WAMR,2.0459899902300003,128.324996948,Asia/Jayapura
3253,Sultan Khairun Babullah Airport,Ternate,Indonesia,TTE,WAMT,0.831413984298706,127.38099670410156,Asia/Jayapura
3254,Syukuran Aminuddin Amir Airport,Luwuk,Indonesia,LUW,WAMW,-1.03892,122.772003,Asia/Makassar
3256,"Pattimura Airport, Ambon",Ambon,Indonesia,AMQ,WAPP,-3.7102599144,128.089004517,Asia/Jayapura
3257,Fakfak Airport,Fak Fak,Indonesia,FKQ,WASF,-2.9201900959014893,132.26699829101562,Asia/Jayapura
3258,Kaimana Airport,Kaimana,Indonesia,KNG,WASK,-3.6445200443267822,133.6959991455078,Asia/Jayapura
3259,Babo Airport,Babo,Indonesia,BXB,WASO,-2.5322399139404297,133.43899536132812,Asia/Jayapura
3260,Rendani Airport,Manokwari,Indonesia,MKW,WASR,-0.8918330073356628,134.0489959716797,Asia/Jayapura
3261,Dominique Edward Osok Airport,Sorong,Indonesia,SOQ,WAXX,-0.894,131.287,Asia/Jayapura
3262,Bintulu Airport,Bintulu,Malaysia,BTU,WBGB,3.12385010719,113.019996643,Asia/Kuala_Lumpur
3263,Kuching International Airport,Kuching,Malaysia,KCH,WBGG,1.4846999645233154,110.34700012207031,Asia/Kuala_Lumpur
3264,Limbang Airport,Limbang,Malaysia,LMN,WBGJ,4.808300018310547,115.01000213623047,Asia/Kuala_Lumpur
3265,Marudi Airport,Marudi,Malaysia,MUR,WBGM,4.178979873657227,114.3290023803711,Asia/Kuala_Lumpur
3266,Miri Airport,Miri,Malaysia,MYY,WBGR,4.322010040283203,113.98699951171875,Asia/Kuala_Lumpur
3267,Sibu Airport,Sibu,Malaysia,SBW,WBGS,2.2616000175476074,111.98500061035156,Asia/Kuala_Lumpur
3268,Lahad Datu Airport,Lahad Datu,Malaysia,LDU,WBKD,5.032249927520752,118.3239974975586,Asia/Kuala_Lumpur
3269,Kota Kinabalu International Airport,Kota Kinabalu,Malaysia,BKI,WBKK,5.9372100830078125,116.0510025024414,Asia/Kuala_Lumpur
3270,Labuan Airport,Labuan,Malaysia,LBU,WBKL,5.300680160522461,115.25,Asia/Kuala_Lumpur
3271,Tawau Airport,Tawau,Malaysia,TWU,WBKW,4.320159912109375,118.12799835205078,Asia/Kuala_Lumpur
3272,Brunei International Airport,Bandar Seri Begawan,Brunei,BWN,WBSB,4.944200038909912,114.9280014038086,Asia/Brunei
3273,Sultan Syarif Kasim Ii (Simpang Tiga) Airport,Pekanbaru,Indonesia,PKU,WIBB,0.46078601479530334,101.44499969482422,Asia/Jakarta
3274,Pinang Kampai Airport,Dumai,Indonesia,DUM,WIBD,1.60919,101.433998,Asia/Jakarta
3275,Soekarno-Hatta International Airport,Jakarta,Indonesia,CGK,WIII,-6.1255698204,106.65599823,Asia/Jakarta
3276,Binaka Airport,Gunung Sitoli,Indonesia,GNS,WIMB,1.16638,97.704697,Asia/Jakarta
3277,Aek Godang Airport,Padang Sidempuan,Indonesia,AEG,WIME,1.4001,99.430496,Asia/Jakarta
3278,Minangkabau International Airport,Padang,Indonesia,PDG,WIPT,-0.786917,100.280998,Asia/Jakarta
3279,Soewondo Air Force Base,Medan,Indonesia,MES,WIMK,3.559167,98.671111,Asia/Jakarta
3280,Dr Ferdinand Lumban Tobing Airport,Sibolga,Indonesia,FLZ,WIMS,1.55594,98.888901,Asia/Jakarta
3281,Nanga Pinoh Airport,Nangapinoh,Indonesia,NPO,WIOG,-0.34886899590492,111.74800109863,Asia/Jakarta
3282,Ketapang(Rahadi Usman) Airport,Ketapang,Indonesia,KTG,WIOK,-1.816640019416809,109.96299743652344,Asia/Jakarta
3284,Supadio Airport,Pontianak,Indonesia,PNK,WIOO,-0.15071099996566772,109.40399932861328,Asia/Jakarta
3287,Sultan Thaha Airport,Jambi,Indonesia,DJB,WIPA,-1.6380200386047363,103.64399719238281,Asia/Jakarta
3288,Fatmawati Soekarno Airport,Bengkulu,Indonesia,BKS,WIPL,-3.8637,102.338997,Asia/Jakarta
3289,Sultan Mahmud Badaruddin II Airport,Palembang,Indonesia,PLM,WIPP,-2.8982501029968,104.69999694824,Asia/Jakarta
3291,Japura Airport,Rengat,Indonesia,RGT,WIPR,-0.35280799865722656,102.33499908447266,Asia/Jakarta
3292,Lhok Sukon Airport,Lhok Sukon,Indonesia,LSX,WITL,5.069509983062744,97.25920104980469,Asia/Jakarta
3294,Sultan Iskandar Muda International Airport,Banda Aceh,Indonesia,BTJ,WITT,5.522872024010001,95.42063713070002,Asia/Jakarta
3295,Kluang Airport,Kluang,Malaysia,,WMAP,2.04138994217,103.306999207,Asia/Kuala_Lumpur
3296,Sultan Abdul Halim Airport,Alor Setar,Malaysia,AOR,WMKA,6.189670085906982,100.39800262451172,Asia/Kuala_Lumpur
3297,Butterworth Airport,Butterworth,Malaysia,BWH,WMKB,5.4659199714660645,100.39099884033203,Asia/Kuala_Lumpur
3298,Sultan Ismail Petra Airport,Kota Bahru,Malaysia,KBR,WMKC,6.1668500900268555,102.29299926757812,Asia/Kuala_Lumpur
3299,Kuantan Airport,Kuantan,Malaysia,KUA,WMKD,3.7753899097442627,103.20899963378906,Asia/Kuala_Lumpur
3300,Kerteh Airport,Kerteh,Malaysia,KTE,WMKE,4.537220001220703,103.427001953125,Asia/Kuala_Lumpur
3301,Simpang Airport,Simpang,Malaysia,,WMKF,3.1122500896453857,101.7030029296875,Asia/Kuala_Lumpur
3302,Sultan Azlan Shah Airport,Ipoh,Malaysia,IPH,WMKI,4.567969799041748,101.09200286865234,Asia/Kuala_Lumpur
3303,Senai International Airport,Johor Bahru,Malaysia,JHB,WMKJ,1.64131,103.669998,Asia/Kuala_Lumpur
3304,Kuala Lumpur International Airport,Kuala Lumpur,Malaysia,KUL,WMKK,2.745579957962,101.70999908447,Asia/Kuala_Lumpur
3305,Langkawi International Airport,Langkawi,Malaysia,LGK,WMKL,6.329730033874512,99.72869873046875,Asia/Kuala_Lumpur
3306,Malacca Airport,Malacca,Malaysia,MKZ,WMKM,2.2633600235,102.251998901,Asia/Kuala_Lumpur
3307,Sultan Mahmud Airport,Kuala Terengganu,Malaysia,TGG,WMKN,5.3826398849487305,103.10299682617188,Asia/Kuala_Lumpur
3308,Penang International Airport,Penang,Malaysia,PEN,WMKP,5.297140121459961,100.2770004272461,Asia/Kuala_Lumpur
3309,Suai Airport,Suai,East Timor,UAI,WPDB,-9.30331039428711,125.28700256347656,Asia/Dili
3310,Presidente Nicolau Lobato International Airport,Dili,East Timor,DIL,WPDL,-8.54640007019,125.526000977,Asia/Dili
3311,Cakung Airport,Baucau,East Timor,BCH,WPEC,-8.489029884339999,126.401000977,Asia/Dili
3312,Sembawang Air Base,Sembawang,Singapore,,WSAG,1.4252599477767944,103.81300354003906,Asia/Singapore
3313,Paya Lebar Air Base,Paya Lebar,Singapore,QPG,WSAP,1.3604199886322021,103.91000366210938,Asia/Singapore
3314,Tengah Air Base,Tengah,Singapore,TGA,WSAT,1.38725996017,103.708999634,Asia/Singapore
3315,Seletar Airport,Singapore,Singapore,XSP,WSSL,1.416949987411499,103.86799621582031,Asia/Singapore
3316,Singapore Changi Airport,Singapore,Singapore,SIN,WSSS,1.35019,103.994003,Asia/Singapore
3317,Brisbane Archerfield Airport,Brisbane,Australia,ACF,YBAF,-27.5702991486,153.007995605,Australia/Brisbane
3318,Northern Peninsula Airport,Amberley,Australia,ABM,YBAM,-10.9508,142.459,Australia/Brisbane
3319,Alice Springs Airport,Alice Springs,Australia,ASP,YBAS,-23.806699752807617,133.90199279785156,Australia/Darwin
3320,Brisbane International Airport,Brisbane,Australia,BNE,YBBN,-27.384199142456055,153.11700439453125,Australia/Brisbane
3321,Gold Coast Airport,Coolangatta,Australia,OOL,YBCG,-28.1644001007,153.505004883,Australia/Brisbane
3322,Cairns International Airport,Cairns,Australia,CNS,YBCS,-16.885799408,145.755004883,Australia/Brisbane
3323,Charleville Airport,Charlieville,Australia,CTL,YBCV,-26.4132995605,146.261993408,Australia/Brisbane
3324,Mount Isa Airport,Mount Isa,Australia,ISA,YBMA,-20.663900375399997,139.488998413,Australia/Brisbane
3325,Sunshine Coast Airport,Maroochydore,Australia,MCY,YBMC,-26.6033,153.091003,Australia/Brisbane
3326,Mackay Airport,Mackay,Australia,MKY,YBMK,-21.171699523900003,149.179992676,Australia/Brisbane
3328,Proserpine Whitsunday Coast Airport,Prosserpine,Australia,PPP,YBPN,-20.4950008392,148.552001953,Australia/Brisbane
3329,Rockhampton Airport,Rockhampton,Australia,ROK,YBRK,-23.3819007874,150.475006104,Australia/Brisbane
3330,Townsville Airport,Townsville,Australia,TSV,YBTL,-19.252500534057617,146.76499938964844,Australia/Brisbane
3331,Weipa Airport,Weipa,Australia,WEI,YBWP,-12.6786003113,141.925003052,Australia/Brisbane
3332,Avalon Airport,Avalon,Australia,AVV,YMAV,-38.039398,144.468994,Australia/Hobart
3333,Albury Airport,Albury,Australia,ABX,YMAY,-36.06779861450195,146.95799255371094,Australia/Sydney
3334,Melbourne Essendon Airport,Melbourne,Australia,MEB,YMEN,-37.7281,144.901993,Australia/Hobart
3335,RAAF Base East Sale,East Sale,Australia,,YMES,-38.098899841299996,147.149002075,Australia/Hobart
3336,Hobart International Airport,Hobart,Australia,HBA,YMHB,-42.836101532,147.509994507,Australia/Melbourne
3337,Launceston Airport,Launceston,Australia,LST,YMLT,-41.54529953,147.214004517,Australia/Melbourne
3338,Melbourne Moorabbin Airport,Melbourne,Australia,MBW,YMMB,-37.975799560546875,145.1020050048828,Australia/Hobart
3339,Melbourne International Airport,Melbourne,Australia,MEL,YMML,-37.673302,144.843002,Australia/Hobart
3340,"RAAF Williams, Point Cook Base",Point Cook,Australia,,YMPC,-37.932201,144.753006,Australia/Hobart
3341,Adelaide International Airport,Adelaide,Australia,ADL,YPAD,-34.945,138.531006,Australia/Adelaide
3343,RAAF Base Edinburgh,Edinburgh,Australia,,YPED,-34.70249938964844,138.62100219726562,Australia/Adelaide
3344,Perth Jandakot Airport,Perth,Australia,JAD,YPJT,-32.09749984741211,115.88099670410156,Australia/Perth
3345,Karratha Airport,Karratha,Australia,KTA,YPKA,-20.712200164799995,116.773002625,Australia/Perth
3346,Kalgoorlie Boulder Airport,Kalgoorlie,Australia,KGI,YPKG,-30.789400100699996,121.461997986,Australia/Perth
3347,Kununurra Airport,Kununurra,Australia,KNX,YPKU,-15.7781000137,128.707992554,Australia/Perth
3348,Learmonth Airport,Learmonth,Australia,LEA,YPLM,-22.235599517799997,114.088996887,Australia/Perth
3349,Port Hedland International Airport,Port Hedland,Australia,PHE,YPPD,-20.3777999878,118.625999451,Australia/Perth
3350,Adelaide Parafield Airport,Adelaide,Australia,,YPPF,-34.793300628699996,138.632995605,Australia/Adelaide
3351,Perth International Airport,Perth,Australia,PER,YPPH,-31.94029998779297,115.96700286865234,Australia/Perth
3352,Woomera Airfield,Woomera,Australia,UMR,YPWR,-31.14419937133789,136.81700134277344,Australia/Adelaide
3353,Christmas Island Airport,Christmas Island,Christmas Island,XCH,YPXM,-10.450599670410156,105.69000244140625,Indian/Christmas
3354,Sydney Bankstown Airport,Sydney,Australia,BWU,YSBK,-33.924400329589844,150.98800659179688,Australia/Sydney
3355,Canberra International Airport,Canberra,Australia,CBR,YSCB,-35.30690002441406,149.19500732421875,Australia/Sydney
3356,Coffs Harbour Airport,Coff's Harbour,Australia,CFS,YSCH,-30.3206005096,153.115997314,Australia/Sydney
3357,Camden Airport,Camden,Australia,CDU,YSCN,-34.04029846191406,150.68699645996094,Australia/Sydney
3358,Dubbo City Regional Airport,Dubbo,Australia,DBO,YSDU,-32.2167015076,148.574996948,Australia/Sydney
3359,Norfolk Island International Airport,Norfolk Island,Norfolk Island,NLK,YSNF,-29.04159927368164,167.93899536132812,Pacific/Norfolk
3360,RAAF Base Richmond,Richmond,Australia,XRH,YSRI,-33.600601,150.781006,Australia/Sydney
3361,Sydney Kingsford Smith International Airport,Sydney,Australia,SYD,YSSY,-33.94609832763672,151.177001953125,Australia/Sydney
3362,Tamworth Airport,Tamworth,Australia,TMW,YSTW,-31.0839004517,150.847000122,Australia/Sydney
3363,Wagga Wagga City Airport,Wagga Wagga,Australia,WGA,YSWG,-35.1652984619,147.466003418,Australia/Sydney
3364,Beijing Capital International Airport,Beijing,China,PEK,ZBAA,40.080101013183594,116.58499908447266,Asia/Shanghai
3366,Dongshan Airport,Hailar,China,HLD,ZBLA,49.2050018311,119.824996948,Asia/Shanghai
3368,Tianjin Binhai International Airport,Tianjin,China,TSN,ZBTJ,39.124401092499994,117.346000671,Asia/Shanghai
3369,Taiyuan Wusu Airport,Taiyuan,China,TYN,ZBYN,37.74689865112305,112.62799835205078,Asia/Shanghai
3370,Guangzhou Baiyun International Airport,Guangzhou,China,CAN,ZGGG,23.39240074157715,113.29900360107422,Asia/Shanghai
3371,Changsha Huanghua International Airport,Changcha,China,CSX,ZGHA,28.189199447599997,113.220001221,Asia/Shanghai
3372,Guilin Liangjiang International Airport,Guilin,China,KWL,ZGKL,25.21809959411621,110.03900146484375,Asia/Shanghai
3373,Nanning Wuxu Airport,Nanning,China,NNG,ZGNN,22.608299255371094,108.1719970703125,Asia/Shanghai
3374,Shenzhen Bao'an International Airport,Shenzhen,China,SZX,ZGSZ,22.639299392700195,113.81099700927734,Asia/Shanghai
3375,Zhengzhou Xinzheng International Airport,Zhengzhou,China,CGO,ZHCC,34.519699096699995,113.841003418,Asia/Shanghai
3376,Wuhan Tianhe International Airport,Wuhan,China,WUH,ZHHH,30.7838,114.208,Asia/Shanghai
3377,Pyongyang Sunan International Airport,Pyongyang,North Korea,FNJ,ZKPY,39.224098,125.669998,Asia/Pyongyang
3378,Lanzhou Zhongchuan Airport,Lanzhou,China,LHW,ZLLL,36.5152015686,103.620002747,Asia/Shanghai
3379,Xi'an Xianyang International Airport,Xi'an,China,XIY,ZLXY,34.447102,108.751999,Asia/Shanghai
3380,Chinggis Khaan International Airport,Ulan Bator,Mongolia,ULN,ZMUB,47.843102,106.766998,Asia/Ulaanbaatar
3381,Xishuangbanna Gasa Airport,Jinghonggasa,China,JHG,ZPJH,21.973899841308594,100.76000213623047,Asia/Shanghai
3382,Kunming Changshui International Airport,Kunming,China,KMG,ZPPP,25.1019444,102.9291667,Asia/Shanghai
3383,Xiamen Gaoqi International Airport,Xiamen,China,XMN,ZSAM,24.54400062561035,118.12799835205078,Asia/Shanghai
3384,Nanchang Changbei International Airport,Nanchang,China,KHN,ZSCN,28.864999771118164,115.9000015258789,Asia/Shanghai
3385,Fuzhou Changle International Airport,Fuzhou,China,FOC,ZSFZ,25.935100555419922,119.66300201416016,Asia/Shanghai
3386,Hangzhou Xiaoshan International Airport,Hangzhou,China,HGH,ZSHC,30.22949981689453,120.43399810791016,Asia/Shanghai
3387,Ningbo Lishe International Airport,Ninbo,China,NGB,ZSNB,29.82670021057129,121.46199798583984,Asia/Shanghai
3388,Nanjing Lukou Airport,Nanjing,China,NKG,ZSNJ,31.742000579833984,118.86199951171875,Asia/Shanghai
3389,Hefei Luogang International Airport,Hefei,China,HFE,ZSOF,31.780000686645508,117.2979965209961,Asia/Shanghai
3390,Liuting Airport,Qingdao,China,TAO,ZSQD,36.2661018372,120.374000549,Asia/Shanghai
3391,Shanghai Hongqiao International Airport,Shanghai,China,SHA,ZSSS,31.197900772094727,121.33599853515625,Asia/Shanghai
3392,Yantai Laishan Airport,Yantai,China,YNT,ZSYT,37.40169906616211,121.37200164794922,Asia/Shanghai
3393,Chongqing Jiangbei International Airport,Chongqing,China,CKG,ZUCK,29.719200134277344,106.64199829101562,Asia/Shanghai
3394,Longdongbao Airport,Guiyang,China,KWE,ZUGY,26.53849983215332,106.8010025024414,Asia/Shanghai
3395,Chengdu Shuangliu International Airport,Chengdu,China,CTU,ZUUU,30.578500747680664,103.9469985961914,Asia/Shanghai
3396,Xichang Qingshan Airport,Xichang,China,XIC,ZUXC,27.989099502563477,102.18399810791016,Asia/Shanghai
3397,Kashgar Airport,Kashi,China,KHG,ZWSH,39.5429000854,76.0199966431,Asia/Shanghai
3398,Hotan Airport,Hotan,China,HTN,ZWTN,37.03850173950195,79.86489868164062,Asia/Shanghai
3399,Ürümqi Diwopu International Airport,Urumqi,China,URC,ZWWW,43.907100677490234,87.47419738769531,Asia/Shanghai
3400,Taiping Airport,Harbin,China,HRB,ZYHB,45.6234016418457,126.25,Asia/Shanghai
3402,Mudanjiang Hailang International Airport,Mudanjiang,China,MDG,ZYMD,44.5241012573,129.569000244,Asia/Shanghai
3404,Zhoushuizi Airport,Dalian,China,DLC,ZYTL,38.9656982421875,121.53900146484375,Asia/Shanghai
3406,Shanghai Pudong International Airport,Shanghai,China,PVG,ZSPD,31.143400192260742,121.80500030517578,Asia/Shanghai
3407,Pulau Tioman Airport,Tioman,Malaysia,TOD,WMBT,2.8181800842285156,104.16000366210938,Asia/Kuala_Lumpur
3408,Sultan Abdul Aziz Shah International Airport,Kuala Lumpur,Malaysia,SZB,WMSA,3.130579948425293,101.54900360107422,Asia/Kuala_Lumpur
3409,Noto Airport,Wajima,Japan,NTQ,RJNW,37.2930984497,136.962005615,Asia/Tokyo
3410,Borg El Arab International Airport,Alexandria,Egypt,HBE,HEBA,30.917699813842773,29.696399688720703,Africa/Cairo
3411,Barter Island LRRS Airport,Barter Island,United States,BTI,PABA,70.1340026855,-143.582000732,America/Anchorage
3412,Wainwright Air Station,Fort Wainwright,United States,,PAWT,70.61340332,-159.8600006,America/Anchorage
3413,Cape Lisburne LRRS Airport,Cape Lisburne,United States,LUR,PALU,68.87509918,-166.1100006,America/Anchorage
3414,Point Lay LRRS Airport,Point Lay,United States,PIZ,PPIZ,69.73290253,-163.0050049,America/Anchorage
3415,Hilo International Airport,Hilo,United States,ITO,PHTO,19.721399307250977,-155.04800415039062,Pacific/Honolulu
3416,Orlando Executive Airport,Orlando,United States,ORL,KORL,28.5455,-81.332901,America/New_York
3417,Bettles Airport,Bettles,United States,BTT,PABT,66.91390228,-151.529007,America/Anchorage
3418,Clear Airport,Clear Mews,United States,,PACL,64.301201,-149.119995,America/Anchorage
3419,Indian Mountain LRRS Airport,Indian Mountains,United States,UTO,PAIM,65.99279785,-153.7039948,America/Anchorage
3420,Fort Yukon Airport,Fort Yukon,United States,FYU,PFYU,66.57150268554688,-145.25,America/Anchorage
3421,Sparrevohn LRRS Airport,Sparrevohn,United States,SVW,PASV,61.09740067,-155.5740051,America/Anchorage
3422,Bryant Army Heliport,Fort Richardson,United States,FRN,PAFR,61.26639938,-149.6529999,America/Anchorage
3423,Tatalina LRRS Airport,Tatalina,United States,TLJ,PATL,62.894401550299996,-155.977005005,America/Anchorage
3424,Cape Romanzof LRRS Airport,Cape Romanzof,United States,CZF,PACZ,61.78030014,-166.0390015,America/Anchorage
3425,Laurence G Hanscom Field,Bedford,United States,BED,KBED,42.47000122,-71.28900146,America/New_York
3426,St Paul Island Airport,St. Paul Island,United States,SNP,PASN,57.167301177978516,-170.22000122070312,America/Anchorage
3427,Cape Newenham LRRS Airport,Cape Newenham,United States,EHM,PAEH,58.646400451699996,-162.06300354,America/Anchorage
3428,St George Airport,Point Barrow,United States,STG,PAPB,56.578300476100004,-169.662002563,America/Anchorage
3429,Iliamna Airport,Iliamna,United States,ILI,PAIL,59.75439835,-154.9109955,America/Anchorage
3430,Platinum Airport,Port Moller,United States,PTU,PAPM,59.01139831542969,-161.82000732421875,America/Anchorage
3431,Big Mountain Airport,Big Mountain,United States,BMX,PABM,59.3611984253,-155.259002686,America/Anchorage
3432,Oscoda Wurtsmith Airport,Oscoda,United States,OSC,KOSC,44.451599,-83.394096,America/New_York
3433,Marina Municipal Airport,Fort Ord,United States,OAR,KOAR,36.68190002,-121.762001,America/Los_Angeles
3434,Sacramento Mather Airport,Sacramento,United States,MHR,KMHR,38.55390167,-121.2979965,America/Los_Angeles
3435,Bicycle Lake Army Air Field,Fort Irwin,United States,BYS,KBYS,35.2804985046,-116.629997253,America/Los_Angeles
3436,Twentynine Palms (Self) Airport,Twenty Nine Palms,United States,,KNXP,34.2961998,-116.1620026,America/Los_Angeles
3437,Fort Smith Regional Airport,Fort Smith,United States,FSM,KFSM,35.33660125732422,-94.36740112304688,America/Chicago
3438,Merrill Field,Anchorage,United States,MRI,PAMR,61.2135009765625,-149.843994140625,America/Anchorage
3439,Grants-Milan Municipal Airport,Grants,United States,GNT,KGNT,35.167301178,-107.902000427,America/Denver
3440,Ponca City Regional Airport,Ponca City,United States,PNC,KPNC,36.73199844,-97.09980011,America/Chicago
3441,Hunter Army Air Field,Hunter Aaf,United States,SVN,KSVN,32.00999832,-81.14569855,America/New_York
3442,Grand Forks International Airport,Grand Forks,United States,GFK,KGFK,47.949299,-97.176102,America/Chicago
3443,"Pine Bluff Regional Airport, Grider Field",Pine Bluff,United States,PBF,KPBF,34.1731,-91.9356,America/Chicago
3444,Whiting Field Naval Air Station - North,Milton,United States,NSE,KNSE,30.7241993,-87.02189636,America/Chicago
3445,Hana Airport,Hana,United States,HNM,PHHN,20.79560089111328,-156.01400756835938,Pacific/Honolulu
3446,Ernest A. Love Field,Prescott,United States,PRC,KPRC,34.65449905,-112.4199982,America/Phoenix
3447,Trenton Mercer Airport,Trenton,United States,TTN,KTTN,40.27669906616211,-74.8134994506836,America/New_York
3448,General Edward Lawrence Logan International Airport,Boston,United States,BOS,KBOS,42.36429977,-71.00520325,America/New_York
3449,Travis Air Force Base,Fairfield,United States,SUU,KSUU,38.262699127197,-121.92700195312,America/Los_Angeles
3450,Griffiss International Airport,Rome,United States,RME,KRME,43.23379898,-75.40699768,America/New_York
3451,Wendover Airport,Wendover,United States,ENV,KENV,40.7187004089,-114.03099823,America/Denver
3452,Mobile Downtown Airport,Mobile,United States,BFM,KBFM,30.626800537100003,-88.06809997559999,America/Chicago
3453,Metropolitan Oakland International Airport,Oakland,United States,OAK,KOAK,37.721298,-122.221001,America/Los_Angeles
3454,Eppley Airfield,Omaha,United States,OMA,KOMA,41.3032,-95.894096,America/Chicago
3455,Port Angeles Cgas Airport,Port Angeles,United States,,KNOW,48.14149856567383,-123.41400146484375,America/Los_Angeles
3456,Kahului Airport,Kahului,United States,OGG,PHOG,20.8986,-156.429993,Pacific/Honolulu
3457,Wichita Eisenhower National Airport,Wichita,United States,ICT,KICT,37.649899,-97.433098,America/Chicago
3458,Kansas City International Airport,Kansas City,United States,MCI,KMCI,39.2976,-94.713898,America/Chicago
3459,Dane County Regional Truax Field,Madison,United States,MSN,KMSN,43.13990020751953,-89.3375015258789,America/Chicago
3460,Dillingham Airport,Dillingham,United States,DLG,PADL,59.04470062,-158.5050049,America/Anchorage
3461,Boone County Airport,Harrison,United States,HRO,KHRO,36.26150131225586,-93.15470123291016,America/Chicago
3462,Phoenix Sky Harbor International Airport,Phoenix,United States,PHX,KPHX,33.43429946899414,-112.01200103759766,America/Phoenix
3463,Bangor International Airport,Bangor,United States,BGR,KBGR,44.80739974975586,-68.8281021118164,America/New_York
3464,Fort Lauderdale Executive Airport,Fort Lauderdale,United States,FXE,KFXE,26.1972999573,-80.1707000732,America/New_York
3465,East Texas Regional Airport,Longview,United States,GGG,KGGG,32.38399887084961,-94.71150207519531,America/Chicago
3466,Anderson Regional Airport,Andersen,United States,AND,KAND,34.4945983887,-82.70939636230001,America/New_York
3467,Spokane International Airport,Spokane,United States,GEG,KGEG,47.61989974975586,-117.53399658203125,America/Los_Angeles
3468,North Perry Airport,Hollywood,United States,HWO,KHWO,26.0012,-80.2407,America/New_York
3469,San Francisco International Airport,San Francisco,United States,SFO,KSFO,37.61899948120117,-122.375,America/Los_Angeles
3470,Cut Bank International Airport,Cutbank,United States,CTB,KCTB,48.6083984375,-112.375999451,America/Denver
3471,Acadiana Regional Airport,Louisiana,United States,ARA,KARA,30.0378,-91.883904,America/Chicago
3472,Gainesville Regional Airport,Gainesville,United States,GNV,KGNV,29.6900997162,-82.2717971802,America/New_York
3473,Memphis International Airport,Memphis,United States,MEM,KMEM,35.04240036010742,-89.97669982910156,America/Chicago
3474,Bisbee Douglas International Airport,Douglas,United States,DUG,KDUG,31.4689998627,-109.603996277,America/Phoenix
3475,Allen Army Airfield,Delta Junction,United States,BIG,PABI,63.9944992065,-145.722000122,America/Anchorage
3476,TSTC Waco Airport,Waco,United States,CNW,KCNW,31.637800216699997,-97.0740966797,America/Chicago
3477,Annette Island Airport,Annette Island,United States,ANN,PANT,55.04240036010742,-131.57200622558594,America/Anchorage
3478,Caribou Municipal Airport,Caribou,United States,CAR,KCAR,46.871498107899995,-68.0178985596,America/New_York
3479,Little Rock Air Force Base,Jacksonville,United States,LRF,KLRF,34.916900634799994,-92.14969635010002,America/Chicago
3480,Redstone Army Air Field,Redstone,United States,HUA,KHUA,34.67869949,-86.68479919,America/Chicago
3481,Pope Field,Fort Bragg,United States,POB,KPOB,35.1708984375,-79.014503479004,America/New_York
3482,Dalhart Municipal Airport,Dalhart,United States,DHT,KDHT,36.0225982666,-102.54699707,America/Chicago
3483,DLF Airport,Del Rio,United States,DLF,KDLF,29.359501,-100.778002,America/Chicago
3484,Los Angeles International Airport,Los Angeles,United States,LAX,KLAX,33.94250107,-118.4079971,America/Los_Angeles
3485,Anniston Regional Airport,Anniston,United States,ANB,KANB,33.5882,-85.8581,America/Chicago
3486,Cleveland Hopkins International Airport,Cleveland,United States,CLE,KCLE,41.4117012024,-81.8498001099,America/New_York
3487,Dover Air Force Base,Dover,United States,DOV,KDOV,39.12950134,-75.46600342,America/New_York
3488,Cincinnati Northern Kentucky International Airport,Cincinnati,United States,CVG,KCVG,39.0488014221,-84.6678009033,America/New_York
3489,Tipton Airport,Fort Meade,United States,FME,KFME,39.08539962769999,-76.7593994141,America/New_York
3490,China Lake Naws (Armitage Field) Airport,China Lake,United States,,KNID,35.6853981,-117.6920013,America/Los_Angeles
3491,Huron Regional Airport,Huron,United States,HON,KHON,44.38520050048828,-98.22850036621094,America/Chicago
3492,Juneau International Airport,Juneau,United States,JNU,PAJN,58.35499954223633,-134.5760040283203,America/Anchorage
3493,Lafayette Regional Airport,Lafayette,United States,LFT,KLFT,30.20529938,-91.98760223,America/Chicago
3494,Newark Liberty International Airport,Newark,United States,EWR,KEWR,40.692501068115234,-74.168701171875,America/New_York
3495,Boise Air Terminal/Gowen Field,Boise,United States,BOI,KBOI,43.5644,-116.223,America/Denver
3496,Creech Air Force Base,Indian Springs,United States,INS,KINS,36.587200164799995,-115.672996521,America/Los_Angeles
3497,Garden City Regional Airport,Garden City,United States,GCK,KGCK,37.9275016785,-100.723999023,America/Chicago
3498,Minot International Airport,Minot,United States,MOT,KMOT,48.2593994140625,-101.27999877929688,America/Chicago
3499,Wheeler Army Airfield,Wahiawa,United States,HHI,PHHI,21.48349953,-158.0399933,Pacific/Honolulu
3500,Maxwell Air Force Base,Montgomery,United States,MXF,KMXF,32.3829,-86.365799,America/Chicago
3501,Robinson Army Air Field,Robinson,United States,,KRBM,34.85010147,-92.30020142,America/Chicago
3502,Dallas Love Field,Dallas,United States,DAL,KDAL,32.847099,-96.851799,America/Chicago
3503,Butts AAF (Fort Carson) Air Field,Fort Carson,United States,FCS,KFCS,38.67839813,-104.7570038,America/Denver
3504,Helena Regional Airport,Helena,United States,HLN,KHLN,46.6068000793457,-111.98300170898438,America/Denver
3505,Miramar Marine Corps Air Station - Mitscher Field,Miramar,United States,NKX,KNKX,32.86840057,-117.1429977,America/Los_Angeles
3506,Luke Air Force Base,Phoenix,United States,LUF,KLUF,33.534999847399995,-112.383003235,America/Phoenix
3507,Hurlburt Field,Mary Esther,United States,,KHRT,30.427799224853516,-86.68930053710938,America/Chicago
3508,Jack Northrop Field Hawthorne Municipal Airport,Hawthorne,United States,HHR,KHHR,33.922798,-118.334999,America/Los_Angeles
3509,Houlton International Airport,Houlton,United States,HUL,KHUL,46.1231002808,-67.792098999,America/New_York
3510,Vance Air Force Base,Enid,United States,END,KEND,36.339199066199996,-97.9164962769,America/Chicago
3511,Point Mugu Naval Air Station (Naval Base Ventura Co),Point Mugu,United States,NTD,KNTD,34.120300293,-119.121002197,America/Los_Angeles
3512,Edwards Air Force Base,Edwards Afb,United States,EDW,KEDW,34.905399,-117.884003,America/Los_Angeles
3513,Lake Charles Regional Airport,Lake Charles,United States,LCH,KLCH,30.126100540161133,-93.22329711914062,America/Chicago
3514,Ellison Onizuka Kona International At Keahole Airport,Kona,United States,KOA,PHKO,19.738783,-156.045603,Pacific/Honolulu
3515,Myrtle Beach International Airport,Myrtle Beach,United States,MYR,KMYR,33.6796989441,-78.9282989502,America/New_York
3516,Lemoore Naval Air Station (Reeves Field) Airport,Lemoore,United States,NLC,KNLC,36.33300018,-119.9520035,America/Los_Angeles
3517,Nantucket Memorial Airport,Nantucket,United States,ACK,KACK,41.25310135,-70.06020355,America/New_York
3518,Felker Army Air Field,Fort Eustis,United States,FAF,KFAF,37.132499694799996,-76.60880279540001,America/New_York
3519,Campbell AAF (Fort Campbell) Air Field,Hopkinsville,United States,HOP,KHOP,36.668598175,-87.49620056150002,America/Chicago
3520,Ronald Reagan Washington National Airport,Washington,United States,DCA,KDCA,38.8521,-77.037697,America/New_York
3521,Patuxent River Naval Air Station (Trapnell Field),Patuxent River,United States,NHK,KNHK,38.285999,-76.411797,America/New_York
3522,Palacios Municipal Airport,Palacios,United States,PSX,KPSX,28.727500915527,-96.250999450684,America/Chicago
3523,Arkansas International Airport,Blytheville,United States,BYH,KBYH,35.9642982483,-89.94400024410001,America/Chicago
3524,Atlantic City International Airport,Atlantic City,United States,ACY,KACY,39.45759963989258,-74.57720184326172,America/New_York
3525,Tinker Air Force Base,Oklahoma City,United States,TIK,KTIK,35.414699554443,-97.386596679688,America/Chicago
3526,Elizabeth City Regional Airport & Coast Guard Air Station,Elizabeth City,United States,ECG,KECG,36.26060104,-76.17459869,America/New_York
3527,Pueblo Memorial Airport,Pueblo,United States,PUB,KPUB,38.289100646972656,-104.49700164794922,America/Denver
3528,Northern Maine Regional Airport at Presque Isle,Presque Isle,United States,PQI,KPQI,46.68899918,-68.0447998,America/New_York
3530,Gray Army Air Field,Fort Lewis,United States,GRF,KGRF,47.07920074,-122.5810013,America/Los_Angeles
3531,Kodiak Airport,Kodiak,United States,ADQ,PADQ,57.75,-152.4940033,America/Anchorage
3532,Upolu Airport,Opolu,United States,UPP,PHUP,20.265300750732422,-155.86000061035156,Pacific/Honolulu
3533,Fort Lauderdale Hollywood International Airport,Fort Lauderdale,United States,FLL,KFLL,26.072599,-80.152702,America/New_York
3534,Muskogee-Davis Regional Airport,Muskogee,United States,,KMKO,35.656502,-95.366699,America/Chicago
3535,Falls International Airport,International Falls,United States,INL,KINL,48.566200256347656,-93.4030990600586,America/Chicago
3536,Salt Lake City International Airport,Salt Lake City,United States,SLC,KSLC,40.78839874267578,-111.97799682617188,America/Denver
3537,Childress Municipal Airport,Childress,United States,CDS,KCDS,34.4337997437,-100.288002014,America/Chicago
3538,Keesler Air Force Base,Biloxi,United States,BIX,KBIX,30.4104003906,-88.92440032959999,America/Chicago
3539,Lawson Army Air Field (Fort Benning),Fort Benning,United States,LSF,KLSF,32.337299346900004,-84.9913024902,America/New_York
3540,Kingsville Naval Air Station,Kingsville,United States,NQI,KNQI,27.5072002411,-97.8097000122,America/Chicago
3541,Marshall Army Air Field,Fort Riley,United States,FRI,KFRI,39.05530167,-96.76450348,America/Chicago
3542,Harrisburg International Airport,Harrisburg,United States,MDT,KMDT,40.1935005188,-76.7633972168,America/New_York
3543,Lincoln Airport,Lincoln,United States,LNK,KLNK,40.85100173950195,-96.75920104980469,America/Chicago
3544,Capital City Airport,Lansing,United States,LAN,KLAN,42.77870178222656,-84.58740234375,America/New_York
3545,Waimea Kohala Airport,Kamuela,United States,MUE,PHMU,20.001300811767578,-155.66799926757812,Pacific/Honolulu
3546,Massena International Richards Field,Massena,United States,MSS,KMSS,44.93579864501953,-74.84559631347656,America/New_York
3547,Hickory Regional Airport,Hickory,United States,HKY,KHKY,35.74110031,-81.38950348,America/New_York
3548,Albert Whitted Airport,St. Petersburg,United States,SPG,KSPG,27.7651,-82.626999,America/New_York
3549,Page Field,Fort Myers,United States,FMY,KFMY,26.58659935,-81.86329650879999,America/New_York
3550,George Bush Intercontinental Houston Airport,Houston,United States,IAH,KIAH,29.984399795532227,-95.34140014648438,America/Chicago
3551,Millinocket Municipal Airport,Millinocket,United States,,KMLT,45.64780044555664,-68.68560028076172,America/New_York
3552,Joint Base Andrews,Camp Springs,United States,ADW,KADW,38.810799,-76.866997,America/New_York
3553,Smith Reynolds Airport,Winston-salem,United States,INT,KINT,36.13370132446289,-80.22200012207031,America/New_York
3554,Southern California Logistics Airport,Victorville,United States,VCV,KVCV,34.597499847399995,-117.383003235,America/Los_Angeles
3555,Bob Sikes Airport,Crestview,United States,CEW,KCEW,30.778799057,-86.522102356,America/Chicago
3556,Wheeler Sack Army Air Field,Fort Drum,United States,,KGTB,44.05559921,-75.71949768,America/New_York
3557,St Clair County International Airport,Port Huron,United States,PHN,KPHN,42.9109993,-82.52890015,America/New_York
3558,Meadows Field,Bakersfield,United States,BFL,KBFL,35.43360138,-119.0569992,America/Los_Angeles
3559,El Paso International Airport,El Paso,United States,ELP,KELP,31.80719948,-106.3779984,America/Denver
3560,Valley International Airport,Harlingen,United States,HRL,KHRL,26.228500366210938,-97.65440368652344,America/Chicago
3561,Columbia Metropolitan Airport,Columbia,United States,CAE,KCAE,33.93880081176758,-81.11949920654297,America/New_York
3562,Davis Monthan Air Force Base,Tucson,United States,DMA,KDMA,32.1665000916,-110.883003235,America/Phoenix
3563,Pensacola Naval Air Station/Forrest Sherman Field,Pensacola,United States,NPA,KNPA,30.35269928,-87.31860352,America/Chicago
3564,Pensacola Regional Airport,Pensacola,United States,PNS,KPNS,30.473400115967,-87.186599731445,America/Chicago
3565,Grand Forks Air Force Base,Red River,United States,RDR,KRDR,47.961101532,-97.4011993408,America/Chicago
3566,William P Hobby Airport,Houston,United States,HOU,KHOU,29.64539909,-95.27890015,America/Chicago
3567,Buckley Air Force Base,Buckley,United States,BFK,KBKF,39.701698303200004,-104.751998901,America/Denver
3568,Northway Airport,Northway,United States,ORT,PAOR,62.9612999,-141.9290009,America/Anchorage
3569,"Warren ""Bud"" Woods Palmer Municipal Airport",Palmer,United States,PAQ,PAAQ,61.594898,-149.08901,America/Anchorage
3570,Pittsburgh International Airport,Pittsburgh,United States,PIT,KPIT,40.49150085,-80.23290253,America/New_York
3571,Wiley Post Will Rogers Memorial Airport,Barrow,United States,BRW,PABR,71.285402,-156.766008,America/Anchorage
3572,Ellington Airport,Houston,United States,EFD,KEFD,29.607299804700002,-95.1587982178,America/Chicago
3573,Whidbey Island Naval Air Station (Ault Field),Whidbey Island,United States,NUW,KNUW,48.351799,-122.655998,America/Los_Angeles
3574,Alice International Airport,Alice,United States,ALI,KALI,27.740900039699998,-98.02690124510002,America/Chicago
3575,Moody Air Force Base,Valdosta,United States,VAD,KVAD,30.9678001404,-83.1930007935,America/New_York
3576,Miami International Airport,Miami,United States,MIA,KMIA,25.79319953918457,-80.29060363769531,America/New_York
3577,Seattle Tacoma International Airport,Seattle,United States,SEA,KSEA,47.449001,-122.308998,America/Los_Angeles
3578,Lovell Field,Chattanooga,United States,CHA,KCHA,35.035301208496094,-85.20379638671875,America/New_York
3579,Igor I Sikorsky Memorial Airport,Stratford,United States,BDR,KBDR,41.16350173950195,-73.1261978149414,America/New_York
3580,Jackson-Medgar Wiley Evers International Airport,Jackson,United States,JAN,KJAN,32.3111991882,-90.0758972168,America/Chicago
3581,Scholes International At Galveston Airport,Galveston,United States,GLS,KGLS,29.265300750732422,-94.86039733886719,America/Chicago
3582,Long Beach /Daugherty Field/ Airport,Long Beach,United States,LGB,KLGB,33.81769943,-118.1520004,America/Los_Angeles
3583,Dillingham Airfield,Dillingham,United States,HDH,PHDH,21.5795001984,-158.197006226,Pacific/Honolulu
3584,Williamsport Regional Airport,Williamsport,United States,IPT,KIPT,41.241798400878906,-76.92109680175781,America/New_York
3585,Indianapolis International Airport,Indianapolis,United States,IND,KIND,39.7173,-86.294403,America/New_York
3586,Whiteman Air Force Base,Knobnoster,United States,SZL,KSZL,38.73030090332,-93.547897338867,America/Chicago
3587,Akron Fulton International Airport,Akron,United States,AKC,KAKR,41.0374984741,-81.4669036865,America/New_York
3588,Greenwood–Leflore Airport,Greenwood,United States,GWO,KGWO,33.4943008423,-90.0847015381,America/Chicago
3589,Westchester County Airport,White Plains,United States,HPN,KHPN,41.06700134277344,-73.70760345458984,America/New_York
3590,Francis S Gabreski Airport,West Hampton Beach,United States,FOK,KFOK,40.8437004089,-72.6317977905,America/New_York
3591,Jonesboro Municipal Airport,Jonesboro,United States,JBR,KJBR,35.83169937133789,-90.64640045166016,America/Chicago
3592,Tonopah Test Range Airport,Tonopah,United States,XSD,KTNX,37.7988014221,-116.78099823,America/Los_Angeles
3593,Palm Beach County Park Airport,West Palm Beach,United States,LNA,KLNA,26.59300041,-80.08509827,America/New_York
3594,North Island Naval Air Station-Halsey Field,San Diego,United States,NZY,KNZY,32.69919968,-117.2149963,America/Los_Angeles
3595,Biggs Army Air Field (Fort Bliss),El Paso,United States,BIF,KBIF,31.84950066,-106.3799973,America/Denver
3596,Yuma MCAS/Yuma International Airport,Yuma,United States,YUM,KNYL,32.65660095,-114.6060028,America/Phoenix
3597,Cavern City Air Terminal,Carlsbad,United States,CNM,KCNM,32.337501525878906,-104.26300048828125,America/Denver
3598,Duluth International Airport,Duluth,United States,DLH,KDLH,46.8420982361,-92.19360351559999,America/Chicago
3599,Bethel Airport,Bethel,United States,BET,PABE,60.77980042,-161.8379974,America/Anchorage
3600,Bowman Field,Louisville,United States,LOU,KLOU,38.2280006409,-85.6636962891,America/New_York
3601,Sierra Vista Municipal Libby Army Air Field,Fort Huachuca,United States,FHU,KFHU,31.588499069213867,-110.34400177001953,America/Phoenix
3602,Lihue Airport,Lihue,United States,LIH,PHLI,21.97599983215332,-159.33900451660156,Pacific/Honolulu
3603,"Terre Haute Regional Airport, Hulman Field",Terre Haute,United States,HUF,KHUF,39.4515,-87.307602,America/New_York
3604,Havre City County Airport,Havre,United States,HVR,KHVR,48.54299927,-109.762001,America/Denver
3605,Grant County International Airport,Grant County Airport,United States,MWH,KMWH,47.20769882,-119.3199997,America/Los_Angeles
3606,Edward F Knapp State Airport,Montpelier,United States,MPV,KMPV,44.20349884,-72.56230164,America/New_York
3607,San Nicolas Island Nolf Airport,San Nicolas Island,United States,,KNSI,33.23979949951172,-119.45800018310547,America/Los_Angeles
3608,Richmond International Airport,Richmond,United States,RIC,KRIC,37.50519943237305,-77.3197021484375,America/New_York
3609,Shreveport Regional Airport,Shreveport,United States,SHV,KSHV,32.446602,-93.8256,America/Chicago
3610,Merle K (Mudhole) Smith Airport,Cordova,United States,CDV,PACV,60.4917984,-145.4779968,America/Anchorage
3611,Norfolk International Airport,Norfolk,United States,ORF,KORF,36.89459991455078,-76.20120239257812,America/New_York
3612,Southeast Texas Regional Airport,Beaumont,United States,BPT,KBPT,29.9507999420166,-94.02069854736328,America/Chicago
3613,Savannah Hilton Head International Airport,Savannah,United States,SAV,KSAV,32.12760162,-81.20210266,America/New_York
3614,Hill Air Force Base,Ogden,United States,HIF,KHIF,41.12403,-111.973086,America/Denver
3615,Nome Airport,Nome,United States,OME,PAOM,64.51219940185547,-165.44500732421875,America/Anchorage
3616,Scappoose Industrial Airpark,San Luis,United States,,KSPB,45.770999908447266,-122.86199951171875,America/Los_Angeles
3617,St Petersburg Clearwater International Airport,St. Petersburg,United States,PIE,KPIE,27.91020012,-82.68740082,America/New_York
3618,Menominee Regional Airport,Macon,United States,MNM,KMNM,45.126701,-87.638397,America/Chicago
3619,Conroe-North Houston Regional Airport,Conroe,United States,CXO,KCXO,30.351801,-95.414497,America/Chicago
3620,Deadhorse Airport,Deadhorse,United States,SCC,PASC,70.19470215,-148.4649963,America/Anchorage
3621,San Antonio International Airport,San Antonio,United States,SAT,KSAT,29.533700942993164,-98.46980285644531,America/Chicago
3622,Greater Rochester International Airport,Rochester,United States,ROC,KROC,43.118900299072266,-77.67240142822266,America/New_York
3623,Patrick Air Force Base,Coco Beach,United States,COF,KCOF,28.2348995209,-80.6100997925,America/New_York
3624,Teterboro Airport,Teterboro,United States,TEB,KTEB,40.85010147089999,-74.060798645,America/New_York
3625,Ellsworth Air Force Base,Rapid City,United States,RCA,KRCA,44.14500046,-103.1039963,America/Denver
3626,Raleigh Durham International Airport,Raleigh-durham,United States,RDU,KRDU,35.877601623535156,-78.7874984741211,America/New_York
3627,James M Cox Dayton International Airport,Dayton,United States,DAY,KDAY,39.902400970458984,-84.21939849853516,America/New_York
3628,Kenai Municipal Airport,Kenai,United States,ENA,PAEN,60.57310104370117,-151.2449951171875,America/Anchorage
3629,Mc Alester Regional Airport,Mcalester,United States,MLC,KMLC,34.882401,-95.783501,America/Chicago
3630,Niagara Falls International Airport,Niagara Falls,United States,IAG,KIAG,43.1072998046875,-78.94619750976562,America/New_York
3631,Coulter Field,Bryan,United States,CFD,KCFD,30.715700149499998,-96.3313980103,America/Chicago
3632,Wright AAF (Fort Stewart)/Midcoast Regional Airport,Wright,United States,LIY,KLHW,31.889099,-81.562303,America/New_York
3633,Newport News Williamsburg International Airport,Newport News,United States,PHF,KPHF,37.13190079,-76.49299622,America/New_York
3634,Esler Regional Airport,Alexandria,United States,ESF,KESF,31.3948993683,-92.2957992554,America/Chicago
3635,Altus Air Force Base,Altus,United States,LTS,KLTS,34.667098999,-99.2667007446,America/Chicago
3636,Tucson International Airport,Tucson,United States,TUS,KTUS,32.1161003112793,-110.94100189208984,America/Phoenix
3637,Minot Air Force Base,Minot,United States,MIB,KMIB,48.4156,-101.358002,America/Chicago
3638,Beale Air Force Base,Marysville,United States,BAB,KBAB,39.136100769,-121.43699646,America/Los_Angeles
3639,Greater Kankakee Airport,Kankakee,United States,IKK,KIKK,41.07139968869999,-87.8462982178,America/Chicago
3640,Seymour Johnson Air Force Base,Goldsboro,United States,GSB,KGSB,35.33940125,-77.96060181,America/New_York
3641,Theodore Francis Green State Airport,Providence,United States,PVD,KPVD,41.732601,-71.420403,America/New_York
3642,Salisbury Ocean City Wicomico Regional Airport,Salisbury,United States,SBY,KSBY,38.34049987792969,-75.51029968261719,America/New_York
3643,Rancho Murieta Airport,Rancho Murieta,United States,,KRIU,38.48680114746094,-121.10299682617188,America/Los_Angeles
3644,Bob Hope Airport,Burbank,United States,BUR,KBUR,34.20069885253906,-118.35900115966797,America/Los_Angeles
3645,Detroit Metropolitan Wayne County Airport,Detroit,United States,DTW,KDTW,42.212398529052734,-83.35340118408203,America/New_York
3646,Tampa International Airport,Tampa,United States,TPA,KTPA,27.975500106811523,-82.533203125,America/New_York
3647,Pembina Municipal Airport,Pembina,United States,PMB,KPMB,48.9425010681,-97.2407989502,America/Chicago
3648,Polk Army Air Field,Fort Polk,United States,POE,KPOE,31.0447998,-93.1917038,America/Chicago
3649,Eielson Air Force Base,Fairbanks,United States,EIL,PAEI,64.66570282,-147.102005,America/Anchorage
3650,Range Regional Airport,Hibbing,United States,HIB,KHIB,47.38660049,-92.83899689,America/Chicago
3651,Angelina County Airport,Lufkin,United States,LFK,KLFK,31.2339992523,-94.75,America/Chicago
3652,Midland International Airport,Midland,United States,MAF,KMAF,31.9424991607666,-102.2020034790039,America/Chicago
3653,Austin Straubel International Airport,Green Bay,United States,GRB,KGRB,44.48509979248047,-88.12960052490234,America/Chicago
3654,Ardmore Municipal Airport,Ardmore,United States,ADM,KADM,34.30301,-97.0196342,America/Chicago
3655,Mc Guire Air Force Base,Wrightstown,United States,WRI,KWRI,40.0155983,-74.59169769,America/New_York
3656,Cherry Point MCAS /Cunningham Field/,Cherry Point,United States,,KNKT,34.90090179,-76.88069916,America/New_York
3657,Emanuel County Airport,Santa Barbara,United States,,KSBO,32.609100341796875,-82.36990356445312,America/New_York
3658,Augusta Regional At Bush Field,Bush Field,United States,AGS,KAGS,33.36989974975586,-81.9645004272461,America/New_York
3659,Sloulin Field International Airport,Williston,United States,ISN,KISN,48.177898407,-103.641998291,America/Chicago
3660,Bill & Hillary Clinton National Airport/Adams Field,Little Rock,United States,LIT,KLIT,34.729400634799994,-92.2242965698,America/Chicago
3661,Stewart International Airport,Newburgh,United States,SWF,KSWF,41.50410079956055,-74.10479736328125,America/New_York
3662,Baudette International Airport,Baudette,United States,BDE,KBDE,48.7284011841,-94.612197876,America/Chicago
3663,Sacramento Executive Airport,Sacramento,United States,SAC,KSAC,38.5125007629,-121.492996216,America/Los_Angeles
3664,Homer Airport,Homer,United States,HOM,PAHO,59.645599365234375,-151.4770050048828,America/Anchorage
3665,Waynesville-St. Robert Regional Forney field,Fort Leonardwood,United States,TBN,KTBN,37.74160004,-92.14070129,America/Chicago
3666,Dobbins Air Reserve Base,Marietta,United States,MGE,KMGE,33.91540146,-84.51629639,America/New_York
3667,Fairchild Air Force Base,Spokane,United States,SKA,KSKA,47.6151008606,-117.65599823,America/Los_Angeles
3668,Roscommon County - Blodgett Memorial Airport,Houghton Lake,United States,HTL,KHTL,44.359798,-84.671095,America/New_York
3669,Tyndall Air Force Base,Panama City,United States,PAM,KPAM,30.0695991516,-85.57540130619999,America/Chicago
3670,Dallas Fort Worth International Airport,Dallas-Fort Worth,United States,DFW,KDFW,32.896801,-97.038002,America/Chicago
3671,Melbourne International Airport,Melbourne,United States,MLB,KMLB,28.102800369262695,-80.64530181884766,America/New_York
3672,McChord Air Force Base,Tacoma,United States,TCM,KTCM,47.1376991272,-122.475997925,America/Los_Angeles
3673,Austin Bergstrom International Airport,Austin,United States,AUS,KAUS,30.194499969482422,-97.6698989868164,America/Chicago
3674,Rickenbacker International Airport,Columbus,United States,LCK,KLCK,39.813801,-82.927803,America/New_York
3675,Sawyer International Airport,Gwinn,United States,MQT,KSAW,46.353599548300004,-87.395401001,America/New_York
3676,McGhee Tyson Airport,Knoxville,United States,TYS,KTYS,35.81100082,-83.9940033,America/New_York
3677,Hood Army Air Field,Fort Hood,United States,HLR,KHLR,31.138700485199998,-97.71450042720001,America/Chicago
3678,St Louis Lambert International Airport,St. Louis,United States,STL,KSTL,38.748697,-90.370003,America/Chicago
3679,Millville Municipal Airport,Millville,United States,MIV,KMIV,39.367802,-75.072197,America/New_York
3680,Sheppard Air Force Base-Wichita Falls Municipal Airport,Wichita Falls,United States,SPS,KSPS,33.9888,-98.491898,America/Chicago
3681,Cincinnati Municipal Airport Lunken Field,Cincinnati,United States,LUK,KLUK,39.10329819,-84.41860199,America/New_York
3682,Hartsfield Jackson Atlanta International Airport,Atlanta,United States,ATL,KATL,33.6367,-84.428101,America/New_York
3683,Castle Airport,Merced,United States,MER,KMER,37.38050079,-120.5680008,America/Los_Angeles
3684,Mc Clellan Airfield,Sacramento,United States,MCC,KMCC,38.66759872,-121.401001,America/Los_Angeles
3685,Gerald R. Ford International Airport,Grand Rapids,United States,GRR,KGRR,42.88079834,-85.52279663,America/New_York
3686,Winkler County Airport,Wink,United States,INK,KINK,31.779600143399996,-103.200996399,America/Chicago
3687,Fresno Yosemite International Airport,Fresno,United States,FAT,KFAT,36.77619934082031,-119.71800231933594,America/Los_Angeles
3688,Vero Beach Regional Airport,Vero Beach,United States,VRB,KVRB,27.6556,-80.417901,America/New_York
3689,Imperial County Airport,Imperial,United States,IPL,KIPL,32.834201812699995,-115.57900238,America/Los_Angeles
3690,Nashville International Airport,Nashville,United States,BNA,KBNA,36.1245002746582,-86.6781997680664,America/Chicago
3691,Laredo International Airport,Laredo,United States,LRD,KLRD,27.543800354003906,-99.46160125732422,America/Chicago
3692,Elmendorf Air Force Base,Anchorage,United States,EDF,PAED,61.250999450683594,-149.8070068359375,America/Anchorage
3693,Ralph Wien Memorial Airport,Kotzebue,United States,OTZ,PAOT,66.88469696,-162.598999,America/Anchorage
3694,Altoona Blair County Airport,Altoona,United States,AOO,KAOO,40.29639816,-78.31999969,America/New_York
3695,Dyess Air Force Base,Abilene,United States,DYS,KDYS,32.4207992554,-99.854598999,America/Chicago
3696,South Arkansas Regional At Goodwin Field,El Dorado,United States,ELD,KELD,33.22100067138672,-92.81330108642578,America/Chicago
3697,La Guardia Airport,New York,United States,LGA,KLGA,40.77719879,-73.87259674,America/New_York
3698,Tallahassee Regional Airport,Tallahassee,United States,TLH,KTLH,30.396499633789062,-84.35030364990234,America/New_York
3699,Dupage Airport,West Chicago,United States,DPA,KDPA,41.90779877,-88.24859619,America/Chicago
3700,Waco Regional Airport,Waco,United States,ACT,KACT,31.611299514770508,-97.23049926757812,America/Chicago
3701,Augusta State Airport,Augusta,United States,AUG,KAUG,44.320598602299995,-69.7973022461,America/New_York
3702,Hillsboro Municipal Airport,Hillsboro,United States,,KINJ,32.08349991,-97.09719849,America/Chicago
3703,Jacksonville Naval Air Station (Towers Field),Jacksonville,United States,NIP,KNIP,30.2358,-81.680603,America/New_York
3704,McKellar-Sipes Regional Airport,Jackson,United States,MKL,KMKL,35.599899,-88.915604,America/Chicago
3705,Molokai Airport,Molokai,United States,MKK,PHMK,21.15290069580078,-157.0959930419922,Pacific/Honolulu
3706,Godman Army Air Field,Fort Knox,United States,FTK,KFTK,37.907100677500004,-85.9720993042,America/New_York
3707,New River MCAS /H/ /Mccutcheon Fld/ Airport,Jacksonville,United States,,KNCA,34.70840073,-77.43969727,America/New_York
3708,San Angelo Regional Mathis Field,San Angelo,United States,SJT,KSJT,31.35770034790039,-100.49600219726562,America/Chicago
3709,Calexico International Airport,Calexico,United States,CXL,KCXL,32.6694984436,-115.513000488,America/Los_Angeles
3710,Chico Municipal Airport,Chico,United States,CIC,KCIC,39.79539871,-121.8580017,America/Los_Angeles
3711,Burlington International Airport,Burlington,United States,BTV,KBTV,44.471900939899996,-73.15329742429999,America/New_York
3712,Jacksonville International Airport,Jacksonville,United States,JAX,KJAX,30.49410057067871,-81.68789672851562,America/New_York
3713,Durango La Plata County Airport,Durango,United States,DRO,KDRO,37.1515007019,-107.753997803,America/Denver
3714,Washington Dulles International Airport,Washington,United States,IAD,KIAD,38.94449997,-77.45580292,America/New_York
3715,Easterwood Field,College Station,United States,CLL,KCLL,30.58860016,-96.36380005,America/Chicago
3716,Felts Field,Spokane,United States,SFF,KSFF,47.682800292969,-117.32299804688,America/Los_Angeles
3717,General Mitchell International Airport,Milwaukee,United States,MKE,KMKE,42.947200775146484,-87.89659881591797,America/Chicago
3718,Abilene Regional Airport,Abilene,United States,ABI,KABI,32.4113006592,-99.68190002440001,America/Chicago
3719,Columbia Regional Airport,Columbia,United States,COU,KCOU,38.81809997558594,-92.21959686279297,America/Chicago
3720,Portland International Airport,Portland,United States,PDX,KPDX,45.58869934,-122.5979996,America/Los_Angeles
3721,Dade Collier Training and Transition Airport,Miami,United States,TNT,KTNT,25.861799240112,-80.897003173828,America/New_York
3722,Palm Beach International Airport,West Palm Beach,United States,PBI,KPBI,26.68320083618164,-80.09559631347656,America/New_York
3723,Fort Worth Meacham International Airport,Fort Worth,United States,FTW,KFTW,32.819801,-97.362396,America/Chicago
3724,Ogdensburg International Airport,Ogdensburg,United States,OGS,KOGS,44.6819000244,-75.46549987790002,America/New_York
3725,Cape Cod Coast Guard Air Station,Falmouth,United States,FMH,KFMH,41.6584014893,-70.5214004517,America/New_York
3726,Boeing Field King County International Airport,Seattle,United States,BFI,KBFI,47.529998779296875,-122.302001953125,America/Los_Angeles
3727,Lackland Air Force Base,San Antonio,United States,SKF,KSKF,29.38419914,-98.58110046,America/Chicago
3728,Daniel K Inouye International Airport,Honolulu,United States,HNL,PHNL,21.32062,-157.924228,Pacific/Honolulu
3729,Des Moines International Airport,Des Moines,United States,DSM,KDSM,41.534000396728516,-93.66310119628906,America/Chicago
3730,Coastal Carolina Regional Airport,New Bern,United States,EWN,KEWN,35.0730018616,-77.04290008539999,America/New_York
3731,San Diego International Airport,San Diego,United States,SAN,KSAN,32.7336006165,-117.190002441,America/Los_Angeles
3732,Monroe Regional Airport,Monroe,United States,MLU,KMLU,32.51089859008789,-92.0376968383789,America/Chicago
3733,Shaw Air Force Base,Sumter,United States,SSC,KSSC,33.97269821,-80.47059631,America/New_York
3734,Ontario International Airport,Ontario,United States,ONT,KONT,34.055999755859375,-117.60099792480469,America/Los_Angeles
3735,Majors Airport,Greenvile,United States,GVT,KGVT,33.0677986145,-96.0652999878,America/Chicago
3736,Roswell International Air Center Airport,Roswell,United States,ROW,KROW,33.30160140991211,-104.53099822998047,America/Denver
3737,Coleman A. Young Municipal Airport,Detroit,United States,DET,KDET,42.40919876,-83.00990295,America/New_York
3738,Brownsville South Padre Island International Airport,Brownsville,United States,BRO,KBRO,25.90679931640625,-97.4259033203125,America/Chicago
3739,Dothan Regional Airport,Dothan,United States,DHN,KDHN,31.321300506591797,-85.44960021972656,America/Chicago
3740,Cape May County Airport,Wildwood,United States,WWD,KWWD,39.008499145500004,-74.9083023071,America/New_York
3741,Fallon Naval Air Station,Fallon,United States,NFL,KNFL,39.41659927,-118.7009964,America/Los_Angeles
3742,Selfridge Air National Guard Base Airport,Mount Clemens,United States,MTC,KMTC,42.613463,-82.836919,America/New_York
3743,Four Corners Regional Airport,Farmington,United States,FMN,KFMN,36.741199493399996,-108.230003357,America/Denver
3744,Corpus Christi International Airport,Corpus Christi,United States,CRP,KCRP,27.77039909362793,-97.5011978149414,America/Chicago
3745,Syracuse Hancock International Airport,Syracuse,United States,SYR,KSYR,43.11119842529297,-76.1063003540039,America/New_York
3746,Naval Air Station Key West/Boca Chica Field,Key West,United States,NQX,KNQX,24.57579994,-81.68890381,America/New_York
3747,Chicago Midway International Airport,Chicago,United States,MDW,KMDW,41.785999,-87.752403,America/Chicago
3748,Norman Y. Mineta San Jose International Airport,San Jose,United States,SJC,KSJC,37.362598,-121.929001,America/Los_Angeles
3749,Lea County Regional Airport,Hobbs,United States,HOB,KHOB,32.6875,-103.2170029,America/Denver
3750,Northeast Philadelphia Airport,Philadelphia,United States,PNE,KPNE,40.081902,-75.010597,America/New_York
3751,Denver International Airport,Denver,United States,DEN,KDEN,39.861698150635,-104.672996521,America/Denver
3752,Philadelphia International Airport,Philadelphia,United States,PHL,KPHL,39.87189865112305,-75.24109649658203,America/New_York
3753,Sioux Gateway Col. Bud Day Field,Sioux City,United States,SUX,KSUX,42.40259933,-96.38439941,America/Chicago
3754,Middle Georgia Regional Airport,Macon,United States,MCN,KMCN,32.69279861450195,-83.64920043945312,America/New_York
3755,Truth Or Consequences Municipal Airport,Truth Or Consequences,United States,TCS,KTCS,33.2369003296,-107.272003174,America/Denver
3756,Palmdale Regional/USAF Plant 42 Airport,Palmdale,United States,PMD,KPMD,34.62939835,-118.0849991,America/Los_Angeles
3757,Randolph Air Force Base,San Antonio,United States,RND,KRND,29.52969933,-98.27890015,America/Chicago
3758,El Centro NAF Airport (Vraciu Field),El Centro,United States,NJK,KNJK,32.829201,-115.671996,America/Los_Angeles
3759,John Glenn Columbus International Airport,Columbus,United States,CMH,KCMH,39.998001,-82.891899,America/New_York
3760,Drake Field,Fayetteville,United States,FYV,KFYV,36.00510025024414,-94.17009735107422,America/Chicago
3761,Henry Post Army Air Field (Fort Sill),Fort Sill,United States,FSI,KFSI,34.64979935,-98.40219879,America/Chicago
3762,Princeton Municipal Airport,Princeton,United States,,KPNM,45.55989838,-93.60820007,America/Chicago
3763,Wright-Patterson Air Force Base,Dayton,United States,FFO,KFFO,39.8260993958,-84.0483016968,America/New_York
3764,Edward G. Pitka Sr Airport,Galena,United States,GAL,PAGA,64.73619843,-156.9369965,America/Anchorage
3765,Chandler Municipal Airport,Chandler,United States,,KCHD,33.2691,-111.810997,America/Phoenix
3766,Mineral Wells Airport,Mineral Wells,United States,MWL,KMWL,32.7816009521,-98.0602035522,America/Chicago
3767,Mc Connell Air Force Base,Wichita,United States,IAB,KIAB,37.62189865,-97.26820374,America/Chicago
3768,New Orleans NAS JRB/Alvin Callender Field,New Orleans,United States,NBG,KNBG,29.82530022,-90.03500366,America/Chicago
3769,Beaufort County Airport,Beaufort,United States,BFT,KARW,32.4122009277,-80.6343994141,America/New_York
3770,Texarkana Regional Webb Field,Texarkana,United States,TXK,KTXK,33.45370101928711,-93.99099731445312,America/Chicago
3771,Plattsburgh International Airport,Plattsburgh,United States,PBG,KPBG,44.650901794433594,-73.46810150146484,America/New_York
3772,Phillips Army Air Field,Aberdeen,United States,APG,KAPG,39.466202,-76.1688,America/New_York
3773,Tucumcari Municipal Airport,Tucumcari,United States,TCC,KTCC,35.182800293,-103.602996826,America/Denver
3774,Ted Stevens Anchorage International Airport,Anchorage,United States,ANC,PANC,61.174400329589844,-149.99600219726562,America/Anchorage
3775,Robert Gray  Army Air Field Airport,Killeen,United States,GRK,KGRK,31.067199707,-97.82890319820001,America/Chicago
3776,Black Rock Airport,Zuni Pueblo,United States,,KZUN,35.08319854736328,-108.79199981689453,America/Denver
3777,Bellingham International Airport,Bellingham,United States,BLI,KBLI,48.79280090332031,-122.53800201416016,America/Los_Angeles
3778,Millington-Memphis Airport,Millington,United States,NQA,KNQA,35.356701,-89.8703,America/Chicago
3779,Elkins-Randolph Co-Jennings Randolph Field,Elkins,United States,EKN,KEKN,38.88940048,-79.85710144,America/New_York
3780,Hartford Brainard Airport,Hartford,United States,HFD,KHFD,41.736698150635,-72.649398803711,America/New_York
3781,North Central State Airport,Smithfield,United States,SFZ,KSFZ,41.9207992554,-71.49140167239999,America/New_York
3782,Mobile Regional Airport,Mobile,United States,MOB,KMOB,30.691200256348,-88.242797851562,America/Chicago
3783,Moffett Federal Airfield,Mountain View,United States,NUQ,KNUQ,37.4161,-122.049004,America/Los_Angeles
3784,Santa Fe Municipal Airport,Santa Fe,United States,SAF,KSAF,35.617099762,-106.088996887,America/Denver
3785,Barking Sands Airport,Barking Sands,United States,BKH,PHBK,22.022800445599998,-159.785003662,Pacific/Honolulu
3786,Beauregard Regional Airport,Deridder,United States,DRI,KDRI,30.8316993713,-93.33989715579999,America/Chicago
3787,Bradshaw Army Airfield,Bradshaw Field,United States,BSF,PHSF,19.760099411,-155.554000854,Pacific/Honolulu
3788,Nogales International Airport,Nogales,United States,OLS,KOLS,31.4177,-110.848,America/Phoenix
3789,Mac Dill Air Force Base,Tampa,United States,MCF,KMCF,27.84930038,-82.52120209,America/New_York
3790,Scott AFB/Midamerica Airport,Belleville,United States,BLV,KBLV,38.5452,-89.835197,America/Chicago
3791,Opa-locka Executive Airport,Miami,United States,OPF,KOPF,25.907,-80.278397,America/New_York
3792,Del Rio International Airport,Del Rio,United States,DRT,KDRT,29.3742008209,-100.927001953,America/Chicago
3793,Southwest Florida International Airport,Fort Myers,United States,RSW,KRSW,26.53619956970215,-81.75520324707031,America/New_York
3794,King Salmon Airport,King Salmon,United States,AKN,PAKN,58.67679977,-156.6490021,America/Anchorage
3795,Muir Army Air Field (Fort Indiantown Gap) Airport,Muir,United States,MUI,KMUI,40.434799,-76.569397,America/New_York
3796,Kapalua Airport,Lahania-kapalua,United States,JHM,PHJH,20.962900161743164,-156.67300415039062,Pacific/Honolulu
3797,John F Kennedy International Airport,New York,United States,JFK,KJFK,40.63980103,-73.77890015,America/New_York
3798,Homestead ARB Airport,Homestead,United States,HST,KHST,25.48859978,-80.38359833,America/New_York
3799,Riverside Municipal Airport,Riverside,United States,RAL,KRAL,33.95190048,-117.4449997,America/Los_Angeles
3800,Sherman Army Air Field,Fort Leavenworth,United States,FLV,KFLV,39.3683013916,-94.9147033691,America/Chicago
3801,Wallops Flight Facility Airport,Wallops Island,United States,WAL,KWAL,37.9402008057,-75.4664001465,America/New_York
3802,Holloman Air Force Base,Alamogordo,United States,HMN,KHMN,32.8525009155,-106.107002258,America/Denver
3803,Willow Grove Naval Air Station/Joint Reserve Base,Willow Grove,United States,NXX,KNXX,40.19979858,-75.14820099,America/New_York
3804,Cheyenne Regional Jerry Olson Field,Cheyenne,United States,CYS,KCYS,41.15570068,-104.8119965,America/Denver
3805,Stockton Metropolitan Airport,Stockton,United States,SCK,KSCK,37.894199371338,-121.2379989624,America/Los_Angeles
3806,Charleston Air Force Base-International Airport,Charleston,United States,CHS,KCHS,32.89860153,-80.04049683,America/New_York
3807,Reno Tahoe International Airport,Reno,United States,RNO,KRNO,39.49909973144531,-119.76799774169922,America/Los_Angeles
3808,Ketchikan International Airport,Ketchikan,United States,KTN,PAKT,55.35559845,-131.7140045,America/Anchorage
3809,Willow Run Airport,Detroit,United States,YIP,KYIP,42.23789978,-83.53040314,America/New_York
3810,Vandenberg Air Force Base,Lompoc,United States,VBG,KVBG,34.7373008728,-120.583999634,America/Los_Angeles
3811,Birmingham-Shuttlesworth International Airport,Birmingham,United States,BHM,KBHM,33.56290054,-86.75350189,America/Chicago
3812,Lakehurst Maxfield Field Airport,Lakehurst,United States,NEL,KNEL,40.03329849,-74.353302,America/New_York
3813,Eareckson Air Station,Shemya,United States,SYA,PASY,52.71229935,174.1139984,America/Adak
3814,Nellis Air Force Base,Las Vegas,United States,LSV,KLSV,36.2361984253,-115.033996582,America/Los_Angeles
3815,March ARB Airport,Riverside,United States,RIV,KRIV,33.880699,-117.259003,America/Los_Angeles
3816,Modesto City Co-Harry Sham Field,Modesto,United States,MOD,KMOD,37.62580109,-120.9540024,America/Los_Angeles
3817,Sacramento International Airport,Sacramento,United States,SMF,KSMF,38.69540023803711,-121.59100341796875,America/Los_Angeles
3818,Waukegan National Airport,Chicago,United States,UGN,KUGN,42.422199249268,-87.867897033691,America/Chicago
3819,City of Colorado Springs Municipal Airport,Colorado Springs,United States,COS,KCOS,38.805801,-104.700996,America/Denver
3820,Buffalo Niagara International Airport,Buffalo,United States,BUF,KBUF,42.94049835,-78.73220062,America/New_York
3821,Griffing Sandusky Airport,Sandusky,United States,SKY,KSKY,41.4333992004,-82.6522979736,America/New_York
3822,Snohomish County (Paine Field) Airport,Everett,United States,PAE,KPAE,47.90629959,-122.2819977,America/Los_Angeles
3823,Mountain Home Air Force Base,Mountain Home,United States,MUO,KMUO,43.043598,-115.872002,America/Denver
3824,Cedar City Regional Airport,Cedar City,United States,CDC,KCDC,37.70100021362305,-113.0989990234375,America/Denver
3825,Bradley International Airport,Windsor Locks,United States,BDL,KBDL,41.9388999939,-72.68319702149999,America/New_York
3826,Mc Allen Miller International Airport,Mcallen,United States,MFE,KMFE,26.17580032,-98.23860168,America/Chicago
3827,Norfolk Naval Station (Chambers Field),Norfolk,United States,NGU,KNGU,36.937599,-76.289299,America/New_York
3828,Westover ARB/Metropolitan Airport,Chicopee Falls,United States,CEF,KCEF,42.19400024,-72.53479767,America/New_York
3829,Lubbock Preston Smith International Airport,Lubbock,United States,LBB,KLBB,33.663601,-101.822998,America/Chicago
3830,Chicago O'Hare International Airport,Chicago,United States,ORD,KORD,41.9786,-87.9048,America/Chicago
3831,Boca Raton Airport,Boca Raton,United States,BCT,KBCT,26.3784999847,-80.1076965332,America/New_York
3832,Fairbanks International Airport,Fairbanks,United States,FAI,PAFA,64.81510162,-147.8560028,America/Anchorage
3833,Quantico MCAF /Turner field,Quantico,United States,,KNYG,38.50170135,-77.30529785,America/New_York
3834,Cannon Air Force Base,Clovis,United States,CVS,KCVS,34.3828010559,-103.321998596,America/Denver
3835,Kaneohe Bay MCAS (Marion E. Carl Field) Airport,Kaneohe Bay,United States,NGF,PHNG,21.4505004883,-157.768005371,Pacific/Honolulu
3836,Offutt Air Force Base,Omaha,United States,OFF,KOFF,41.118301391602,-95.912498474121,America/Chicago
3837,Gulkana Airport,Gulkana,United States,GKN,PAGK,62.1548996,-145.4570007,America/Anchorage
3838,Watertown International Airport,Watertown,United States,ART,KART,43.99190139770508,-76.02169799804688,America/New_York
3839,Palm Springs International Airport,Palm Springs,United States,PSP,KPSP,33.8297004699707,-116.50700378417969,America/Los_Angeles
3840,Rick Husband Amarillo International Airport,Amarillo,United States,AMA,KAMA,35.219398,-101.706001,America/Chicago
3841,Fort Dodge Regional Airport,Fort Dodge,United States,FOD,KFOD,42.55149841,-94.19259644,America/Chicago
3842,Barksdale Air Force Base,Shreveport,United States,BAD,KBAD,32.5018005371,-93.6626968384,America/Chicago
3843,Topeka Regional Airport - Forbes Field,Topeka,United States,FOE,KFOE,38.950901031499995,-95.66359710690001,America/Chicago
3844,Cotulla-La Salle County Airport,Cotulla,United States,COT,KCOT,28.45669937,-99.22029877,America/Chicago
3845,Wilmington International Airport,Wilmington,United States,ILM,KILM,34.270599365234375,-77.90260314941406,America/New_York
3846,Baton Rouge Metropolitan Airport,Baton Rouge,United States,BTR,KBTR,30.533199,-91.149597,America/Chicago
3847,Meridian Naval Air Station,Meridian,United States,,KNMM,32.55210114,-88.55560303,America/Chicago
3848,Tyler Pounds Regional Airport,Tyler,United States,TYR,KTYR,32.35409927368164,-95.40239715576172,America/Chicago
3849,Baltimore/Washington International Thurgood Marshall Airport,Baltimore,United States,BWI,KBWI,39.1754,-76.668297,America/New_York
3850,Hobart Regional Airport,Hobart,United States,HBR,KHBR,34.991317,-99.051313,America/Chicago
3851,Lanai Airport,Lanai,United States,LNY,PHNY,20.785600662231445,-156.9510040283203,Pacific/Honolulu
3852,Alexandria International Airport,Alexandria,United States,AEX,KAEX,31.32740020751953,-92.54979705810547,America/Chicago
3853,Condron Army Air Field,White Sands,United States,WSD,KWSD,32.34149933,-106.4029999,America/Denver
3854,Cold Bay Airport,Cold Bay,United States,CDB,PACD,55.20610046386719,-162.72500610351562,America/Anchorage
3855,Tulsa International Airport,Tulsa,United States,TUL,KTUL,36.19839859008789,-95.88809967041016,America/Chicago
3856,Sitka Rocky Gutierrez Airport,Sitka,United States,SIT,PASI,57.04710006713867,-135.36199951171875,America/Anchorage
3857,Long Island Mac Arthur Airport,Islip,United States,ISP,KISP,40.79520035,-73.10019684,America/New_York
3858,Minneapolis-St Paul International/Wold-Chamberlain Airport,Minneapolis,United States,MSP,KMSP,44.882,-93.221802,America/Chicago
3859,New Castle Airport,Wilmington,United States,ILG,KILG,39.67869949,-75.60649872,America/New_York
3860,Unalaska Airport,Unalaska,United States,DUT,PADU,53.900100708,-166.544006348,America/Anchorage
3861,Louis Armstrong New Orleans International Airport,New Orleans,United States,MSY,KMSY,29.99340057373047,-90.25800323486328,America/Chicago
3862,Portland International Jetport Airport,Portland,United States,PWM,KPWM,43.64619827,-70.30930328,America/New_York
3863,Will Rogers World Airport,Oklahoma City,United States,OKC,KOKC,35.39310073852539,-97.60070037841797,America/Chicago
3864,Albany International Airport,Albany,United States,ALB,KALB,42.74829864501953,-73.80169677734375,America/New_York
3865,Valdez Pioneer Field,Valdez,United States,VDZ,PAVD,61.13389969,-146.2480011,America/Anchorage
3866,Langley Air Force Base,Hampton,United States,LFI,KLFI,37.082901001,-76.360496521,America/New_York
3867,John Wayne Airport-Orange County Airport,Santa Ana,United States,SNA,KSNA,33.67570114,-117.8679962,America/Los_Angeles
3868,Columbus Air Force Base,Colombus,United States,CBM,KCBM,33.6437988281,-88.44380187990001,America/Chicago
3869,Kendall-Tamiami Executive Airport,Kendall-tamiami,United States,TMB,KTMB,25.6478996277,-80.432800293,America/New_York
3870,Oceana Naval Air Station,Oceana,United States,NTU,KNTU,36.820702,-76.033501,America/New_York
3871,Grissom Air Reserve Base,Peru,United States,GUS,KGUS,40.648101806599996,-86.1520996094,America/New_York
3872,Casper-Natrona County International Airport,Casper,United States,CPR,KCPR,42.908001,-106.463997,America/Denver
3873,Destin-Ft Walton Beach Airport,Valparaiso,United States,VPS,KVPS,30.4832,-86.525398,America/Chicago
3874,Craig Field,Selma,United States,SEM,KSEM,32.343898773193,-86.987800598145,America/Chicago
3875,Key West International Airport,Key West,United States,EYW,KEYW,24.556100845336914,-81.75959777832031,America/New_York
3876,Charlotte Douglas International Airport,Charlotte,United States,CLT,KCLT,35.2140007019043,-80.94309997558594,America/New_York
3877,McCarran International Airport,Las Vegas,United States,LAS,KLAS,36.08010101,-115.1520004,America/Los_Angeles
3878,Orlando International Airport,Orlando,United States,MCO,KMCO,28.429399490356445,-81.30899810791016,America/New_York
3879,Florence Regional Airport,Florence,United States,FLO,KFLO,34.18539810180664,-79.7238998413086,America/New_York
3880,Great Falls International Airport,Great Falls,United States,GTF,KGTF,47.48199844,-111.3710022,America/Denver
3881,Youngstown Warren Regional Airport,Youngstown,United States,YNG,KYNG,41.26070023,-80.67910004,America/New_York
3882,Ladd AAF Airfield,Fort Wainwright,United States,FBK,PAFB,64.83750153,-147.6139984,America/Anchorage
3883,Mc Minnville Municipal Airport,Mackminnville,United States,,KMMV,45.19440079,-123.1360016,America/Los_Angeles
3884,Robins Air Force Base,Macon,United States,WRB,KWRB,32.6400985718,-83.5919036865,America/New_York
3885,Suvarnabhumi Airport,Bangkok,Thailand,BKK,VTBS,13.681099891662598,100.74700164794922,Asia/Bangkok
3886,Naha Airport,Naha,Indonesia,NAH,WAMH,3.6832098960876465,125.52799987792969,Asia/Makassar
3887,Andi Jemma Airport,Masamba,Indonesia,MXB,WAWM,-2.55803,120.323997,Asia/Makassar
3888,Soroako Airport,Soroako,Indonesia,SQR,WAWS,-2.5311999320983887,121.35800170898438,Asia/Makassar
3889,Pongtiku Airport,Makale,Indonesia,TTR,WAWT,-3.0447399616241,119.82199859619,Asia/Makassar
3890,Wolter Monginsidi Airport,Kendari,Indonesia,KDI,WAWW,-4.081610202789307,122.41799926757812,Asia/Makassar
3891,Maimun Saleh Airport,Sabang,Indonesia,SBG,WITB,5.87412977219,95.33969879150001,Asia/Jakarta
3892,Cibeureum Airport,Tasikmalaya,Indonesia,TSY,WICM,-7.346600055690001,108.246002197,Asia/Jakarta
3893,Iswahyudi Airport,Madiun,Indonesia,,WARI,-7.615769863128662,111.43399810791016,Asia/Jakarta
3894,Abdul Rachman Saleh Airport,Malang,Indonesia,MLG,WARA,-7.926559925079999,112.714996338,Asia/Jakarta
3895,Budiarto Airport,Tangerang,Indonesia,,WICB,-6.293171,106.57,Asia/Jakarta
3896,Husein Sastranegara International Airport,Bandung,Indonesia,BDO,WICC,-6.900629997253418,107.57599639892578,Asia/Jakarta
3897,Penggung Airport,Cirebon,Indonesia,CBN,WICD,-6.756140232090001,108.540000916,Asia/Jakarta
3898,Adi Sutjipto International Airport,Yogyakarta,Indonesia,JOG,WARJ,-7.788179874420166,110.43199920654297,Asia/Jakarta
3899,Tunggul Wulung Airport,Cilacap,Indonesia,CXP,WIHL,-7.645060062410001,109.033996582,Asia/Jakarta
3900,Pondok Cabe Air Base,Jakarta,Indonesia,PCB,WIHP,-6.3369598388671875,106.76499938964844,Asia/Jakarta
3901,Achmad Yani Airport,Semarang,Indonesia,SRG,WARS,-6.97273,110.375,Asia/Jakarta
3903,Hang Nadim International Airport,Batam,Indonesia,BTH,WIDD,1.12102997303,104.119003296,Asia/Jakarta
3904,Buluh Tumbang (H A S Hanandjoeddin) Airport,Tanjung Pandan,Indonesia,TJQ,WIOD,-2.74571990967,107.754997253,Asia/Jakarta
3905,Pangkal Pinang (Depati Amir) Airport,Pangkal Pinang,Indonesia,PGK,WIPK,-2.16219997406,106.138999939,Asia/Jakarta
3906,Raja Haji Fisabilillah International Airport,Tanjung Pinang,Indonesia,TNJ,WIDN,0.922683000565,104.531997681,Asia/Jakarta
3907,Dabo Airport,Singkep,Indonesia,SIQ,WIDS,-0.47918900847435,104.5790023803711,Asia/Jakarta
3908,Syamsudin Noor Airport,Banjarmasin,Indonesia,BDJ,WAOO,-3.4423599243164062,114.76300048828125,Asia/Makassar
3909,Batu Licin Airport,Batu Licin,Indonesia,BTW,WAOC,-3.4124100208300003,115.995002747,Asia/Makassar
3910,Iskandar Airport,Pangkalan Bun,Indonesia,PKN,WAOI,-2.70519995689,111.672996521,Asia/Jakarta
3911,Tjilik Riwut Airport,Palangkaraya,Indonesia,PKY,WAOP,-2.22513008118,113.943000793,Asia/Jakarta
3913,Maumere(Wai Oti) Airport,Maumere,Indonesia,MOF,WATC,-8.64064979553,122.236999512,Asia/Makassar
3914,Ende (H Hasan Aroeboesman) Airport,Ende,Indonesia,ENE,WATE,-8.8492898941,121.661003113,Asia/Makassar
3915,Frans Sales Lega Airport,Ruteng,Indonesia,RTG,WATG,-8.5970096588135,120.47699737549,Asia/Makassar
3916,El Tari Airport,Kupang,Indonesia,KOE,WATT,-10.171600341796875,123.6709976196289,Asia/Makassar
3917,Komodo Airport,Labuhan Bajo,Indonesia,LBJ,WATO,-8.48666,119.889,Asia/Makassar
3919,Sultan Aji Muhamad Sulaiman Airport,Balikpapan,Indonesia,BPN,WALL,-1.26827001572,116.893997192,Asia/Makassar
3920,Juwata Airport,Taraken,Indonesia,TRK,WALR,3.326667,117.569444,Asia/Makassar
3921,Temindung Airport,Samarinda,Indonesia,SRI,WALS,-0.484530985355,117.156997681,Asia/Makassar
3922,Tanjung Santan Airport,Tanjung Santan,Indonesia,TSX,WALT,-0.0929730013013,117.45300293,Asia/Makassar
3923,Selaparang Airport,Mataram,Indonesia,AMI,WADA,-8.560709953309999,116.095001221,Asia/Makassar
3924,Muhammad Salahuddin Airport,Bima,Indonesia,BMU,WADB,-8.5396499633789,118.68699645996,Asia/Makassar
3927,Umbu Mehang Kunda Airport,Waingapu,Indonesia,WGP,WADW,-9.66922,120.302002,Asia/Makassar
3928,Juanda International Airport,Surabaya,Indonesia,SUB,WARR,-7.3798298835754395,112.78700256347656,Asia/Jakarta
3929,Adi Sumarmo Wiryokusumo Airport,Solo City,Indonesia,SOC,WARQ,-7.516089916229248,110.75700378417969,Asia/Jakarta
3930,Incheon International Airport,Seoul,South Korea,ICN,RKSI,37.46910095214844,126.45099639892578,Asia/Seoul
3931,Chiang Mai International Airport,Chiang Mai,Thailand,CNX,VTCC,18.766799926799997,98.962600708,Asia/Bangkok
3932,Chiang Rai International Airport,Chiang Rai,Thailand,CEI,VTCT,19.952299118,99.88289642330001,Asia/Bangkok
3933,Nakhon Si Thammarat Airport,Nakhon Si Thammarat,Thailand,NST,VTSF,8.539620399475098,99.9447021484375,Asia/Bangkok
3935,Nakhon Ratchasima Airport,Nakhon Ratchasima,Thailand,NAK,VTUQ,14.94950008392334,102.31300354003906,Asia/Bangkok
3936,Nakhon Phanom Airport,Nakhon Phanom,Thailand,KOP,VTUW,17.383800506591797,104.64299774169922,Asia/Bangkok
3937,Ubon Ratchathani Airport,Ubon Ratchathani,Thailand,UBP,VTUU,15.2512998581,104.870002747,Asia/Bangkok
3938,Khon Kaen Airport,Khon Kaen,Thailand,KKC,VTUK,16.466600418099997,102.783996582,Asia/Bangkok
3939,Sukhothai Airport,Sukhothai,Thailand,THS,VTPO,17.238000869750977,99.81819915771484,Asia/Bangkok
3940,Ngurah Rai (Bali) International Airport,Denpasar,Indonesia,DPS,WADD,-8.7481698989868,115.16699981689,Asia/Makassar
3941,Eleftherios Venizelos International Airport,Athens,Greece,ATH,LGAV,37.9364013672,23.9444999695,Europe/Athens
3942,Chubu Centrair International Airport,Nagoya,Japan,NGO,RJGG,34.8583984375,136.80499267578125,Asia/Tokyo
3943,Kobe Airport,Kobe,Japan,UKB,RJBE,34.6328010559082,135.2239990234375,Asia/Tokyo
3944,Pullman Moscow Regional Airport,Pullman,United States,PUW,KPUW,46.7439,-117.110001,America/Los_Angeles
3945,Lewiston Nez Perce County Airport,Lewiston,United States,LWS,KLWS,46.3745002746582,-117.01499938964844,America/Los_Angeles
3946,Elmira Corning Regional Airport,Elmira,United States,ELM,KELM,42.1599006652832,-76.8916015625,America/New_York
3947,Ithaca Tompkins Regional Airport,Ithaca,United States,ITH,KITH,42.49100112915039,-76.4583969116211,America/New_York
3948,Monterey Peninsula Airport,Monterey,United States,MRY,KMRY,36.58700180053711,-121.84300231933594,America/Los_Angeles
3949,Santa Barbara Municipal Airport,Santa Barbara,United States,SBA,KSBA,34.42620087,-119.8399963,America/Los_Angeles
3950,Daytona Beach International Airport,Daytona Beach,United States,DAB,KDAB,29.179899,-81.058098,America/New_York
3952,Liepāja International Airport,Liepaja,Latvia,LPX,EVLA,56.51750183105469,21.096900939941406,Europe/Riga
3953,Riga International Airport,Riga,Latvia,RIX,EVRA,56.92359924316406,23.971099853515625,Europe/Riga
3954,Šiauliai International Airport,Siauliai,Lithuania,SQQ,EYSA,55.89390182495117,23.395000457763672,Europe/Vilnius
3955,Barysiai Airport,Barysiai,Lithuania,HLJ,EYSB,56.07059860229492,23.5580997467041,Europe/Vilnius
3956,Kaunas International Airport,Kaunas,Lithuania,KUN,EYKA,54.96390151977539,24.084800720214844,Europe/Vilnius
3957,S. Darius and S. Girėnas Airfield,Kaunas,Lithuania,,EYKS,54.879799,23.8815,Europe/Vilnius
3958,Palanga International Airport,Palanga,Lithuania,PLQ,EYPA,55.973201751708984,21.093900680541992,Europe/Vilnius
3959,Vilnius International Airport,Vilnius,Lithuania,VNO,EYVI,54.634102,25.285801,Europe/Vilnius
3960,Panevėžys Air Base,Panevezys,Lithuania,PNV,EYPP,55.729400634765625,24.460800170898438,Europe/Vilnius
3962,Erebuni Airport,Yerevan,Armenia,,UDYE,40.122100830099996,44.465000152600005,Asia/Yerevan
3963,Stepanavan Airport,Stepanavan,Armenia,,UDLS,41.048500061,44.337200164799995,Asia/Yerevan
3964,Zvartnots International Airport,Yerevan,Armenia,EVN,UDYZ,40.1473007202,44.3959007263,Asia/Yerevan
3965,Gyumri Shirak Airport,Gyumri,Armenia,LWN,UDSG,40.7504005432,43.859298706100006,Asia/Yerevan
3966,Assab International Airport,Assab,Eritrea,ASA,HHSB,13.071800231933594,42.64500045776367,Africa/Asmera
3967,Asmara International Airport,Asmara,Eritrea,ASM,HHAS,15.291899681091309,38.910701751708984,Africa/Asmera
3968,Massawa International Airport,Massawa,Eritrea,MSW,HHMS,15.670000076293945,39.37009811401367,Africa/Asmera
3969,Yasser Arafat International Airport,Gaza,Palestine,GZA,LVGZ,31.24640083313,34.276100158691,Asia/Gaza
3971,Batumi International Airport,Batumi,Georgia,BUS,UGSB,41.6102981567,41.5997009277,Asia/Tbilisi
3972,Kopitnari Airport,Kutaisi,Georgia,KUT,UGKO,42.176700592,42.4826011658,Asia/Tbilisi
3973,Tbilisi International Airport,Tbilisi,Georgia,TBS,UGTB,41.6692008972,44.95470047,Asia/Tbilisi
3974,Mukalla International Airport,Mukalla,Yemen,RIY,OYRN,14.662599563598633,49.375,Asia/Aden
3975,Ta'izz International Airport,Taiz,Yemen,TAI,OYTZ,13.6859998703,44.139099121099996,Asia/Aden
3976,Hodeidah International Airport,Hodeidah,Yemen,HOD,OYHD,14.753000259399414,42.97629928588867,Asia/Aden
3977,Aden International Airport,Aden,Yemen,ADE,OYAA,12.829500198364258,45.02880096435547,Asia/Aden
3978,Ataq Airport,Ataq,Yemen,AXK,OYAT,14.551300048828125,46.82619857788086,Asia/Aden
3979,Al Ghaidah International Airport,Al Ghaidah Intl,Yemen,AAY,OYGD,16.191699981689453,52.17499923706055,Asia/Aden
3980,Sana'a International Airport,Sanaa,Yemen,SAH,OYSN,15.476300239562988,44.21969985961914,Asia/Aden
3982,Beihan Airport,Beihan,Yemen,BHN,OYBN,14.781999588012695,45.72010040283203,Asia/Aden
3984,Socotra International Airport,Socotra,Yemen,SCT,OYSQ,12.63070011138916,53.905799865722656,Asia/Aden
3985,Al Badie Airport,Al Badie,Yemen,,OYBA,18.71929931640625,50.83689880371094,Asia/Aden
3986,Memmingen Allgau Airport,Memmingen,Germany,FMM,EDJA,47.988800048799995,10.2395000458,Europe/Berlin
3987,Nevşehir Kapadokya Airport,Nevsehir,Turkey,NAV,LTAZ,38.7719,34.5345,Europe/Istanbul
3988,Ministro Pistarini International Airport,Buenos Aires,Argentina,EZE,SAEZ,-34.8222,-58.5358,America/Buenos_Aires
3989,Erbil International Airport,Erbil,Iraq,EBL,ORER,36.23759841918945,43.963199615478516,Asia/Baghdad
3990,Emerald Airport,Emerald,Australia,EMD,YEML,-23.5674991608,148.179000854,Australia/Brisbane
3991,Athen Helenikon Airport,Athens,Greece,HEW,LGAT,37.893299,23.726101,Europe/Athens
3992,Kansai International Airport,Osaka,Japan,KIX,RJBB,34.42729949951172,135.24400329589844,Asia/Tokyo
3993,Downtown-Manhattan/Wall St Heliport,New York,United States,JRB,KJRB,40.70119858,-74.00900269,America/New_York
3994,Tagbilaran Airport,Tagbilaran,Philippines,TAG,RPVT,9.665442,123.853533,Asia/Manila
3995,Ilulissat Airport,Ilulissat,Greenland,JAV,BGJN,69.2432022095,-51.0570983887,America/Godthab
3996,Qasigiannguit Heliport,Qasigiannguit,Greenland,JCH,BGCH,68.822815547,-51.1734473705,America/Godthab
3997,Aasiaat Airport,Aasiaat,Greenland,JEG,BGAA,68.7218017578,-52.7846984863,America/Godthab
3998,Palma De Mallorca Airport,Palma de Mallorca,Spain,PMI,LEPA,39.551700592,2.73881006241,Europe/Madrid
3999,Darwin International Airport,Darwin,Australia,DRW,YPDN,-12.41469955444336,130.8769989013672,Australia/Darwin
4000,Surat Thani Airport,Surat Thani,Thailand,URT,VTSB,9.13259983063,99.135597229,Asia/Bangkok
4004,Talkeetna Airport,Talkeetna,United States,TKA,PATK,62.320499420166,-150.09399414062,America/Anchorage
4005,Xewkija Heliport,Gozo,Malta,GZM,LMMG,36.027199,14.2728,Europe/Malta
4006,Tweed New Haven Airport,New Haven,United States,HVN,KHVN,41.26369858,-72.88680267,America/New_York
4007,Asheville Regional Airport,Asheville,United States,AVL,KAVL,35.43619918823242,-82.54180145263672,America/New_York
4008,Piedmont Triad International Airport,Greensboro,United States,GSO,KGSO,36.097801208496094,-79.93730163574219,America/New_York
4009,Joe Foss Field Airport,Sioux Falls,United States,FSD,KFSD,43.582000732400004,-96.741897583,America/Chicago
4010,Ayers Rock Connellan Airport,Uluru,Australia,AYQ,YAYE,-25.1861,130.975998,Australia/Darwin
4011,Manchester-Boston Regional Airport,Manchester NH,United States,MHT,KMHT,42.932598,-71.435699,America/New_York
4012,Naples Municipal Airport,Naples,United States,APF,KAPF,26.1525993347,-81.7752990723,America/New_York
4013,LTS Pulau Redang Airport,Redang,Malaysia,RDN,WMPR,5.765279769897461,103.00700378417969,Asia/Kuala_Lumpur
4014,Louisville International Standiford Field,Louisville,United States,SDF,KSDF,38.1744,-85.736,America/New_York
4015,Charlottesville Albemarle Airport,Charlottesville VA,United States,CHO,KCHO,38.13859939575195,-78.4529037475586,America/New_York
4016,Roanoke–Blacksburg Regional Airport,Roanoke VA,United States,ROA,KROA,37.3255,-79.975403,America/New_York
4017,Blue Grass Airport,Lexington KY,United States,LEX,KLEX,38.0364990234375,-84.60590362548828,America/New_York
4018,Evansville Regional Airport,Evansville,United States,EVV,KEVV,38.0369987488,-87.5324020386,America/Chicago
4019,Albuquerque International Sunport,Albuquerque,United States,ABQ,KABQ,35.040199,-106.609001,America/Denver
4020,Gallatin Field,Bozeman,United States,BZN,KBZN,45.77750015,-111.1529999,America/Denver
4021,Billings Logan International Airport,Billings,United States,BIL,KBIL,45.807701110839844,-108.54299926757812,America/Denver
4022,Bert Mooney Airport,Butte,United States,BTM,KBTM,45.95479965209961,-112.49700164794922,America/Denver
4023,Cherry Capital Airport,Traverse City,United States,TVC,KTVC,44.74140167236328,-85.58219909667969,America/New_York
4024,Mundo Maya International Airport,Flores,Guatemala,FRS,MGTK,16.913799285899998,-89.86640167239999,America/Guatemala
4025,Hancock County-Bar Harbor Airport,Bar Harbor,United States,BHB,KBHB,44.45000076,-68.3615036,America/New_York
4026,Knox County Regional Airport,Rockland,United States,RKD,KRKD,44.06010056,-69.09919739,America/New_York
4027,Jackson Hole Airport,Jacksn Hole,United States,JAC,KJAC,43.6072998046875,-110.73799896240234,America/Denver
4028,Chicago Rockford International Airport,Rockford,United States,RFD,KRFD,42.19540023803711,-89.09719848632812,America/Chicago
4029,Domodedovo International Airport,Moscow,Russia,DME,UUDD,55.40879821777344,37.90629959106445,Europe/Moscow
4030,Sanya Phoenix International Airport,Sanya,China,SYX,ZJSY,18.302900314331055,109.41200256347656,Asia/Shanghai
4031,Milford Sound Airport,Milford Sound,New Zealand,MFN,NZMF,-44.673301696777344,167.92300415039062,Pacific/Auckland
4033,Lijiang Airport,Lijiang,China,LJG,ZPLJ,26.6800003052,100.246002197,Asia/Shanghai
4034,Greenville Spartanburg International Airport,Greenville,United States,GSP,KGSP,34.8956985474,-82.2189025879,America/New_York
4037,Central Illinois Regional Airport at Bloomington-Normal,Bloomington,United States,BMI,KBMI,40.47710037,-88.91590118,America/Chicago
4038,Gulfport Biloxi International Airport,Gulfport,United States,GPT,KGPT,30.40730094909668,-89.07009887695312,America/Chicago
4039,Kalamazoo Battle Creek International Airport,Kalamazoo,United States,AZO,KAZO,42.234901428222656,-85.5521011352539,America/New_York
4040,Toledo Express Airport,Toledo,United States,TOL,KTOL,41.58679962,-83.80780029,America/New_York
4041,Fort Wayne International Airport,Fort Wayne,United States,FWA,KFWA,40.97850037,-85.19509888,America/New_York
4042,Decatur Airport,Decatur,United States,DEC,KDEC,39.834598541259766,-88.8656997680664,America/Chicago
4043,The Eastern Iowa Airport,Cedar Rapids,United States,CID,KCID,41.884700775146484,-91.71080017089844,America/Chicago
4044,La Crosse Municipal Airport,La Crosse,United States,LSE,KLSE,43.879002,-91.256699,America/Chicago
4045,Central Wisconsin Airport,Wassau,United States,CWA,KCWA,44.7775993347,-89.6668014526,America/Chicago
4046,General Wayne A. Downing Peoria International Airport,Peoria,United States,PIA,KPIA,40.664199829100006,-89.6932983398,America/Chicago
4047,Appleton International Airport,Appleton,United States,ATW,KATW,44.258098602299995,-88.5190963745,America/Chicago
4048,Rochester International Airport,Rochester,United States,RST,KRST,43.90829849243164,-92.5,America/Chicago
4049,University of Illinois Willard Airport,Champaign,United States,CMI,KCMI,40.03919983,-88.27809906,America/Chicago
4050,Manhattan Regional Airport,Manhattan,United States,MHK,KMHK,39.14099884033203,-96.6707992553711,America/Chicago
4051,Kingscote Airport,Kingscote,Australia,KGC,YKSC,-35.71390151977539,137.52099609375,Australia/Adelaide
4052,Hervey Bay Airport,Hervey Bay,Australia,HVB,YHBA,-25.3188991547,152.880004883,Australia/Brisbane
4054,Dali Airport,Dali,China,DLU,ZPDL,25.649401,100.319,Asia/Shanghai
4056,Mulu Airport,Mulu,Malaysia,MZV,WBMU,4.048329830169678,114.80500030517578,Asia/Kuala_Lumpur
4057,Sharm El Sheikh International Airport,Sharm El Sheikh,Egypt,SSH,HESH,27.9773006439,34.3950004578,Africa/Cairo
4058,Venango Regional Airport,Franklin,United States,FKL,KFKL,41.3778991699,-79.8603973389,America/New_York
4059,Jomo Kenyatta International Airport,Nairobi,Kenya,NBO,HKJK,-1.31923997402,36.9277992249,Africa/Nairobi
4060,Seronera Airport,Seronera,Tanzania,SEU,HTSN,-2.45806,34.822498,Africa/Dar_es_Salaam
4061,El Calafate Airport,El Calafate,Argentina,FTE,SAWC,-50.2803,-72.053101,America/Argentina/Rio_Gallegos
4062,Armidale Airport,Armidale,Australia,ARM,YARM,-30.528099060099997,151.617004395,Australia/Sydney
4063,Grand Junction Regional Airport,Grand Junction,United States,GJT,KGJT,39.1223983765,-108.527000427,America/Denver
4064,St George Municipal Airport,Saint George,United States,SGU,KSGU,37.036389,-113.510306,America/Denver
4065,David Wayne Hooks Memorial Airport,Houston,United States,DWH,KDWH,30.0618000031,-95.55280303960001,America/Chicago
4066,Port O'Connor Private Heliport,Port O\'Connor,United States,,XS46,28.429725,-96.444419,America/Chicago
4067,Sarasota Bradenton International Airport,Sarasota,United States,SRQ,KSRQ,27.39539909362793,-82.55439758300781,America/New_York
4069,L.F. Wade International International Airport,Bermuda,Bermuda,BDA,TXKF,32.36399841308594,-64.67870330810547,Atlantic/Bermuda
4071,Van Nuys Airport,Van Nuys,United States,VNY,KVNY,34.209800720215,-118.48999786377,America/Los_Angeles
4072,Quad City International Airport,Moline,United States,MLI,KMLI,41.44850158691406,-90.50749969482422,America/Chicago
4073,Panama City-Bay Co International Airport,Panama City,United States,PFN,KPFN,30.212099,-85.6828,America/Chicago
4074,Honiara International Airport,Honiara,Solomon Islands,HIR,AGGH,-9.4280004501343,160.05499267578,Pacific/Guadalcanal
4075,Faa'a International Airport,Papeete,French Polynesia,PPT,NTAA,-17.553699,-149.606995,Pacific/Tahiti
4076,Nauru International Airport,Nauru,Nauru,INU,ANYN,-0.547458,166.919006,Pacific/Nauru
4077,Funafuti International Airport,Funafuti,Tuvalu,FUN,NGFU,-8.525,179.195999,Pacific/Funafuti
4078,Tolmachevo Airport,Novosibirsk,Russia,OVB,UNNT,55.012599945068,82.650703430176,Asia/Krasnoyarsk
4080,Samsø Airport,Samsoe,Denmark,,EKSS,55.88949966430664,10.613699913024902,Europe/Copenhagen
4081,Xieng Khouang Airport,Phon Savan,Laos,XKH,VLXK,19.450001,103.157997,Asia/Vientiane
4083,Bismarck Municipal Airport,Bismarck,United States,BIS,KBIS,46.772701263427734,-100.74600219726562,America/Chicago
4084,Telluride Regional Airport,Telluride,United States,TEX,KTEX,37.9538002,-107.9079971,America/Denver
4085,Yinchuan Airport,Yinchuan,China,,ZLIC,38.481899,106.009003,Asia/Shanghai
4086,Mae Hong Son Airport,Mae Hong Son,Thailand,HGN,VTCH,19.301300048828125,97.97579956054688,Asia/Bangkok
4087,Rapid City Regional Airport,Rapid City,United States,RAP,KRAP,44.0452995300293,-103.05699920654297,America/Denver
4088,Mc Clellan-Palomar Airport,Carlsbad,United States,CLD,KCRQ,33.12829971,-117.2799988,America/Los_Angeles
4089,Bishop International Airport,Flint,United States,FNT,KFNT,42.96540069580078,-83.74359893798828,America/New_York
4090,Francisco Bangoy International Airport,Davao,Philippines,DVO,RPMD,7.1255202293396,125.64600372314453,Asia/Manila
4091,Madeira Airport,Funchal,Portugal,FNC,LPMA,32.697899,-16.7745,Europe/Lisbon
4092,Maestro Wilson Fonseca Airport,Santarem,Brazil,STM,SBSN,-2.4247219562530518,-54.785831451416016,America/Belem
4093,Sihanoukville International Airport,Sihanoukville,Cambodia,KOS,VDSV,10.57970047,103.637001038,Asia/Phnom_Penh
4094,Ekati Airport,Ekati,Canada,YOA,CYOA,64.6988983154,-110.614997864,America/Edmonton
4095,Hawke's Bay Airport,NAPIER,New Zealand,NPE,NZNR,-39.465801,176.869995,Pacific/Auckland
4096,Levuka Airfield,Levuka,Fiji,LEV,NFNB,-17.7110996246,178.759002686,Pacific/Fiji
4097,Lhasa Gonggar Airport,Lhasa,China,LXA,ZULS,29.2978000641,90.91190338130001,Asia/Shanghai
4098,Redding Municipal Airport,Redding,United States,RDD,KRDD,40.50899887,-122.2929993,America/Los_Angeles
4099,Mahlon Sweet Field,Eugene,United States,EUG,KEUG,44.12459945678711,-123.21199798583984,America/Los_Angeles
4100,Idaho Falls Regional Airport,Idaho Falls,United States,IDA,KIDA,43.514599,-112.070999,America/Denver
4101,Rogue Valley International Medford Airport,Medford,United States,MFR,KMFR,42.37419891357422,-122.87300109863281,America/Los_Angeles
4102,Kaikoura Airport,Kaikoura,New Zealand,KBZ,NZKI,-42.42499923706055,173.60499572753906,Pacific/Auckland
4103,Roberts Field,Redmond-Bend,United States,RDM,KRDM,44.2541008,-121.1500015,America/Los_Angeles
4104,Picton Aerodrome,Picton,New Zealand,PCN,NZPN,-41.346099853516,173.95599365234,Pacific/Auckland
4105,Hosea Kutako International Airport,Windhoek,Namibia,WDH,FYWH,-22.4799,17.4709,Africa/Windhoek
4106,Victoria Harbour Seaplane Base,Victoria,Canada,YWH,CYWH,48.4249858939,-123.388867378,America/Vancouver
4107,Coal Harbour Seaplane Base,Vancouver,Canada,,CAQ3,50.5999984741,-127.583000183,America/Vancouver
4108,Yaoqiang Airport,Jinan,China,TNA,ZSJN,36.857200622558594,117.21600341796875,Asia/Shanghai
4109,Changzhou Benniu Airport,Changzhou,China,CZX,ZSCG,31.919701,119.778999,Asia/Shanghai
4110,Yibin Caiba Airport,Yibin,China,YBP,ZUYB,28.8005555556,104.545,Asia/Shanghai
4111,Roshchino International Airport,Tyumen,Russia,TJM,USTR,57.189601898199996,65.3243026733,Asia/Yekaterinburg
4112,Akron Canton Regional Airport,Akron,United States,CAK,KCAK,40.916099548339844,-81.44219970703125,America/New_York
4113,Huntsville International Carl T Jones Field,Huntsville,United States,HSV,KHSV,34.637199401855,-86.775100708008,America/Chicago
4114,Mid Ohio Valley Regional Airport,PARKERSBURG,United States,PKB,KPKB,39.34510040283203,-81.43920135498047,America/New_York
4115,Montgomery Regional (Dannelly Field) Airport,MONTGOMERY,United States,MGM,KMGM,32.30059814,-86.39399719,America/Chicago
4116,Tri-Cities Regional TN/VA Airport,BRISTOL,United States,TRI,KTRI,36.475201,-82.407401,America/New_York
4117,Barkley Regional Airport,PADUCAH,United States,PAH,KPAH,37.06079864501953,-88.7738037109375,America/Chicago
4119,Djibouti-Ambouli Airport,Djibouti,Djibouti,JIB,HDAM,11.547300338745117,43.15950012207031,Africa/Djibouti
4120,Haikou Meilan International Airport,Haikou,China,HAK,ZJHK,19.934900283813477,110.45899963378906,Asia/Shanghai
4121,Mafia Island Airport,Mafia Island,Tanzania,MFA,HTMA,-7.917478,39.668502,Africa/Dar_es_Salaam
4124,Page Municipal Airport,Page,United States,PGA,KPGA,36.92610168,-111.447998,America/Phoenix
4125,Utila Airport,Utila,Honduras,UII,MHUT,16.1131,-86.880302,America/Tegucigalpa
4127,Glacier Park International Airport,Kalispell,United States,FCA,KGPI,48.31050109863281,-114.25599670410156,America/Denver
4128,MBS International Airport,Saginaw,United States,MBS,KMBS,43.532901763916016,-84.07959747314453,America/New_York
4129,Greater Binghamton/Edwin A Link field,Binghamton,United States,BGM,KBGM,42.20869827,-75.97979736,America/New_York
4130,Baghdad International Airport,Baghdad,Iraq,BGW,ORBI,33.262500762900004,44.2346000671,Asia/Baghdad
4131,Nan Airport,Nan,Thailand,NNT,VTCN,18.807899475097656,100.78299713134766,Asia/Bangkok
4132,Roi Et Airport,Roi Et,Thailand,ROI,VTUV,16.11680030822754,103.77400207519531,Asia/Bangkok
4133,Buri Ram Airport,Buri Ram,Thailand,BFV,VTUO,15.229499816894531,103.25299835205078,Asia/Bangkok
4135,Trat Airport,Trat,Thailand,TDX,VTBO,12.274600029,102.319000244,Asia/Bangkok
4136,Blythe Airport,Blythe,United States,BLH,KBLH,33.6192016602,-114.717002869,America/Los_Angeles
4137,Al Asad Air Base,Al Asad,Iraq,IQA,ORAA,33.7855987549,42.4412002563,Asia/Baghdad
4138,Al Taqaddum Air Base,Al Taqaddum,Iraq,TQD,ORAT,33.33810043335,43.597099304199,Asia/Baghdad
4139,Joint Base Balad,Al Bakr,Iraq,XQC,ORBD,33.940200805699995,44.361598968500005,Asia/Baghdad
4140,Diosdado Macapagal International Airport,Angeles City,Philippines,CRK,RPLC,15.186,120.559998,Asia/Manila
4141,Sandakan Airport,Sandakan,Malaysia,SDK,WBKS,5.900899887084961,118.05899810791016,Asia/Kuala_Lumpur
4142,Luang Namtha Airport,Luang Namtha,Laos,LXG,VLLN,20.966999,101.400002,Asia/Vientiane
4143,Oudomsay Airport,Muang Xay,Laos,ODY,VLOS,20.68269920349121,101.99400329589844,Asia/Vientiane
4144,Taoxian Airport,Shenyang,China,SHE,ZYTX,41.639801025390625,123.48300170898438,Asia/Shanghai
4145,Dongying Shengli Airport,Dongying,China,DOY,ZSDY,37.5085983276,118.788002014,Asia/Shanghai
4146,John A. Osborne Airport,Geralds,Montserrat,MNI,TRPG,16.791400909423828,-62.19329833984375,America/Montserrat
4147,Petersburg James A Johnson Airport,Petersburg,United States,PSG,PAPG,56.80170059,-132.9450073,America/Anchorage
4148,Luoyang Airport,Luoyang,China,LYA,ZHLY,34.741100311299995,112.388000488,Asia/Shanghai
4149,Xuzhou Guanyin Airport,Xuzhou,China,XUZ,ZSXZ,34.059056,117.555278,Asia/Shanghai
4151,Magway Airport,Magwe,Burma,MWQ,VYMW,20.1656,94.941399,Asia/Rangoon
4152,Kanti Airport,Khamti,Burma,KHM,VYKI,25.988300323486328,95.67440032958984,Asia/Rangoon
4153,Lien Khuong Airport,Dalat,Vietnam,DLI,VVDL,11.75,108.366997,Asia/Saigon
4154,Dong Hoi Airport,Dong Hoi,Vietnam,VDH,VVDH,17.515,106.590556,Asia/Saigon
4155,Rach Gia Airport,Rach Gia,Vietnam,VKG,VVRG,9.95802997234,105.132379532,Asia/Saigon
4156,Cà Mau Airport,Ca Mau,Vietnam,CAH,VVCM,9.177667,105.177778,Asia/Saigon
4157,Chu Lai International Airport,Chu Lai,Vietnam,VCL,VVCA,15.403300285299999,108.706001282,Asia/Saigon
4158,Dong Tac Airport,Tuy Hoa,Vietnam,TBB,VVTH,13.049599647500001,109.333999634,Asia/Saigon
4159,Mae Hong Son Airport,Pai,Thailand,PYY,VTCI,19.3719997406,98.43699646,Asia/Bangkok
4160,Bol Airport,Brac,Croatia,BWK,LDSB,43.285701751708984,16.67970085144043,Europe/Zagreb
4161,Yaoundé Nsimalen International Airport,Yaounde,Cameroon,NSI,FKYS,3.722559928894043,11.553299903869629,Africa/Douala
4162,Conakry International Airport,Conakry,Guinea,CKY,GUCY,9.57689,-13.612,Africa/Conakry
4165,Aachen-Merzbrück Airport,Aachen,Germany,AAH,EDKA,50.823055267333984,6.186388969421387,Europe/Berlin
4166,Karlsruhe Baden-Baden Airport,Karlsruhe/Baden-Baden,Germany,FKB,EDSB,48.7793998718,8.08049964905,Europe/Berlin
4167,Orlando Sanford International Airport,Sanford,United States,SFB,KSFB,28.777599334716797,-81.23750305175781,America/New_York
4169,John Murtha Johnstown Cambria County Airport,Johnstown,United States,JST,KJST,40.31610107421875,-78.83390045166016,America/New_York
4170,Lukla Airport,Lukla,Nepal,LUA,VNLK,27.686899185180664,86.72969818115234,Asia/Katmandu
4171,Bhojpur Airport,Bhojpur,Nepal,BHP,VNBJ,27.14739990234375,87.05079650878906,Asia/Katmandu
4172,Lamidanda Airport,Lamidanda,Nepal,LDN,VNLD,27.25309944152832,86.66999816894531,Asia/Katmandu
4173,Jomsom Airport,Jomsom,Nepal,JMO,VNJS,28.780426,83.723,Asia/Katmandu
4174,Manang Airport,Manang,Nepal,NGX,VNMA,28.641399,84.089203,Asia/Katmandu
4175,Phaplu Airport,Phaplu,Nepal,PPL,VNPL,27.517787,86.584454,Asia/Katmandu
4177,Rumjatar Airport,Rumjatar,Nepal,RUM,VNRT,27.303499221801758,86.55039978027344,Asia/Katmandu
4178,Tulsipur Airport,Dang,Nepal,DNP,VNDG,28.111099243164062,82.29419708251953,Asia/Katmandu
4179,Rukum Chaurjahari Airport,Rukumkot,Nepal,RUK,VNRK,28.627001,82.195,Asia/Katmandu
4180,Jumla Airport,Jumla,Nepal,JUM,VNJL,29.2742,82.193298,Asia/Katmandu
4182,Taplejung Airport,Taplejung,Nepal,TPJ,VNTJ,27.3509,87.69525,Asia/Katmandu
4183,Tumling Tar Airport,Tumling Tar,Nepal,TMI,VNTR,27.315001,87.193298,Asia/Katmandu
4184,Surkhet Airport,Surkhet,Nepal,SKH,VNSK,28.586,81.636002,Asia/Katmandu
4185,Simikot Airport,Simikot,Nepal,IMK,VNST,29.971099853515625,81.81890106201172,Asia/Katmandu
4186,Dolpa Airport,Dolpa,Nepal,DOP,VNDP,28.985700607299805,82.81909942626953,Asia/Katmandu
4187,Bajhang Airport,Bajhang,Nepal,BJH,VNBG,29.538999557495117,81.1854019165039,Asia/Katmandu
4188,Dhangarhi Airport,Dhangarhi,Nepal,DHI,VNDH,28.753299713134766,80.58190155029297,Asia/Katmandu
4189,Muan International Airport,Muan,South Korea,MWX,RKJB,34.991406,126.382814,Asia/Seoul
4190,Astypalaia Airport,Astypalaia,Greece,JTY,LGPL,36.5798988342,26.3757991791,Europe/Athens
4191,Ikaria Airport,Ikaria,Greece,JIK,LGIK,37.6827011108,26.3470993042,Europe/Athens
4192,Kalymnos Airport,Kalymnos,Greece,JKL,LGKY,36.9632987976,26.9405994415,Europe/Athens
4193,Milos Airport,Milos,Greece,MLO,LGML,36.696899,24.4769,Europe/Athens
4194,Naxos Airport,Cyclades Islands,Greece,JNX,LGNX,37.0811004639,25.3680992126,Europe/Athens
4195,Paros National Airport,Paros,Greece,PAS,LGPA,37.020495,25.113195,Europe/Athens
4196,Kastelorizo Airport,Kastelorizo,Greece,KZS,LGKJ,36.1417007446,29.576400756799995,Europe/Athens
4197,Marsa Alam International Airport,Marsa Alam,Egypt,RMF,HEMA,25.557100296,34.5836982727,Africa/Cairo
4198,Weeze Airport,Weeze,Germany,NRN,EDLV,51.6024017334,6.14216995239,Europe/Berlin
4199,Francisco B. Reyes Airport,Busuanga,Philippines,USU,RPVV,12.1215000153,120.099998474,Asia/Manila
4200,Bancasi Airport,Butuan,Philippines,BXU,RPME,8.9515,125.4788,Asia/Manila
4201,Dipolog Airport,Dipolog,Philippines,DPL,RPMG,8.60198349877,123.341875076,Asia/Manila
4202,Laoag International Airport,Laoag,Philippines,LAO,RPLI,18.1781005859375,120.53199768066406,Asia/Manila
4203,Legazpi City International Airport,Legazpi,Philippines,LGP,RPLP,13.1575,123.735,Asia/Manila
4204,Labo Airport,Ozamis,Philippines,OZC,RPMO,8.178509712219238,123.84200286865234,Asia/Manila
4206,Mactan Cebu International Airport,Cebu,Philippines,CEB,RPVM,10.307499885559,123.97899627686,Asia/Manila
4207,Norden-Norddeich Airport,Norden,Germany,NOD,EDWS,53.633056640599996,7.19027805328,Europe/Berlin
4208,Juist Airport,Juist,Germany,JUI,EDWJ,53.68111038208008,7.055832862854004,Europe/Berlin
4209,Porto Seguro Airport,Porto Seguro,Brazil,BPS,SBPS,-16.438601,-39.080898,America/Fortaleza
4213,Iguatu Airport,Iguatu,Brazil,QIG,SNIG,-6.346640110015869,-39.293800354003906,America/Fortaleza
4214,Brigadeiro Lysias Rodrigues Airport,Palmas,Brazil,PMW,SBPJ,-10.291500091600001,-48.35699844359999,America/Fortaleza
4215,Nelson Ribeiro Guimarães Airport,Caldas Novas,Brazil,CLV,SBCN,-17.725299835205,-48.607498168945,America/Sao_Paulo
4216,Missoula International Airport,Missoula,United States,MSO,KMSO,46.91630173,-114.0910034,America/Denver
4217,Blackall Airport,Blackall,Australia,BKQ,YBCK,-24.427799224900003,145.429000854,Australia/Brisbane
4218,Bundaberg Airport,Bundaberg,Australia,BDB,YBUD,-24.903900146499996,152.319000244,Australia/Brisbane
4219,Grand Canyon National Park Airport,Grand Canyon,United States,GCN,KGCN,35.95240020751953,-112.14700317382812,America/Phoenix
4220,Sugar Land Regional Airport,Sugar Land,United States,SGR,KSGR,29.622299194336,-95.65650177002,America/Chicago
4221,Hayman Island Heliport,Hayman Island,Australia,,YHYN,-20.0599,148.8834,Australia/Brisbane
4222,Centennial Airport,Denver,United States,APA,KAPA,39.57009888,-104.848999,America/Denver
4223,Clovis Municipal Airport,Clovis,United States,CVN,KCVN,34.4250984192,-103.07900238,America/Denver
4224,Fort Stockton Pecos County Airport,Fort Stockton,United States,FST,KFST,30.9157009125,-102.916000366,America/Chicago
4225,Las Vegas Municipal Airport,Las Vegas,United States,LVS,KLVS,35.6542015076,-105.141998291,America/Denver
4226,West Houston Airport,Houston,United States,IWS,KIWS,29.818199157699997,-95.67259979250001,America/Chicago
4227,La Junta Municipal Airport,La Junta,United States,,KLHX,38.04970169,-103.5090027,America/Denver
4228,Las Cruces International Airport,Las Cruces,United States,LRU,KLRU,32.289398193359375,-106.9219970703125,America/Denver
4229,Stephens County Airport,Breckenridge,United States,BKD,KBKD,32.71900177,-98.89099884030001,America/Chicago
4230,Draughon Miller Central Texas Regional Airport,Temple,United States,TPL,KTPL,31.15250015258789,-97.40779876708984,America/Chicago
4231,Ozona Municipal Airport,Ozona,United States,OZA,KOZA,30.735300064087,-101.20300292969,America/Chicago
4235,Kaadedhdhoo Airport,Kaadedhdhoo,Maldives,KDM,VRMT,0.48813098669052124,72.99690246582031,Indian/Maldives
4236,Aklavik/Freddie Carmichael Airport,Aklavik,Canada,LAK,CYKD,68.223297,-135.00599,America/Edmonton
4237,Déline Airport,Deline,Canada,YWJ,CYWJ,65.21109771728516,-123.43599700927734,America/Edmonton
4238,Tulita Airport,Tulita,Canada,ZFN,CZFN,64.909697,-125.572998,America/Edmonton
4239,Fort Good Hope Airport,Fort Good Hope,Canada,YGH,CYGH,66.24079895019531,-128.6510009765625,America/Edmonton
4242,Tanna Airport,Tanna,Vanuatu,TAH,NVVW,-19.45509910583496,169.2239990234375,Pacific/Efate
4244,Paulatuk (Nora Aliqatchialuk Ruben) Airport,Paulatuk,Canada,YPC,CYPC,69.3608381154,-124.075469971,America/Edmonton
4247,El Trompillo Airport,Santa Cruz,Bolivia,SRZ,SLET,-17.8115997314,-63.1715011597,America/La_Paz
4249,Juancho E. Yrausquin Airport,Saba,Netherlands Antilles,SAB,TNCS,17.645000457763672,-63.220001220703125,America/Curacao
4250,Eagle County Regional Airport,Vail,United States,EGE,KEGE,39.64260101,-106.9179993,America/Denver
4252,Stokmarknes Skagen Airport,Stokmarknes,Norway,SKN,ENSK,68.578826904297,15.033416748047,Europe/Oslo
4253,Cuyahoga County Airport,Richmond Heights,United States,CGF,KCGF,41.5651016235,-81.4863967896,America/New_York
4254,Mansfield Lahm Regional Airport,Mansfield,United States,MFD,KMFD,40.82139968869999,-82.5166015625,America/New_York
4255,Columbus Metropolitan Airport,Columbus,United States,CSG,KCSG,32.516300201416016,-84.93890380859375,America/New_York
4256,Lawton Fort Sill Regional Airport,Lawton,United States,LAW,KLAW,34.5676994324,-98.4166030884,America/Chicago
4257,Northern Colorado Regional Airport,Fort Collins,United States,FNL,KFNL,40.451804,-105.011,America/Denver
4261,Flagstaff Pulliam Airport,Flagstaff,United States,FLG,KFLG,35.13850021,-111.6709976,America/Phoenix
4262,Lake Tahoe Airport,South Lake Tahoe,United States,TVL,KTVL,38.89390182495117,-119.99500274658203,America/Los_Angeles
4263,Joslin Field Magic Valley Regional Airport,Twin Falls,United States,TWF,KTWF,42.4818,-114.487999,America/Denver
4265,Martha's Vineyard Airport,Vineyard Haven MA,United States,MVY,KMVY,41.3931007385,-70.6143035889,America/New_York
4268,Concord Municipal Airport,Concord NH,United States,CON,KCON,43.20270157,-71.50229645,America/New_York
4270,Groton New London Airport,Groton CT,United States,GON,KGON,41.330101013183594,-72.04509735107422,America/New_York
4271,St Cloud Regional Airport,Saint Cloud,United States,STC,KSTC,45.546600341796875,-94.05989837646484,America/Chicago
4272,Qinhuangdao Beidaihe Airport,Bagan,Burma,BPE,ZBDH,39.666389,119.058889,Asia/Shanghai
4273,Golden Triangle Regional Airport,Columbus Mississippi,United States,GTR,KGTR,33.450298309299995,-88.5914001465,America/Chicago
4274,Nizhny Novgorod Strigino International Airport,Nizhniy Novgorod,Russia,GOJ,UWGG,56.230098724365,43.784000396729,Europe/Moscow
4275,Bowerman Airport,Hoquiam,United States,HQM,KHQM,46.971199035599994,-123.93699646,America/Los_Angeles
4276,Erie International Tom Ridge Field,Erie,United States,ERI,KERI,42.0831270134,-80.1738667488,America/New_York
4278,Barnstable Municipal Boardman Polando Field,Barnstable,United States,HYA,KHYA,41.66930008,-70.28040314,America/New_York
4279,San Pedro Airport,San Pedro,Belize,SPR,MZSP,17.9139,-87.9711,America/Belize
4280,Sedona Airport,Sedona,United States,SDX,KSEZ,34.848598480225,-111.78800201416,America/Phoenix
4284,Morgantown Municipal Walter L. Bill Hart Field,Morgantown,United States,MGW,KMGW,39.64289856,-79.91629791,America/New_York
4285,Yeager Airport,Charleston,United States,CRW,KCRW,38.37310028076172,-81.59320068359375,America/New_York
4286,Wilkes Barre Scranton International Airport,Scranton,United States,AVP,KAVP,41.338500976599995,-75.72339630130001,America/New_York
4287,Bemidji Regional Airport,Bemidji,United States,BJI,KBJI,47.50939941,-94.93370056,America/Chicago
4289,Thangool Airport,Biloela,Australia,THG,YTNG,-24.493900299072266,150.5760040283203,Australia/Brisbane
4290,Fagali'i Airport,Apia,Samoa,FGI,NSFI,-13.848699569699999,-171.740005493,Pacific/Apia
4291,Ballina Byron Gateway Airport,Ballina Byron Bay,Australia,BNK,YBNA,-28.8339004517,153.56199646,Australia/Sydney
4292,Hector International Airport,Fargo,United States,FAR,KFAR,46.92070007324219,-96.81580352783203,America/Chicago
4293,Charles B. Wheeler Downtown Airport,Kansas City,United States,MKC,KMKC,39.123199462890625,-94.5927963256836,America/Chicago
4295,Ratanakiri Airport,Ratanakiri,Cambodia,RBE,VDRK,13.729999542236328,106.98699951171875,Asia/Phnom_Penh
4296,Gillette Campbell County Airport,Gillette,United States,GCC,KGCC,44.348899841299996,-105.539001465,America/Denver
4297,Bogashevo Airport,Tomsk,Russia,TOF,UNTT,56.380298614502,85.208297729492,Asia/Krasnoyarsk
4298,El Toro Marine Corps Air Station,Santa Ana,United States,NZJ,KNZJ,33.67610168457031,-117.73100280761719,America/Los_Angeles
4299,Phetchabun Airport,Phetchabun,Thailand,PHY,VTPB,16.6760005951,101.194999695,Asia/Bangkok
4300,Chumphon Airport,Chumphon,Thailand,CJM,VTSE,10.711199760437012,99.36170196533203,Asia/Bangkok
4301,Jiuzhai Huanglong Airport,Jiuzhaigou,China,JZH,ZUJZ,32.8533333333,103.682222222,Asia/Shanghai
4302,Jieyang Chaoshan International Airport,Shantou,China,SWA,ZGOW,23.552,116.5033,Asia/Shanghai
4303,Enghien Moisselles Airfield,Enghien-moisselles,France,,LFFE,49.046398,2.35306,Europe/Paris
4304,Cheddi Jagan International Airport,Georgetown,Guyana,GEO,SYCJ,6.498549938201904,-58.25410079956055,America/Guyana
4305,Guarani International Airport,Ciudad del Este,Paraguay,AGT,SGES,-25.454516,-54.842682,America/Asuncion
4306,Eugene F. Correira International Airport,Georgetown,Guyana,OGL,SYGO,6.80628,-58.1059,America/Guyana
4307,Kaieteur International Airport,Kaieteur,Guyana,KAI,PKSA,5.17275476456,-59.491481781,America/Guyana
4308,Dunhuang Airport,Dunhuang,China,DNH,ZLDH,40.16109848022461,94.80919647216797,Asia/Shanghai
4309,Ancona Falconara Airport,Ancona,Italy,AOI,LIPY,43.616299,13.3623,Europe/Rome
4312,Chamonate Airport,Copiapo,Chile,,SCHA,-27.2968997955,-70.4131011963,America/Santiago
4313,Taba International Airport,Taba,Egypt,TCP,HETB,29.587799072299998,34.7780990601,Africa/Cairo
4314,Edward Bodden Airfield,Little Cayman,Cayman Islands,LYB,MWCL,19.660161,-80.088826,America/Cayman
4315,Milas Bodrum International Airport,Bodrum,Turkey,BJV,LTFE,37.25059890749999,27.6643009186,Europe/Istanbul
4316,Tabarka 7 Novembre Airport,Tabarka,Tunisia,TBJ,DTKA,36.97999954223633,8.87693977355957,Africa/Tunis
4317,Sabiha Gökçen International Airport,Istanbul,Turkey,SAW,LTFJ,40.898601532,29.3092002869,Europe/Istanbul
4318,University Park Airport,State College Pennsylvania,United States,SCE,KUNV,40.8493003845,-77.84870147710001,America/New_York
4319,Broome International Airport,Broome,Australia,BME,YBRM,-17.944700241088867,122.23200225830078,Australia/Perth
4320,Newcastle Airport,Newcastle,Australia,NTL,YWLM,-32.79499816894531,151.83399963378906,Australia/Sydney
4321,Bakki Airport,Bakki,Iceland,,BIBA,63.55609893798828,-20.137500762939453,Atlantic/Reykjavik
4322,Klagenfurt Airport,Klagenfurt,Austria,KLU,LOWK,46.642502,14.3377,Europe/Vienna
4325,Hammerfest Airport,Hammerfest,Norway,HFT,ENHF,70.679702758789,23.668600082397,Europe/Oslo
4326,Valan Airport,Honningsvag,Norway,HVG,ENHV,71.009696960449,25.983600616455,Europe/Oslo
4327,Mehamn Airport,Mehamn,Norway,MEH,ENMH,71.02970123291,27.826700210571,Europe/Oslo
4328,Vadsø Airport,Vadsø,Norway,VDS,ENVD,70.065299987793,29.844699859619,Europe/Oslo
4330,Imam Khomeini International Airport,Tehran,Iran,IKA,OIIE,35.416099548339844,51.152198791503906,Asia/Tehran
4331,Mashhad International Airport,Mashhad,Iran,MHD,OIMM,36.235198974609375,59.64099884033203,Asia/Tehran
4333,Ust-Ilimsk Airport,Ust Ilimsk,Russia,UIK,UIBS,58.13610076904297,102.56500244140625,Asia/Irkutsk
4335,Key Field,Meridian,United States,MEI,KMEI,32.33259963989258,-88.75189971923828,America/Chicago
4336,Abraham Lincoln Capital Airport,Springfield,United States,SPI,KSPI,39.84410095,-89.67790222,America/Chicago
4338,Cortez Municipal Airport,Cortez,United States,CEZ,KCEZ,37.3030014038,-108.627998352,America/Denver
4339,Yampa Valley Airport,Hayden,United States,HDN,KHDN,40.48120117,-107.2180023,America/Denver
4340,Gallup Municipal Airport,Gallup,United States,GUP,KGUP,35.511100769,-108.789001465,America/Denver
4341,Liberal Mid-America Regional Airport,Liberal,United States,LBL,KLBL,37.0442009,-100.9599991,America/Chicago
4342,Lamar Municipal Airport,Lamar,United States,LAA,KLAA,38.069698333699996,-102.68800354,America/Denver
4343,Renner Field-Goodland Municipal Airport,Goodland,United States,GLD,KGLD,39.37060165,-101.6989975,America/Denver
4344,Yellowstone Regional Airport,Cody,United States,COD,KCOD,44.520198822,-109.024002075,America/Denver
4345,"Ørsta-Volda Airport, Hovden",Orsta-Volda,Norway,HOV,ENOV,62.180000305176,6.0741000175476,Europe/Oslo
4347,St. Mary's Airport,ST MARY\'S,United Kingdom,ISC,EGHE,49.913299560546875,-6.291669845581055,Europe/London
4348,Springfield Branson National Airport,Springfield,United States,SGF,KSGF,37.24570084,-93.38860321,America/Chicago
4349,Narvik Framnes Airport,Narvik,Norway,NVK,ENNK,68.436897277832,17.386699676514,Europe/Oslo
4350,Berlevåg Airport,Berlevag,Norway,BVG,ENBV,70.871399,29.034201,Europe/Oslo
4351,"Oslo, Fornebu Airport",Oslo,Norway,FBU,ENFB,59.89580154418945,10.617199897766113,Europe/Oslo
4352,Norilsk-Alykel Airport,Norilsk,Russia,NSK,UOOO,69.31109619140625,87.33219909667969,Asia/Krasnoyarsk
4353,Anapa Vityazevo Airport,Anapa,Russia,AAQ,URKA,45.002101898193,37.347301483154,Europe/Moscow
4354,Joplin Regional Airport,Joplin,United States,JLN,KJLN,37.151798248291016,-94.49829864501953,America/Chicago
4355,Lehigh Valley International Airport,Allentown,United States,ABE,KABE,40.652099609375,-75.44080352783203,America/New_York
4356,Northwest Arkansas Regional Airport,Bentonville,United States,XNA,KXNA,36.281898,-94.306801,America/Chicago
4357,Atyrau Airport,Atyrau,Kazakhstan,GUW,UATG,47.12189865112305,51.8213996887207,Asia/Oral
4358,Kzyl-Orda Southwest Airport,Kzyl-Orda,Kazakhstan,KZO,UAOO,44.706902,65.592499,Asia/Qyzylorda
4359,South Bend Regional Airport,South Bend,United States,SBN,KSBN,41.70869827270508,-86.31729888916016,America/New_York
4360,Bykovo Airport,Moscow,Russia,BKA,UUBB,55.6171989441,38.0600013733,Europe/Moscow
4362,Talagi Airport,Arkhangelsk,Russia,ARH,ULAA,64.60030364990234,40.71670150756836,Europe/Moscow
4363,Saratov Central Airport,Saratov,Russia,RTW,UWSS,51.564998626708984,46.04669952392578,Europe/Moscow
4364,Novy Urengoy Airport,Novy Urengoy,Russia,NUX,USMU,66.06939697265625,76.52030181884766,Asia/Yekaterinburg
4365,Noyabrsk Airport,Noyabrsk,Russia,NOJ,USRO,63.18330001831055,75.2699966430664,Asia/Yekaterinburg
4367,Aktau Airport,Aktau,Kazakhstan,SCO,UATE,43.8601,51.091999,Asia/Oral
4368,Ukhta Airport,Ukhta,Russia,UCT,UUYH,63.566898345947266,53.8046989440918,Europe/Moscow
4369,Usinsk Airport,Usinsk,Russia,USK,UUYS,66.00469970703125,57.3671989440918,Europe/Moscow
4370,Pechora Airport,Pechora,Russia,PEX,UUYP,65.12110137939453,57.13079833984375,Europe/Moscow
4371,Naryan Mar Airport,Naryan-Mar,Russia,NNM,ULAM,67.63999938964844,53.12189865112305,Europe/Moscow
4372,Pskov Airport,Pskov,Russia,PKV,ULOO,57.78390121459961,28.395599365234375,Europe/Moscow
4373,Kogalym International Airport,Kogalym,Russia,KGP,USRK,62.190399169921875,74.53379821777344,Asia/Yekaterinburg
4374,Yemelyanovo Airport,Krasnoyarsk,Russia,KJA,UNKL,56.172901,92.493301,Asia/Krasnoyarsk
4375,Sary-Arka Airport,Karaganda,Kazakhstan,KGF,UAKK,49.670799255371094,73.33439636230469,Asia/Qyzylorda
4376,Novosibirsk North Airport,Novosibirsk,Russia,,UNCC,55.09170150756836,82.90670013427734,Asia/Krasnoyarsk
4377,Uray Airport,Uraj,Russia,URJ,USHU,60.10329818725586,64.82669830322266,Asia/Yekaterinburg
4379,Ivanovo South Airport,Ivanovo,Russia,IWA,UUBI,56.93939971923828,40.940799713134766,Europe/Moscow
4380,Longjia Airport,Changchun,China,CGQ,ZYCC,43.9962005615,125.684997559,Asia/Shanghai
4381,Niigata Airport,Niigata,Japan,KIJ,RJSN,37.9558982849,139.121002197,Asia/Tokyo
4382,Johnston Atoll Airport,Johnston Island,Johnston Atoll,JON,PJON,16.7285995483,-169.533996582,Pacific/Johnston
4383,Smith Field,Fort Wayne IN,United States,SMD,KSMD,41.14339828,-85.15280151,America/New_York
4384,California Redwood Coast-Humboldt County Airport,Arcata CA,United States,ACV,KACV,40.978101,-124.109,America/Los_Angeles
4386,Albert J Ellis Airport,Jacksonville NC,United States,OAJ,KOAJ,34.8292007446,-77.61209869380001,America/New_York
4387,Tuscaloosa Regional Airport,Tuscaloosa AL,United States,TCL,KTCL,33.220600128174,-87.611396789551,America/Chicago
4388,Dubuque Regional Airport,Dubuque IA,United States,DBQ,KDBQ,42.40200043,-90.70950317,America/Chicago
4390,Shun Tak Heliport,Hong Kong,Hong Kong,HHP,VHST,22.2893714905,114.152153015,Asia/Hong_Kong
5404,Uru Harbour Airport,Atoifi,Solomon Islands,ATD,AGAT,-8.87333,161.011002,Pacific/Guadalcanal
5405,Gwaunaru'u Airport,Auki,Solomon Islands,AKS,AGGA,-8.70257,160.682007,Pacific/Guadalcanal
5406,Ballalae Airport,Ballalae,Solomon Islands,BAS,AGGE,-6.990745,155.886656,Pacific/Guadalcanal
5407,Fera/Maringe Airport,Fera Island,Solomon Islands,FRE,AGGF,-8.1075,159.576996,Pacific/Guadalcanal
5408,Babanakira Airport,Mbambanakira,Solomon Islands,MBU,AGGI,-9.7475004196167,159.83900451660156,Pacific/Guadalcanal
5409,Ngorangora Airport,Kirakira,Solomon Islands,IRA,AGGK,-10.449700355500001,161.897994995,Pacific/Guadalcanal
5410,Santa Cruz/Graciosa Bay/Luova Airport,Santa Cruz/Graciosa Bay/Luova,Solomon Islands,SCZ,AGGL,-10.72029972076416,165.7949981689453,Pacific/Guadalcanal
5411,Munda Airport,Munda,Solomon Islands,MUA,AGGM,-8.327969551086426,157.26300048828125,Pacific/Guadalcanal
5412,Nusatupe Airport,Gizo,Solomon Islands,GZO,AGGN,-8.09778022766,156.863998413,Pacific/Guadalcanal
5413,Mono Airport,Stirling Island,Solomon Islands,MNY,AGGO,-7.416940212249756,155.56500244140625,Pacific/Guadalcanal
5414,Rennell/Tingoa Airport,Rennell Island,Solomon Islands,RNL,AGGR,-11.533900260925293,160.06300354003906,Pacific/Guadalcanal
5415,Marau Airport,Marau,Solomon Islands,RUS,AGGU,-9.861669540409999,160.824996948,Pacific/Guadalcanal
5416,Suavanao Airport,Suavanao,Solomon Islands,VAO,AGGV,-7.585559844970703,158.7310028076172,Pacific/Guadalcanal
5417,Kaghau Airport,Kagau Island,Solomon Islands,KGE,AGKG,-7.3305,157.585,Pacific/Guadalcanal
5418,Ramata Airport,Ramata,Solomon Islands,RBV,AGRM,-8.168060302734375,157.64300537109375,Pacific/Guadalcanal
5419,Buka Airport,Buka Island,Papua New Guinea,BUA,AYBK,-5.4223198890686035,154.67300415039062,Pacific/Port_Moresby
5420,Chimbu Airport,Kundiawa,Papua New Guinea,CMU,AYCH,-6.024290084838867,144.9709930419922,Pacific/Port_Moresby
5421,Daru Airport,Daru,Papua New Guinea,DAU,AYDU,-9.08675956726,143.207992554,Pacific/Port_Moresby
5422,Gurney Airport,Gurney,Papua New Guinea,GUR,AYGN,-10.3114995956,150.333999634,Pacific/Port_Moresby
5423,Girua Airport,Girua,Papua New Guinea,PNP,AYGR,-8.80453968048,148.309005737,Pacific/Port_Moresby
5424,Kimbe Airport,Hoskins,Papua New Guinea,HKN,AYHK,-5.462170124053955,150.40499877929688,Pacific/Port_Moresby
5425,Kiunga Airport,Kiunga,Papua New Guinea,UNG,AYKI,-6.1257100105285645,141.28199768066406,Pacific/Port_Moresby
5426,Kikori Airport,Kikori,Papua New Guinea,KRI,AYKK,-7.424379825592041,144.2500762939453,Pacific/Port_Moresby
5427,Kerema Airport,Kerema,Papua New Guinea,KMA,AYKM,-7.96361017227,145.770996094,Pacific/Port_Moresby
5428,Kavieng Airport,Kavieng,Papua New Guinea,KVG,AYKV,-2.57940006256,150.807998657,Pacific/Port_Moresby
5429,Mendi Airport,Mendi,Papua New Guinea,MDU,AYMN,-6.14774,143.656998,Pacific/Port_Moresby
5430,Momote Airport,Momote,Papua New Guinea,MAS,AYMO,-2.06189,147.423996,Pacific/Port_Moresby
5431,Moro Airport,Moro,Papua New Guinea,MXH,AYMR,-6.36332988739,143.238006592,Pacific/Port_Moresby
5432,Misima Island Airport,Misima Island,Papua New Guinea,MIS,AYMS,-10.689200401299999,152.837997437,Pacific/Port_Moresby
5433,Tari Airport,Tari,Papua New Guinea,TIZ,AYTA,-5.84499979019,142.947998047,Pacific/Port_Moresby
5434,Tabubil Airport,Tabubil,Papua New Guinea,TBG,AYTB,-5.27861,141.225998,Pacific/Port_Moresby
5435,Tokua Airport,Tokua,Papua New Guinea,RAB,AYTK,-4.34045982361,152.380004883,Pacific/Port_Moresby
5436,Vanimo Airport,Vanimo,Papua New Guinea,VAI,AYVN,-2.6926,141.3028,Pacific/Port_Moresby
5437,Wapenamanda Airport,Wapenamanda,Papua New Guinea,WBM,AYWD,-5.6433000564575195,143.89500427246094,Pacific/Port_Moresby
5438,Alluitsup Paa Heliport,Alluitsup Paa,Greenland,LLU,BGAP,60.46445,-45.56917,America/Godthab
5439,Neerlerit Inaat Airport,Neerlerit Inaat,Greenland,CNP,BGCO,70.7431030273,-22.6504993439,America/Scoresbysund
5440,Paamiut Heliport,Paamiut,Greenland,JFR,BGFH,61.9921989441,-49.6624984741,America/Godthab
5441,Qeqertarsuaq Heliport,Qeqertarsuaq Airport,Greenland,JGO,BGGN,69.251181993,-53.5148763657,America/Godthab
5442,Qaqortoq Heliport,Qaqortoq,Greenland,JJU,BGJH,60.715684155299996,-46.0299186409,America/Godthab
5443,Maniitsoq Airport,Maniitsoq,Greenland,JSU,BGMQ,65.4124984741,-52.9393997192,America/Godthab
5444,Nanortalik Heliport,Nanortalik,Greenland,JNN,BGNN,60.141883975899994,-45.232976675,America/Godthab
5445,Narsaq Heliport,Narsaq,Greenland,JNS,BGNS,60.9172827256,-46.059923172,America/Godthab
5446,Qaanaaq Airport,Qaanaaq,Greenland,NAQ,BGQQ,77.4886016846,-69.3887023926,America/Thule
5447,Sisimiut Airport,Sisimiut,Greenland,JHS,BGSS,66.9513015747,-53.7293014526,America/Godthab
5448,Upernavik Airport,Upernavik,Greenland,JUV,BGUK,72.7901992798,-56.1305999756,America/Godthab
5449,Qaarsut Airport,Uummannaq,Greenland,JQA,BGUQ,70.7341995239,-52.6962013245,America/Godthab
5450,Grímsey Airport,Grímsey,Iceland,GRY,BIGR,66.5458,-18.0173,Atlantic/Reykjavik
5452,Thorshofn Airport,Thorshofn,Iceland,THO,BITN,66.21849822998047,-15.335599899291992,Atlantic/Reykjavik
5453,Vopnafjörður Airport,Vopnafjörður,Iceland,VPN,BIVO,65.72059631347656,-14.850600242614746,Atlantic/Reykjavik
5456,Whistler/Green Lake Water Aerodrome,Whistler,Canada,YWS,CAE5,50.1436004639,-122.948997498,America/Vancouver
5457,Anahim Lake Airport,Anahim Lake,Canada,YAA,CAJ4,52.45249938964844,-125.3030014038086,America/Vancouver
5458,Williams Harbour Airport,Williams Harbour,Canada,YWM,CCA6,52.566898345947266,-55.784698486328125,America/St_Johns
5459,St. Lewis (Fox Harbour) Airport,St. Lewis,Canada,YFX,CCK4,52.372798919677734,-55.67390060424805,America/St_Johns
5460,Port Hope Simpson Airport,Port Hope Simpson,Canada,YHA,CCP4,52.528099060058594,-56.28609848022461,America/St_Johns
5461,Rigolet Airport,Rigolet,Canada,YRG,CCZ2,54.1796989440918,-58.45750045776367,America/Halifax
5462,Colville Lake Airport,Colville Lake,Canada,YCK,CEB3,67.0392,-126.08,America/Edmonton
5463,Whatì Airport,Whatì,Canada,YLE,CEM3,63.13169860839844,-117.24600219726562,America/Edmonton
5464,Summer Beaver Airport,Summer Beaver,Canada,SUR,CJV7,52.70859909057617,-88.54190063476562,America/Toronto
5465,Wapekeka Airport,Angling Lake,Canada,YAX,CKB6,53.84920120239258,-89.57939910888672,America/Winnipeg
5466,Wunnumin Lake Airport,Wunnumin Lake,Canada,WNN,CKL3,52.89390182495117,-89.28919982910156,America/Toronto
5467,North Spirit Lake Airport,North Spirit Lake,Canada,YNO,CKQ3,52.4900016784668,-92.97109985351562,America/Winnipeg
5468,Bearskin Lake Airport,Bearskin Lake,Canada,XBE,CNE3,53.965599060058594,-91.0271987915039,America/Winnipeg
5469,Kingfisher Lake Airport,Kingfisher Lake,Canada,KIF,CNM5,53.01250076293945,-89.85530090332031,America/Toronto
5470,Ogoki Post Airport,Ogoki Post,Canada,YOG,CNT3,51.6585998535,-85.9017028809,America/Toronto
5471,Poplar Hill Airport,Poplar Hill,Canada,YHP,CPV7,52.1133,-94.2556,America/Winnipeg
5472,Chisasibi Airport,Chisasibi,Canada,YKU,CSU2,53.805599212646484,-78.91690063476562,America/Toronto
5473,Tête-à-la-Baleine Airport,Tête-à-la-Baleine,Canada,ZTB,CTB6,50.674400329589844,-59.38359832763672,America/Blanc-Sablon
5474,La Tabatière Airport,La Tabatière,Canada,ZLT,CTU5,50.8307991027832,-58.97560119628906,America/Blanc-Sablon
5478,Cat Lake Airport,Cat Lake,Canada,YAC,CYAC,51.72719955444336,-91.82440185546875,America/Winnipeg
5479,Fort Frances Municipal Airport,Fort Frances,Canada,YAG,CYAG,48.65420150756836,-93.439697265625,America/Winnipeg
5480,Kasabonika Airport,Kasabonika,Canada,XKS,CYAQ,53.52470016479492,-88.6427993774414,America/Toronto
5481,Kangirsuk Airport,Kangirsuk,Canada,YKG,CYAS,60.027198791503906,-69.99919891357422,America/Toronto
5482,Attawapiskat Airport,Attawapiskat,Canada,YAT,CYAT,52.9275016784668,-82.43190002441406,America/Toronto
5483,Lac Du Bonnet Airport,Lac Du Bonnet,Canada,,CYAX,50.2943992615,-96.0100021362,America/Winnipeg
5484,Uranium City Airport,Uranium City,Canada,YBE,CYBE,59.5614013671875,-108.48100280761719,America/Regina
5485,Lourdes de Blanc Sablon Airport,Lourdes-De-Blanc-Sablon,Canada,YBX,CYBX,51.443599700899995,-57.185298919699996,America/Blanc-Sablon
5486,Cartwright Airport,Cartwright,Canada,YRF,CYCA,53.68280029296875,-57.041900634765625,America/Halifax
5487,Chesterfield Inlet Airport,Chesterfield Inlet,Canada,YCS,CYCS,63.346900939899996,-90.73110198970001,America/Winnipeg
5488,Nain Airport,Nain,Canada,YDP,CYDP,56.549198150634766,-61.680301666259766,America/Halifax
5489,Fort Severn Airport,Fort Severn,Canada,YER,CYER,56.01890182495117,-87.67610168457031,America/Toronto
5490,Fort Albany Airport,Fort Albany,Canada,YFA,CYFA,52.20140075683594,-81.6968994140625,America/Toronto
5491,Fort Hope Airport,Fort Hope,Canada,YFH,CYFH,51.5619010925293,-87.90779876708984,America/Toronto
5492,Makkovik Airport,Makkovik,Canada,YMN,CYFT,55.076900482177734,-59.1864013671875,America/Halifax
5493,Texada Gillies Bay Airport,Texada,Canada,YGB,CYGB,49.69419860839844,-124.51799774169922,America/Vancouver
5494,Gods Lake Narrows Airport,Gods Lake Narrows,Canada,YGO,CYGO,54.55889892578125,-94.49140167236328,America/Winnipeg
5495,Igloolik Airport,Igloolik,Canada,YGT,CYGT,69.3647003174,-81.8161010742,America/Toronto
5496,Kuujjuarapik Airport,Kuujjuarapik,Canada,YGW,CYGW,55.281898498535156,-77.76529693603516,America/Toronto
5497,Gillam Airport,Gillam,Canada,YGX,CYGX,56.35749816894531,-94.71060180664062,America/Winnipeg
5498,Grise Fiord Airport,Grise Fiord,Canada,YGZ,CYGZ,76.4261016846,-82.90920257570001,America/Toronto
5499,Quaqtaq Airport,Quaqtaq,Canada,YQC,CYHA,61.0463981628418,-69.6177978515625,America/Toronto
5500,Vancouver Harbour Water Aerodrome,Vancouver,Canada,CXH,CYHC,49.2943992615,-123.111000061,America/Vancouver
5501,Nemiscau Airport,Nemiscau,Canada,YNS,CYHH,51.69110107421875,-76.1355972290039,America/Toronto
5502,Hopedale Airport,Hopedale,Canada,YHO,CYHO,55.448299407958984,-60.228599548339844,America/Halifax
5503,Chevery Airport,Chevery,Canada,YHR,CYHR,50.46889877319336,-59.63669967651367,America/Blanc-Sablon
5504,Ivujivik Airport,Ivujivik,Canada,YIK,CYIK,62.417301177978516,-77.92530059814453,America/Toronto
5505,Island Lake Airport,Island Lake,Canada,YIV,CYIV,53.857200622558594,-94.65360260009766,America/Winnipeg
5506,Akulivik Airport,Akulivik,Canada,AKV,CYKO,60.818599700927734,-78.14859771728516,America/Toronto
5507,Waskaganish Airport,Waskaganish,Canada,YKQ,CYKQ,51.47330093383789,-78.75830078125,America/Toronto
5508,Aupaluk Airport,Aupaluk,Canada,YPJ,CYLA,59.29669952392578,-69.59970092773438,America/Toronto
5509,Kimmirut Airport,Kimmirut,Canada,YLC,CYLC,62.8499984741,-69.88330078119999,America/Toronto
5510,Lansdowne House Airport,Lansdowne House,Canada,YLH,CYLH,52.19559860229492,-87.93419647216797,America/Toronto
5511,St Georges Airport,Lutselk'e,Canada,,CYSG,46.096401,-70.714699,America/Toronto
5512,Kangiqsualujjuaq (Georges River) Airport,Kangiqsualujjuaq,Canada,XGR,CYLU,58.71139907836914,-65.9927978515625,America/Toronto
5513,Mary's Harbour Airport,Mary's Harbour,Canada,YMH,CYMH,52.302799224853516,-55.847198486328125,America/St_Johns
5514,Chapais Airport,Chibougamau,Canada,YMT,CYMT,49.77190017700195,-74.5280990600586,America/Toronto
5515,Umiujaq Airport,Umiujaq,Canada,YUD,CYMU,56.53609848022461,-76.51830291748047,America/Toronto
5516,Wemindji Airport,Wemindji,Canada,YNC,CYNC,53.01060104370117,-78.83110046386719,America/Toronto
5517,Norway House Airport,Norway House,Canada,YNE,CYNE,53.95830154418945,-97.84420013427734,America/Winnipeg
5518,Points North Landing Airport,Points North Landing,Canada,YNL,CYNL,58.27669906616211,-104.08200073242188,America/Regina
5519,Oxford House Airport,Oxford House,Canada,YOH,CYOH,54.93330001831055,-95.27890014648438,America/Winnipeg
5520,Inukjuak Airport,Inukjuak,Canada,YPH,CYPH,58.471900939941406,-78.07689666748047,America/Toronto
5521,Pikangikum Airport,Pikangikum,Canada,YPM,CYPM,51.819698333740234,-93.97329711914062,America/Winnipeg
5522,Peawanuck Airport,Peawanuck,Canada,YPO,CYPO,54.98809814453125,-85.44329833984375,America/Toronto
5523,Powell River Airport,Powell River,Canada,YPW,CYPW,49.83420181274414,-124.5,America/Vancouver
5524,The Pas Airport,The Pas,Canada,YQD,CYQD,53.97140121459961,-101.09100341796875,America/Winnipeg
5525,Nakina Airport,Nakina,Canada,YQN,CYQN,50.18280029296875,-86.69640350341797,America/Toronto
5526,Rae Lakes Airport,Gamètì,Canada,YRA,CYRA,64.11609649658203,-117.30999755859375,America/Edmonton
5527,Red Lake Airport,Red Lake,Canada,YRL,CYRL,51.066898345947266,-93.79309844970703,America/Winnipeg
5528,Stony Rapids Airport,Stony Rapids,Canada,YSF,CYSF,59.250301361083984,-105.84100341796875,America/Regina
5529,Sanikiluaq Airport,Sanikiluaq,Canada,YSK,CYSK,56.5377998352,-79.2466964722,\N
5530,St. Theresa Point Airport,St. Theresa Point,Canada,YST,CYST,53.84560012817383,-94.85189819335938,America/Winnipeg
5531,Big Trout Lake Airport,Big Trout Lake,Canada,YTL,CYTL,53.81779861450195,-89.89689636230469,America/Winnipeg
5532,Deer Lake Airport,Deer Lake,Canada,YVZ,CYVZ,52.655799865722656,-94.0614013671875,America/Winnipeg
5533,Webequie Airport,Webequie,Canada,YWP,CYWP,52.9593933975,-87.3748683929,America/Toronto
5534,Whale Cove Airport,Whale Cove,Canada,YXN,CYXN,62.24000167849999,-92.59809875490001,America/Winnipeg
5535,Salluit Airport,Salluit,Canada,YZG,CYZG,62.17940139770508,-75.66719818115234,America/Toronto
5536,York Landing Airport,York Landing,Canada,ZAC,CZAC,56.08940124511719,-96.08920288085938,America/Winnipeg
5537,Ilford Airport,Ilford,Canada,ILF,CZBD,56.0614013672,-95.613899231,America/Winnipeg
5538,Bathurst Airport,Bathurst,Canada,ZBF,CZBF,47.629699707,-65.738899231,America/Halifax
5539,Eastmain River Airport,Eastmain River,Canada,ZEM,CZEM,52.22639846801758,-78.52249908447266,America/Toronto
5540,Fond-Du-Lac Airport,Fond-Du-Lac,Canada,ZFD,CZFD,59.33440017700195,-107.18199920654297,America/Regina
5541,Gods River Airport,Gods River,Canada,ZGI,CZGI,54.839698791503906,-94.07859802246094,America/Winnipeg
5542,Swan River Airport,Swan River,Canada,ZJN,CZJN,52.120601654052734,-101.23600006103516,America/Winnipeg
5543,Kashechewan Airport,Kashechewan,Canada,ZKE,CZKE,52.282501220703125,-81.67780303955078,America/Toronto
5544,Muskrat Dam Airport,Muskrat Dam,Canada,MSA,CZMD,53.44139862060547,-91.76280212402344,America/Winnipeg
5545,Masset Airport,Masset,Canada,ZMT,CZMT,54.02750015258789,-132.125,America/Vancouver
5546,Sachigo Lake Airport,Sachigo Lake,Canada,ZPB,CZPB,53.8911018371582,-92.19640350341797,America/Winnipeg
5547,Round Lake (Weagamow Lake) Airport,Round Lake,Canada,ZRJ,CZRJ,52.943599700927734,-91.31279754638672,America/Winnipeg
5548,Sandy Lake Airport,Sandy Lake,Canada,ZSJ,CZSJ,53.06420135498047,-93.34439849853516,America/Winnipeg
5549,Shamattawa Airport,Shamattawa,Canada,ZTM,CZTM,55.8656005859375,-92.0813980102539,America/Winnipeg
5550,Churchill Falls Airport,Churchill Falls,Canada,ZUM,CZUM,53.5619010925293,-64.10639953613281,America/Halifax
5551,Wollaston Lake Airport,Wollaston Lake,Canada,ZWL,CZWL,58.10689926147461,-103.1719970703125,America/Regina
5552,Batna Airport,Batna,Algeria,BLJ,DABT,35.752101898199996,6.308589935300001,Africa/Algiers
5553,Béchar Boudghene Ben Ali Lotfi Airport,Béchar,Algeria,CBH,DAOR,31.645700454711914,-2.269860029220581,Africa/Algiers
5554,Bordj Badji Mokhtar Airport,Bordj Badji Mokhtar,Algeria,BMW,DATM,21.375,0.923888981342,Africa/Algiers
5555,Guemar Airport,Guemar,Algeria,ELU,DAUO,33.5113983154,6.77679014206,Africa/Algiers
5556,Kumasi Airport,Kumasi,Ghana,KMS,DGSI,6.714560031890869,-1.5908199548721313,Africa/Accra
5557,Heringsdorf Airport,Heringsdorf,Germany,HDF,EDAH,53.8787002563,14.152299881,Europe/Berlin
5558,Heide-Büsum Airport,Büsum,Germany,HEI,EDXB,54.153331756600004,8.90166664124,Europe/Berlin
5559,Helgoland-Düne Airport,Helgoland,Germany,HGL,EDXH,54.185279846200004,7.91583299637,Europe/Berlin
5560,Seinäjoki Airport,Seinäjoki / Ilmajoki,Finland,SJY,EFSI,62.692101,22.8323,Europe/Helsinki
5561,Nottingham Airport,Nottingham,United Kingdom,NQT,EGBN,52.91999816894531,-1.0791699886322021,Europe/London
5562,Robin Hood Doncaster Sheffield Airport,"Doncaster, Sheffield",United Kingdom,DSA,EGCN,53.4805378105,-1.01065635681,Europe/London
5563,Campbeltown Airport,Campbeltown,United Kingdom,CAL,EGEC,55.437198638916016,-5.686389923095703,Europe/London
5564,Eday Airport,Eday,United Kingdom,EOI,EGED,59.19060134887695,-2.7722198963165283,Europe/London
5565,Fair Isle Airport,Fair Isle,United Kingdom,FIE,EGEF,59.53580093383789,-1.628059983253479,Europe/London
5566,North Ronaldsay Airport,North Ronaldsay,United Kingdom,NRL,EGEN,59.3675003052,-2.43443989754,Europe/London
5567,Papa Westray Airport,Papa Westray,United Kingdom,PPW,EGEP,59.351699829100006,-2.9002799987800003,Europe/London
5568,Stronsay Airport,Stronsay,United Kingdom,SOY,EGER,59.1553001404,-2.64139008522,Europe/London
5569,Sanday Airport,Sanday,United Kingdom,NDY,EGES,59.250301361083984,-2.576669931411743,Europe/London
5570,Lerwick / Tingwall Airport,Lerwick,United Kingdom,LWK,EGET,60.192199707,-1.24361002445,Europe/London
5571,Westray Airport,Westray,United Kingdom,WRY,EGEW,59.3502998352,-2.95000004768,Europe/London
5572,Land's End Airport,Land's End,United Kingdom,LEQ,EGHC,50.102798,-5.67056,Europe/London
5573,Penzance Heliport,Penzance,United Kingdom,PZE,EGHK,50.128101,-5.51845,Europe/London
5574,Anglesey Airport,Angelsey,United Kingdom,VLY,EGOV,53.2481002808,-4.53533983231,Europe/London
5575,Barra Airport,Barra,United Kingdom,BRR,EGPR,57.0228,-7.44306,Europe/London
5577,Donegal Airport,Dongloe,Ireland,CFN,EIDL,55.0442008972168,-8.340999603271484,Europe/Dublin
5578,Weston Airport,Leixlip,Ireland,,EIWT,53.3521995544,-6.48611021042,Europe/Dublin
5579,Sindal Airport,Sindal,Denmark,CNL,EKSN,57.503502,10.2294,Europe/Copenhagen
5580,Leknes Airport,Leknes,Norway,LKN,ENLK,68.152496337891,13.609399795532,Europe/Oslo
5581,Namsos Høknesøra Airport,Namsos,Norway,OSY,ENNM,64.472198486328,11.57859992981,Europe/Oslo
5582,"Mo i Rana Airport, Røssvoll",Mo i Rana,Norway,MQN,ENRA,66.363899230957,14.301400184631,Europe/Oslo
5583,"Rørvik Airport, Ryum",Rørvik,Norway,RVK,ENRM,64.838302612305,11.14610004425,Europe/Oslo
5584,Røst Airport,Røst,Norway,RET,ENRS,67.527801513672,12.103300094604,Europe/Oslo
5585,Sandane Airport (Anda),Sandane,Norway,SDN,ENSD,61.830001831055,6.1058301925659,Europe/Oslo
5586,Sogndal Airport,Sogndal,Norway,SOG,ENSG,61.156101,7.13778,Europe/Oslo
5587,Svolvær Helle Airport,Svolvær,Norway,SVJ,ENSH,68.243301391602,14.669199943542,Europe/Oslo
5588,Sørkjosen Airport,Sorkjosen,Norway,SOJ,ENSR,69.786796569824,20.959400177002,Europe/Oslo
5589,"Vardø Airport, Svartnes",Vardø,Norway,VAW,ENSS,70.355400085449,31.044900894165,Europe/Oslo
5590,Værøy Heliport,Værøy,Norway,VRY,ENVR,67.654555,12.727257,Europe/Oslo
5591,Bydgoszcz Ignacy Jan Paderewski Airport,Bydgoszcz,Poland,BZG,EPBY,53.096801757799994,17.9776992798,Europe/Warsaw
5592,Łódź Władysław Reymont Airport,Lodz,Poland,LCJ,EPLL,51.721900939899996,19.3980998993,Europe/Warsaw
5593,Åre Östersund Airport,Östersund,Sweden,OSD,ESNZ,63.194400787354,14.50030040741,Europe/Stockholm
5594,Hagfors Airport,Hagfors,Sweden,HFS,ESOH,60.02009963989258,13.578900337219238,Europe/Stockholm
5595,Karlstad Airport,Karlstad,Sweden,KSD,ESOK,59.444698333699996,13.337400436400001,Europe/Stockholm
5596,Torsby Airport,Torsby,Sweden,TYF,ESST,60.1576004028,12.991299629199998,Europe/Stockholm
5597,Ängelholm-Helsingborg Airport,Ängelholm,Sweden,AGH,ESTA,56.29610061645508,12.847100257873535,Europe/Stockholm
5598,Storuman Airport,Mohed,Sweden,SQO,ESUD,64.96089935302734,17.69659996032715,Europe/Stockholm
5599,Hemavan Airport,Hemavan,Sweden,HMV,ESUT,65.80609893798828,15.082799911499023,Europe/Stockholm
5602,Ventspils International Airport,Ventspils,Latvia,VNT,EVVA,57.35779953,21.5442008972,Europe/Riga
5603,Rand Airport,Johannesburg,South Africa,QRA,FAGM,-26.2425003052,28.1511993408,Africa/Johannesburg
5604,Kruger Mpumalanga International Airport,Mpumalanga,South Africa,MQP,FAKN,-25.3831996918,31.1056003571,Africa/Johannesburg
5605,Malamala Airport,Malamala,South Africa,AAM,FAMD,-24.818099975585938,31.544599533081055,Africa/Johannesburg
5606,Mmabatho International Airport,Mafeking,South Africa,MBD,FAMM,-25.798400878900004,25.548000335699996,Africa/Johannesburg
5607,Ghanzi Airport,Ghanzi,Botswana,GNZ,FBGZ,-21.6924991607666,21.658100128173828,Africa/Gaborone
5608,Orapa Airport,Orapa,Botswana,ORP,FBOR,-21.266701,25.3167,Africa/Gaborone
5609,Shakawe Airport,Shakawe,Botswana,SWX,FBSW,-18.373899459838867,21.832599639892578,Africa/Gaborone
5610,Limpopo Valley Airport,Tuli Lodge,Botswana,TLD,FBTL,-22.189199447599997,29.126899719199997,Africa/Gaborone
5611,Ngot Nzoungou Airport,Loubomo,Congo (Brazzaville),DIS,FCPL,-4.20635,12.6599,Africa/Brazzaville
5612,Chipata Airport,Chipata,Zambia,CIP,FLCP,-13.558300018310547,32.58720016479492,Africa/Lusaka
5613,Los Alamitos Army Air Field,Solwesi,Zambia,,KSLI,33.79000092,-118.052002,America/Los_Angeles
5614,Iconi Airport,Moroni,Comoros,YVA,FMCN,-11.710800170899999,43.2439002991,Indian/Comoro
5615,Antsalova Airport,Antsalova,Madagascar,WAQ,FMMG,-18.701273,44.614921,Indian/Antananarivo
5616,Ankavandra Airport,Ankavandra,Madagascar,JVA,FMMK,-18.80501,45.273467,Indian/Antananarivo
5617,Belo sur Tsiribihina Airport,Belo sur Tsiribihina,Madagascar,BMD,FMML,-19.6867008209,44.541900634799994,Indian/Antananarivo
5618,Maintirano Airport,Maintirano,Madagascar,MXT,FMMO,-18.049999,44.033001,Indian/Antananarivo
5619,Morafenobe Airport,Morafenobe,Madagascar,TVA,FMMR,-17.850083,44.920467,Indian/Antananarivo
5620,Tambohorano Airport,Tambohorano,Madagascar,WTA,FMMU,-17.47610092163086,43.972801208496094,Indian/Antananarivo
5621,Tsiroanomandidy Airport,Tsiroanomandidy,Madagascar,WTS,FMMX,-18.759677,46.054065,Indian/Antananarivo
5622,Ambatondrazaka Airport,Ambatondrazaka,Madagascar,WAM,FMMZ,-17.795378,48.442583,Indian/Antananarivo
5623,Port Bergé Airport,Port Bergé,Madagascar,WPB,FMNG,-15.584286,47.623587,Indian/Antananarivo
5624,Ambanja Airport,Ambanja,Madagascar,,FMNJ,-13.645705,48.459427,Indian/Antananarivo
5625,Soalala Airport,Soalala,Madagascar,DWB,FMNO,-16.10169,45.358837,Indian/Antananarivo
5626,Mampikony Airport,Mampikony,Madagascar,WMP,FMNP,-16.0722693402,47.644164562200004,Indian/Antananarivo
5627,Nasa Shuttle Landing Facility Airport,Tsaratanana,Madagascar,,KTTS,28.614999771118164,-80.69450378417969,America/New_York
5628,Mandritsara Airport,Mandritsara,Madagascar,WMA,FMNX,-15.833049,48.833284,Indian/Antananarivo
5629,Manja Airport,Manja,Madagascar,MJA,FMSJ,-21.426105,44.316509,Indian/Antananarivo
5630,Catumbela Airport,Catumbela,Angola,CBT,FNCT,-12.4792,13.4869,Africa/Luanda
5631,Dundo Airport,Dundo,Angola,DUE,FNDU,-7.400889873504639,20.818500518798828,Africa/Luanda
5632,Ngjiva Pereira Airport,Ondjiva,Angola,VPE,FNGI,-17.0435009003,15.683799743700002,Africa/Luanda
5633,Namibe Airport,Mocamedes,Angola,MSZ,FNMO,-15.261199951171875,12.14680004119873,Africa/Luanda
5634,Koulamoutou Mabimbi Airport,Koulamoutou,Gabon,KOU,FOGK,-1.1846100091934,12.441300392151,Africa/Libreville
5635,Mouilla Ville Airport,Mouila,Gabon,MJL,FOGM,-1.845139980316162,11.056699752807617,Africa/Libreville
5636,Tchibanga Airport,Tchibanga,Gabon,TCH,FOOT,-2.8499999046325684,11.017000198364258,Africa/Libreville
5637,Chimoio Airport,Chimoio,Mozambique,VPY,FQCH,-19.15130043029785,33.42900085449219,Africa/Maputo
5639,Sarh Airport,Sarh,Chad,SRH,FTTA,9.14444,18.374399,Africa/Ndjamena
5640,Club Makokola Airport,Club Makokola,Malawi,CMK,FWCM,-14.306900024414062,35.13249969482422,Africa/Blantyre
5641,Luderitz Airport,Luderitz,Namibia,LUD,FYLZ,-26.687400817871094,15.242899894714355,Africa/Windhoek
5642,Ondangwa Airport,Ondangwa,Namibia,OND,FYOA,-17.878201,15.9526,Africa/Windhoek
5643,Oranjemund Airport,Oranjemund,Namibia,OMD,FYOG,-28.5847,16.446699,Africa/Windhoek
5644,Swakopmund Airport,Swakopmund,Namibia,SWP,FYSM,-22.66189956665,14.568099975586,Africa/Windhoek
5645,Eros Airport,Windhoek,Namibia,ERS,FYWE,-22.612199783325195,17.080400466918945,Africa/Windhoek
5646,Boma Airport,Boma,Congo (Kinshasa),BOA,FZAJ,-5.854000091552734,13.064000129699707,Africa/Kinshasa
5647,Tshimpi Airport,Matadi,Congo (Kinshasa),MAT,FZAM,-5.799610137939453,13.440400123596191,Africa/Kinshasa
5648,Inongo Airport,Inongo,Congo (Kinshasa),INO,FZBA,-1.947219967842102,18.28580093383789,Africa/Kinshasa
5649,Nioki Airport,Nioki,Congo (Kinshasa),NIO,FZBI,-2.7174999713897705,17.68470001220703,Africa/Kinshasa
5650,Basango Mboliasa Airport,Kiri,Congo (Kinshasa),KRZ,FZBT,-1.434999942779541,19.02400016784668,Africa/Kinshasa
5651,Basankusu Airport,Basankusu,Congo (Kinshasa),BSU,FZEN,1.2247200012207031,19.78890037536621,Africa/Kinshasa
5652,Tshikapa Airport,Tshikapa,Congo (Kinshasa),TSH,FZUK,-6.43833,20.794701,Africa/Lubumbashi
5653,Lodja Airport,Lodja,Congo (Kinshasa),LJA,FZVA,-3.4170000553131104,23.450000762939453,Africa/Lubumbashi
5654,Ilebo Airport,Ilebo,Congo (Kinshasa),PFR,FZVS,-4.329919,20.590124,Africa/Lubumbashi
5657,Outer Skerries Airport,Outer Skerries,United Kingdom,OUK,EGOU,60.4252,-0.75,Europe/London
5659,La Gomera Airport,La Gomera,Spain,GMZ,GCGM,28.029600143432617,-17.214599609375,Atlantic/Canary
5662,Sherbro International Airport,Bonthe,Sierra Leone,BTE,GFBN,7.5324201583862305,-12.518899917602539,Africa/Freetown
5663,Bo Airport,Bo,Sierra Leone,KBS,GFBO,7.944399833679199,-11.76099967956543,Africa/Freetown
5664,Kenema Airport,Kenema,Sierra Leone,KEN,GFKE,7.891290187835693,-11.176600456237793,Africa/Freetown
5665,Osvaldo Vieira International Airport,Bissau,Guinea-Bissau,OXB,GGOV,11.894800186157227,-15.65369987487793,Africa/Bissau
5669,Smara Airport,Smara,Western Sahara,SMW,GMMA,26.7318,-11.6847,Africa/El_Aaiun
5670,Dakhla Airport,Dakhla,Western Sahara,VIL,GMMH,23.7183,-15.932,Africa/El_Aaiun
5671,Mogador Airport,Essadouira,Morocco,ESU,GMMI,31.3974990845,-9.6816701889,Africa/Casablanca
5672,Hassan I Airport,El Aaiún,Western Sahara,EUN,GMML,27.151699,-13.2192,Africa/El_Aaiun
5673,Nador International Airport,El Aroui,Morocco,NDR,GMMW,34.988800048799995,-3.0282099247,Africa/Casablanca
5674,Praia International Airport,"Praia, Santiago Island",Cape Verde,RAI,GVNP,14.924500465393066,-23.493499755859375,Atlantic/Cape_Verde
5675,São Filipe Airport,"Sao Filipe, Fogo Island",Cape Verde,SFL,GVSF,14.8850002289,-24.4799995422,Atlantic/Cape_Verde
5676,Baco Airport,Baco,Ethiopia,BCO,HABC,5.78287,36.562,Africa/Addis_Ababa
5677,Beica Airport,Beica,Ethiopia,BEI,HABE,9.38638973236084,34.52190017700195,Africa/Addis_Ababa
5678,Combolcha Airport,Dessie,Ethiopia,DSE,HADC,11.082500457763672,39.71139907836914,Africa/Addis_Ababa
5679,Dembidollo Airport,Dembidollo,Ethiopia,DEM,HADD,8.553999900817871,34.858001708984375,Africa/Addis_Ababa
5680,Gode Airport,Gode,Ethiopia,GDE,HAGO,5.93513011932,43.5786018372,Africa/Addis_Ababa
5681,Gore Airport,Gore,Ethiopia,GOR,HAGR,8.1614,35.5529,Africa/Addis_Ababa
5682,Kabri Dehar Airport,Kabri Dehar,Ethiopia,ABK,HAKD,6.734,44.252998,Africa/Addis_Ababa
5683,Mizan Teferi Airport,Mizan Teferi,Ethiopia,MTF,HAMT,6.9571,35.5547,Africa/Addis_Ababa
5684,Tippi Airport,Tippi,Ethiopia,TIE,HATP,7.2024,35.415,Africa/Addis_Ababa
5685,Alula Airport,Alula,Somalia,ALU,HCMA,11.9582,50.748,Africa/Mogadishu
5686,Bosaso Airport,Bosaso,Somalia,BSA,HCMF,11.275300025939941,49.14939880371094,Africa/Mogadishu
5687,Aden Adde International Airport,Mogadishu,Somalia,MGQ,HCMM,2.0144400596618652,45.3046989440918,Africa/Mogadishu
5688,Galcaio Airport,Galcaio,Somalia,GLK,HCMR,6.78082990646,47.45470047,Africa/Mogadishu
5689,Burao Airport,Burao,Somalia,BUO,HCMV,9.5275,45.5549,Africa/Mogadishu
5690,El Arish International Airport,El Arish,Egypt,AAC,HEAR,31.073299408,33.8358001709,Africa/Cairo
5691,Assiut International Airport,Asyut,Egypt,ATZ,HEAT,27.0464992523,31.0119991302,Africa/Cairo
5692,Amboseli Airport,Amboseli National Park,Kenya,ASV,HKAM,-2.645050048828125,37.25310134887695,Africa/Nairobi
5693,Lokichoggio Airport,Lokichoggio,Kenya,LKG,HKLK,4.20412015914917,34.348201751708984,Africa/Nairobi
5694,Malindi Airport,Malindi,Kenya,MYD,HKML,-3.2293100357055664,40.10169982910156,Africa/Nairobi
5695,Nanyuki Airport,Nanyuki,Kenya,NYK,HKNY,-0.06239889934659004,37.04100799560547,Africa/Nairobi
5696,Gardabya Airport,Sirt,Libya,SRX,HLGD,31.063499450699997,16.5949993134,Africa/Tripoli
5697,Gamal Abdel Nasser Airport,Tobruk,Libya,TOB,HLGN,31.861,23.907,Africa/Tripoli
5698,Mitiga Airport,Tripoli,Libya,MJI,HLLM,32.894100189208984,13.276000022888184,Africa/Tripoli
5699,La Abraq Airport,Al Bayda',Libya,LAQ,HLLQ,32.788700103759766,21.96430015563965,Africa/Tripoli
5700,Atbara Airport,Atbara,Sudan,ATB,HSAT,17.710344314575195,34.0570182800293,Africa/Khartoum
5701,Nyala Airport,Nyala,Sudan,UYL,HSNN,12.053500175476074,24.956199645996094,Africa/Khartoum
5702,Port Sudan New International Airport,Port Sudan,Sudan,PZU,HSPN,19.4335994720459,37.234100341796875,Africa/Khartoum
5703,Bukoba Airport,Bukoba,Tanzania,BKZ,HTBU,-1.332,31.8212,Africa/Dar_es_Salaam
5704,Kigoma Airport,Kigoma,Tanzania,TKQ,HTKA,-4.8862,29.6709,Africa/Dar_es_Salaam
5705,Lindi Airport,Lindi,Tanzania,LDI,HTLI,-9.85111,39.757801,Africa/Dar_es_Salaam
5706,Musoma Airport,Musoma,Tanzania,MUZ,HTMU,-1.503,33.8021,Africa/Dar_es_Salaam
5707,Shinyanga Airport,Shinyanga,Tanzania,SHY,HTSY,-3.6093,33.5035,Africa/Dar_es_Salaam
5708,Tabora Airport,Tabora,Tanzania,TBO,HTTB,-5.076389789581299,32.83330154418945,Africa/Dar_es_Salaam
5709,Arua Airport,Arua,Uganda,RUA,HUAR,3.049999952316284,30.91699981689453,Africa/Kampala
5710,Gulu Airport,Gulu,Uganda,ULU,HUGU,2.8055601119995117,32.27180099487305,Africa/Kampala
5711,Diu Airport,Diu,India,DIU,VA1P,20.71310043334961,70.92109680175781,Asia/Calcutta
5714,Aberdeen Regional Airport,Aberdeen,United States,ABR,KABR,45.449100494384766,-98.42179870605469,America/Chicago
5715,Southwest Georgia Regional Airport,Albany,United States,ABY,KABY,31.535499572753906,-84.19450378417969,America/New_York
5716,Athens Ben Epps Airport,Athens,United States,AHN,KAHN,33.94860076904297,-83.32630157470703,America/New_York
5717,Alamogordo White Sands Regional Airport,Alamogordo,United States,ALM,KALM,32.8399009705,-105.990997314,America/Denver
5718,Waterloo Regional Airport,Waterloo,United States,ALO,KALO,42.557098388671875,-92.40029907226562,America/Chicago
5719,Walla Walla Regional Airport,Walla Walla,United States,ALW,KALW,46.09489822,-118.288002,America/Los_Angeles
5720,Alpena County Regional Airport,Alpena,United States,APN,KAPN,45.0780983,-83.56030273,America/New_York
5721,Watertown Regional Airport,Watertown,United States,ATY,KATY,44.91400146,-97.15470123,America/Chicago
5722,Bradford Regional Airport,Bradford,United States,BFD,KBFD,41.8031005859375,-78.64009857177734,America/New_York
5723,Western Neb. Rgnl/William B. Heilig Airport,Scottsbluff,United States,BFF,KBFF,41.87400055,-103.5960007,America/Denver
5724,Raleigh County Memorial Airport,Beckley,United States,BKW,KBKW,37.787300109899995,-81.1241989136,America/New_York
5725,Brunswick Golden Isles Airport,Brunswick,United States,BQK,KBQK,31.258800506591797,-81.46649932861328,America/New_York
5726,Southeast Iowa Regional Airport,Burlington,United States,BRL,KBRL,40.783199310302734,-91.12550354003906,America/Chicago
5727,Jack Mc Namara Field Airport,Crescent City,United States,CEC,KCEC,41.78020096,-124.2369995,America/Los_Angeles
5728,Cape Girardeau Regional Airport,Cape Girardeau,United States,CGI,KCGI,37.22529983520508,-89.57080078125,America/Chicago
5729,Chippewa County International Airport,Sault Ste Marie,United States,CIU,KCIU,46.25080108642578,-84.47239685058594,America/New_York
5730,North Central West Virginia Airport,Clarksburg,United States,CKB,KCKB,39.2966003418,-80.2281036377,America/New_York
5731,William R Fairchild International Airport,Port Angeles,United States,CLM,KCLM,48.120201110839844,-123.5,America/Los_Angeles
5732,Houghton County Memorial Airport,Hancock,United States,CMX,KCMX,47.168399810791016,-88.48909759521484,America/New_York
5733,Dodge City Regional Airport,Dodge City,United States,DDC,KDDC,37.76340103149414,-99.9655990600586,America/Chicago
5734,DuBois Regional Airport,Du Bois,United States,DUJ,KDUJ,41.17829895,-78.8986969,America/New_York
5735,Chippewa Valley Regional Airport,Eau Claire,United States,EAU,KEAU,44.86579895019531,-91.48429870605469,America/Chicago
5736,Elko Regional Airport,Elko,United States,EKO,KEKO,40.82490158081055,-115.79199981689453,America/Los_Angeles
5737,New Bedford Regional Airport,New Bedford,United States,EWB,KEWB,41.67610168457031,-70.95690155029297,America/New_York
5738,Fayetteville Regional Grannis Field,Fayetteville,United States,FAY,KFAY,34.9911994934082,-78.88030242919922,America/New_York
5739,Wokal Field Glasgow International Airport,Glasgow,United States,GGW,KGGW,48.212502,-106.614998,America/Denver
5740,Central Nebraska Regional Airport,Grand Island,United States,GRI,KGRI,40.967498779296875,-98.30960083007812,America/Chicago
5741,Memorial Field,Hot Springs,United States,HOT,KHOT,34.47800064086914,-93.09619903564453,America/Chicago
5742,Tri-State/Milton J. Ferguson Field,Huntington,United States,HTS,KHTS,38.36669922,-82.55799866,America/New_York
5743,Kili Airport,Kili Island,Marshall Islands,KIO,Q51,5.644515,169.119507,Pacific/Majuro
5744,Kirksville Regional Airport,Kirksville,United States,IRK,KIRK,40.09349822998047,-92.5448989868164,America/Chicago
5745,Jamestown Regional Airport,Jamestown,United States,JMS,KJMS,46.92969894,-98.67819977,America/Chicago
5746,Laramie Regional Airport,Laramie,United States,LAR,KLAR,41.31209945678711,-105.67500305175781,America/Denver
5747,Arnold Palmer Regional Airport,Latrobe,United States,LBE,KLBE,40.27590179,-79.40480042,America/New_York
5748,North Platte Regional Airport Lee Bird Field,North Platte,United States,LBF,KLBF,41.12620163,-100.6839981,America/Chicago
5749,Lebanon Municipal Airport,Lebanon,United States,LEB,KLEB,43.626098632799994,-72.30419921880001,America/New_York
5750,Crater Lake-Klamath Regional Airport,Klamath Falls,United States,LMT,KLMT,42.156101,-121.733002,America/Los_Angeles
5751,Lancaster Airport,Lancaster,United States,LNS,KLNS,40.121700286865234,-76.29609680175781,America/New_York
5752,Lewistown Municipal Airport,Lewistown,United States,LWT,KLWT,47.04930114746094,-109.46700286865234,America/Denver
5753,Lynchburg Regional Preston Glenn Field,Lynchburg,United States,LYH,KLYH,37.326698303222656,-79.20040130615234,America/New_York
5754,Muskegon County Airport,Muskegon,United States,MKG,KMKG,43.16949844,-86.23819733,America/New_York
5755,Frank Wiley Field,Miles City,United States,MLS,KMLS,46.428001403808594,-105.88600158691406,America/Denver
5756,Northwest Alabama Regional Airport,Muscle Shoals,United States,MSL,KMSL,34.74530029,-87.61019897,America/Chicago
5757,Southwest Oregon Regional Airport,North Bend,United States,OTH,KOTH,43.41709899902344,-124.24600219726562,America/Los_Angeles
5758,Owensboro Daviess County Airport,Owensboro,United States,OWB,KOWB,37.74010086,-87.16680145,America/Chicago
5759,Hattiesburg Laurel Regional Airport,Hattiesburg/Laurel,United States,PIB,KPIB,31.467100143432617,-89.33709716796875,America/Chicago
5760,Pocatello Regional Airport,Pocatello,United States,PIH,KPIH,42.9098014831543,-112.59600067138672,America/Denver
5761,Pierre Regional Airport,Pierre,United States,PIR,KPIR,44.38270187,-100.2860031,America/Chicago
5762,Pellston Regional Airport of Emmet County Airport,Pellston,United States,PLN,KPLN,45.57089996,-84.79669952,America/New_York
5763,Portsmouth International at Pease Airport,Portsmouth,United States,PSM,KPSM,43.0778999329,-70.8233032227,America/New_York
5764,Reading Regional Carl A Spaatz Field,Reading,United States,RDG,KRDG,40.378501892089844,-75.96520233154297,America/New_York
5765,Rhinelander Oneida County Airport,Rhinelander,United States,RHI,KRHI,45.63119888305664,-89.46749877929688,America/Chicago
5766,Southwest Wyoming Regional Airport,Rock Springs,United States,RKS,KRKS,41.5942,-109.065001,America/Denver
5767,Rutland - Southern Vermont Regional Airport,Rutland,United States,RUT,KRUT,43.52939987,-72.94960022,America/New_York
5768,San Luis County Regional Airport,San Luis Obispo,United States,SBP,KSBP,35.236801147499996,-120.641998291,America/Los_Angeles
5769,Sheridan County Airport,Sheridan,United States,SHR,KSHR,44.76919937133789,-106.9800033569336,America/Denver
5770,Adirondack Regional Airport,Saranac Lake,United States,SLK,KSLK,44.38529968261719,-74.2061996459961,America/New_York
5771,Salina Municipal Airport,Salina,United States,SLN,KSLN,38.79100036621094,-97.6521987915039,America/Chicago
5772,Santa Maria Pub/Capt G Allan Hancock Field,Santa Maria,United States,SMX,KSMX,34.89889908,-120.4570007,America/Los_Angeles
5773,Tupelo Regional Airport,Tupelo,United States,TUP,KTUP,34.26810073852539,-88.7698974609375,America/Chicago
5774,Quincy Regional Baldwin Field,Quincy,United States,UIN,KUIN,39.94269943,-91.19460297,America/Chicago
5775,Victoria Regional Airport,Victoria,United States,VCT,KVCT,28.85260009765625,-96.91850280761719,America/Chicago
5776,Valdosta Regional Airport,Valdosta,United States,VLD,KVLD,30.782499313354492,-83.27670288085938,America/New_York
5777,Worland Municipal Airport,Worland,United States,WRL,KWRL,43.9656982421875,-107.95099639892578,America/Denver
5779,Yakima Air Terminal McAllister Field,Yakima,United States,YKM,KYKM,46.56819916,-120.5439987,America/Los_Angeles
5780,Ercan International Airport,Nicosia,Cyprus,ECN,LCEN,35.154701232910156,33.49610137939453,Asia/Nicosia
5781,Logroño-Agoncillo Airport,Logroño-Agoncillo,Spain,RJL,LELO,42.4609534888,-2.32223510742,Europe/Madrid
5782,Île d'Yeu Airport,Île d'Yeu,France,IDY,LFEY,46.71860122680664,-2.3911099433898926,Europe/Paris
5783,Angers-Loire Airport,Angers/Marcé,France,ANE,LFJR,47.560299,-0.312222,Europe/Paris
5786,La Môle Airport,La Môle,France,LTT,LFTZ,43.205399,6.482,Europe/Paris
5787,Syros Airport,Syros Island,Greece,JSY,LGSO,37.4227981567,24.950899124099998,Europe/Athens
5788,Pécs-Pogány Airport,Pécs-Pogány,Hungary,PEV,LHPP,45.990898,18.240996,Europe/Budapest
5789,Győr-Pér International Airport,Győr,Hungary,,LHPR,47.624401,17.813601,Europe/Budapest
5790,Sármellék International Airport,Sármellék,Hungary,SOB,LHSM,46.686391,17.159084,Europe/Budapest
5791,Aosta Airport,Aosta,Italy,AOT,LIMW,45.738499,7.36872,Europe/Rome
5792,Salerno Costa d'Amalfi Airport,Salerno,Italy,QSR,LIRI,40.620399,14.9113,Europe/Rome
5793,Corvo Airport,Corvo,Portugal,CVU,LPCR,39.671501,-31.1136,Atlantic/Azores
5794,Banja Luka International Airport,Banja Luka,Bosnia and Herzegovina,BNX,LQBK,44.94139862060547,17.297500610351562,Europe/Sarajevo
5795,Uşak Airport,Usak,Turkey,USQ,LTBO,38.68149948120117,29.47170066833496,Europe/Istanbul
5796,Kars Airport,Kars,Turkey,KSY,LTCF,40.562198638916016,43.1150016784668,Europe/Istanbul
5797,Şanlıurfa Airport,Sanliurfa,Turkey,SFQ,LTCH,37.09429931640625,38.84709930419922,Europe/Istanbul
5798,Kahramanmaraş Airport,Kahramanmaras,Turkey,KCM,LTCN,37.5388259888,36.9535217285,Europe/Istanbul
5799,Ağrı Airport,Agri,Turkey,AJI,LTCO,39.654541015625,43.025978088378906,Europe/Istanbul
5800,Adıyaman Airport,Adiyaman,Turkey,ADF,LTCP,37.7313995361,38.4688987732,Europe/Istanbul
5801,Süleyman Demirel International Airport,Isparta,Turkey,ISE,LTFC,37.8554000854,30.368400573699997,Europe/Istanbul
5802,Balıkesir Körfez Airport,Balikesir Korfez,Turkey,EDO,LTFD,39.554599762,27.0137996674,Europe/Istanbul
5803,Samsun Çarşamba Airport,Samsun,Turkey,SZF,LTFH,41.254501,36.567101,Europe/Istanbul
5806,Žilina Airport,Žilina,Slovakia,ILZ,LZZI,49.231498718299996,18.6135005951,Europe/Bratislava
5807,JAGS McCartney International Airport,Cockburn Town,Turks and Caicos Islands,GDT,MBGT,21.444499969482422,-71.14230346679688,America/Grand_Turk
5808,Middle Caicos Airport,Middle Caicos,Turks and Caicos Islands,MDS,MBMC,21.82602,-71.8025,America/Grand_Turk
5809,Salt Cay Airport,Salt Cay,Turks and Caicos Islands,SLX,MBSY,21.333000183099998,-71.1999969482,America/Grand_Turk
5810,Samaná El Catey International Airport,Samana,Dominican Republic,AZS,MDCY,19.2670001984,-69.7419967651,America/Santo_Domingo
5811,La Isabela International Airport,La Isabela,Dominican Republic,JBQ,MDJB,18.572500228881836,-69.98560333251953,America/Santo_Domingo
5812,Puerto Barrios Airport,Puerto Barrios,Guatemala,PBR,MGPB,15.7309,-88.583801,America/Guatemala
5813,Quezaltenango Airport,Quezaltenango,Guatemala,AAZ,MGQZ,14.8656,-91.501999,America/Guatemala
5814,Utirik Airport,Utirik Island,Marshall Islands,UTK,03N,11.222,169.852005,Pacific/Majuro
5831,Ahuas Airport,Ahuas,Honduras,AHS,MHAH,15.4722,-84.352203,America/Tegucigalpa
5832,Puerto Lempira Airport,Puerto Lempira,Honduras,PEU,MHPL,15.2622,-83.781197,America/Tegucigalpa
5833,Mili Island Airport,Mili Island,Marshall Islands,MIJ,MLIP,6.08333,171.733002,Pacific/Majuro
5834,Captain Rogelio Castillo National Airport,Celaya,Mexico,CYW,MMCY,20.546,-100.887001,America/Mexico_City
5835,Ciudad Constitución Airport,Ciudad Constitución,Mexico,CUA,MMDA,25.053800582886,-111.61499786377,America/Mazatlan
5836,Guerrero Negro Airport,Guerrero Negro,Mexico,GUB,MMGR,28.0261,-114.024002,America/Tijuana
5837,El Lencero Airport,Jalapa,Mexico,JAL,MMJA,19.4750995636,-96.7975006104,America/Mexico_City
5838,Alonso Valderrama Airport,Chitré,Panama,CTD,MPCE,7.987840175628662,-80.40969848632812,America/Panama
5839,Enrique Adolfo Jimenez Airport,Colón,Panama,ONX,MPEJ,9.356639862060547,-79.86740112304688,America/Panama
5840,Jaqué Airport,Jaqué,Panama,JQE,MPJE,7.51777982711792,-78.1572036743164,America/Panama
5841,Captain Ramon Xatruch Airport,La Palma,Panama,PLP,MPLP,8.406669616699219,-78.1417007446289,America/Panama
5842,Aerotortuguero Airport,Roxana,Costa Rica,TTQ,MRAO,10.42,-83.6095,America/Costa_Rica
5843,Barra del Colorado Airport,Pococi,Costa Rica,BCL,MRBC,10.768699645996094,-83.58560180664062,America/Costa_Rica
5844,Cabo Velas Airport,Nicoya,Costa Rica,,MRCV,10.355699539185,-85.852897644043,America/Costa_Rica
5845,Islita Airport,Nandayure,Costa Rica,PBP,MRIA,9.856109619140625,-85.37079620361328,America/Costa_Rica
5847,Puerto Jimenez Airport,Puerto Jimenez,Costa Rica,PJM,MRPJ,8.533329963684082,-83.30000305175781,America/Costa_Rica
5848,Tobias Bolanos International Airport,San Jose,Costa Rica,SYQ,MRPV,9.957050323486328,-84.13980102539062,America/Costa_Rica
5849,(Duplicate) Playa Samara Airport,Playa Samara,Costa Rica,,MRSR,9.87,-85.48,America/Costa_Rica
5850,Jérémie Airport,Jeremie,Haiti,JEE,MTJE,18.66309928894043,-74.17030334472656,America/Port-au-Prince
5851,Port-de-Paix Airport,Port-de-Paix,Haiti,PAX,MTPX,19.9335994720459,-72.84860229492188,America/Port-au-Prince
5852,Cayo Coco Airport,Cayo Coco,Cuba,,MUOC,22.513200759900002,-78.51100158690001,America/Havana
5853,Alberto Delgado Airport,Trinidad,Cuba,TND,MUTD,21.788299560546875,-79.99720001220703,America/Havana
5856,Congo Town Airport,Andros,Bahamas,COX,MYAK,24.158701,-77.589798,America/Nassau
5857,Arthur's Town Airport,Arthur's Town,Bahamas,ATC,MYCA,24.6294,-75.673797,America/Nassau
5858,New Bight Airport,Cat Island,Bahamas,TBI,MYCB,24.3153,-75.452301,America/Nassau
5859,Colonel Hill Airport,Colonel Hill,Bahamas,CRI,MYCI,22.745599746699998,-74.1824035645,America/Nassau
5860,Nassau Paradise Island Airport,Nassau,Bahamas,PID,MYPI,25.08300018310547,-77.30000305175781,America/Nassau
5861,Enua Airport,Atiu Island,Cook Islands,AIU,NCAT,-19.96780014038086,-158.11900329589844,Pacific/Rarotonga
5862,Mangaia Island Airport,Mangaia Island,Cook Islands,MGS,NCMG,-21.895986557006836,-157.9066619873047,Pacific/Rarotonga
5863,Manihiki Island Airport,Manihiki Island,Cook Islands,MHX,NCMH,-10.376700401306152,-161.0019989013672,Pacific/Rarotonga
5864,Mauke Airport,Mauke Island,Cook Islands,MUK,NCMK,-20.13610076904297,-157.34500122070312,Pacific/Rarotonga
5865,Mitiaro Island Airport,Mitiaro Island,Cook Islands,MOI,NCMR,-19.842500686645508,-157.7030029296875,Pacific/Rarotonga
5866,Tongareva Airport,Penrhyn Island,Cook Islands,PYE,NCPY,-9.01436996459961,-158.03240966796875,Pacific/Rarotonga
5867,Cicia Airport,Cicia,Fiji,ICI,NFCI,-17.7432994843,-179.341995239,Pacific/Fiji
5868,Malolo Lailai Island Airport,Malolo Lailai Island,Fiji,PTF,NFFO,-17.7779006958,177.197006226,Pacific/Fiji
5869,Vunisea Airport,Vunisea,Fiji,KDV,NFKD,-19.058099746699998,178.156997681,Pacific/Fiji
5870,Mana Island Airport,Mana Island,Fiji,MNF,NFMA,-17.6730995178,177.098007202,Pacific/Fiji
5871,Moala Airport,Moala,Fiji,MFJ,NFMO,-18.566699981699998,179.951004028,Pacific/Fiji
5872,Ngau Airport,Ngau,Fiji,NGI,NFNG,-18.115600585899998,179.339996338,Pacific/Fiji
5873,Lakeba Island Airport,Lakeba Island,Fiji,LKB,NFNK,-18.1991996765,-178.817001343,Pacific/Fiji
5874,Labasa Airport,Lambasa,Fiji,LBS,NFNL,-16.466699600219727,179.33999633789062,Pacific/Fiji
5875,Matei Airport,Matei,Fiji,TVU,NFNM,-16.6905994415,-179.876998901,Pacific/Fiji
5876,Koro Island Airport,Koro Island,Fiji,KXF,NFNO,-17.3458003998,179.42199707,Pacific/Fiji
5877,Rotuma Airport,Rotuma,Fiji,RTA,NFNR,-12.482500076293945,177.0709991455078,Pacific/Fiji
5878,Savusavu Airport,Savusavu,Fiji,SVU,NFNS,-16.8027992249,179.341003418,Pacific/Fiji
5879,Kaufana Airport,Eua Island,Tonga,EUA,NFTE,-21.378299713100002,-174.957992554,Pacific/Tongatapu
5880,Lifuka Island Airport,Lifuka,Tonga,HPA,NFTL,-19.777000427246094,-174.34100341796875,Pacific/Tongatapu
5881,Mata'aho Airport,"Angaha, Niuafo'ou Island",Tonga,NFO,NFTO,-15.5707998276,-175.632995605,Pacific/Tongatapu
5882,Kuini Lavenia Airport,Niuatoputapu,Tonga,NTT,NFTP,-15.977297,-173.791089,Pacific/Tongatapu
5883,Vanua Balavu Airport,Vanua Balavu,Fiji,VBV,NFVB,-17.268999099731445,-178.9759979248047,Pacific/Fiji
5884,Niue International Airport,Alofi,Niue,IUE,NIUE,-19.079030990600586,-169.92559814453125,Pacific/Niue
5885,Pointe Vele Airport,Futuna Island,Wallis and Futuna,FUT,NLWF,-14.3114004135,-178.065994263,Pacific/Wallis
5887,Maota Airport,Savaii Island,Samoa,MXS,NSMA,-13.742300033569336,-172.25799560546875,Pacific/Apia
5888,Apataki Airport,Apataki,French Polynesia,APK,NTGD,-15.5736,-146.414993,Pacific/Tahiti
5889,Ahe Airport,Ahe,French Polynesia,AHE,NTHE,-14.428099632263184,-146.2570037841797,Pacific/Tahiti
5890,Hiva Oa-Atuona Airport,Hiva-oa,French Polynesia,AUQ,NTMN,-9.76879024506,-139.011001587,Pacific/Marquesas
5891,Ua Pou Airport,Ua Pou,French Polynesia,UAP,NTMP,-9.35167,-140.078003,Pacific/Marquesas
5892,Ua Huka Airport,Ua Huka,French Polynesia,UAH,NTMU,-8.93611,-139.552002,Pacific/Marquesas
5893,Mota Lava Airport,Ablow,Vanuatu,MTV,NVSA,-13.6660003662,167.712005615,Pacific/Efate
5894,Sola Airport,Sola,Vanuatu,SLH,NVSC,-13.8516998291,167.537002563,Pacific/Efate
5895,Torres Airstrip,Loh/Linua,Vanuatu,TOH,NVSD,-13.3280000687,166.638000488,Pacific/Efate
5896,Siwo Airport,Sangafa,Vanuatu,EAE,NVSE,-17.0902996063,168.343002319,Pacific/Efate
5897,Craig Cove Airport,Craig Cove,Vanuatu,CCV,NVSF,-16.264999,167.923996,Pacific/Efate
5898,Longana Airport,Longana,Vanuatu,LOD,NVSG,-15.3066997528,167.966995239,Pacific/Efate
5899,Sara Airport,Pentecost Island,Vanuatu,SSR,NVSH,-15.4708003998,168.151992798,Pacific/Efate
5900,Tavie Airport,Paama Island,Vanuatu,PBJ,NVSI,-16.438999176,168.257003784,Pacific/Efate
5901,Lamap Airport,Lamap,Vanuatu,LPM,NVSL,-16.4611228,167.829253,Pacific/Efate
5902,Lamen Bay Airport,Lamen Bay,Vanuatu,LNB,NVSM,-16.584199905400002,168.158996582,Pacific/Efate
5903,Maewo-Naone Airport,Maewo Island,Vanuatu,MWF,NVSN,-15,168.082992554,Pacific/Efate
5904,Lonorore Airport,Lonorore,Vanuatu,LNE,NVSO,-15.865599632299999,168.17199707,Pacific/Efate
5905,Norsup Airport,Norsup,Vanuatu,NUS,NVSP,-16.0797,167.401001,Pacific/Efate
5906,Gaua Island Airport,Gaua Island,Vanuatu,ZGU,NVSQ,-14.218099594099998,167.587005615,Pacific/Efate
5907,Redcliffe Airport,Redcliffe,Vanuatu,RCL,NVSR,-15.472000122099999,167.835006714,Pacific/Efate
5908,Santo Pekoa International Airport,Santo,Vanuatu,SON,NVSS,-15.505000114399998,167.220001221,Pacific/Efate
5909,Tongoa Airport,Tongoa Island,Vanuatu,TGH,NVST,-16.8910999298,168.550994873,Pacific/Efate
5910,Uléi Airport,Ambryn Island,Vanuatu,ULB,NVSU,-16.3297,168.3011,Pacific/Efate
5911,Valesdir Airport,Valesdir,Vanuatu,VLS,NVSV,-16.796100616500002,168.177001953,Pacific/Efate
5912,Southwest Bay Airport,Malekula Island,Vanuatu,SWJ,NVSX,-16.4864,167.4472,Pacific/Efate
5913,North West Santo Airport,Olpoi,Vanuatu,OLJ,NVSZ,-14.881699562099998,166.557998657,Pacific/Efate
5914,Aneityum Airport,Anelghowhat,Vanuatu,AUY,NVVA,-20.2492008209,169.770996094,Pacific/Efate
5915,Aniwa Airport,Aniwa,Vanuatu,AWD,NVVB,-19.2346,169.6009,Pacific/Efate
5916,Dillon's Bay Airport,Dillon's Bay,Vanuatu,DLY,NVVD,-18.7693996429,169.00100708,Pacific/Efate
5917,Futuna Airport,Futuna Island,Vanuatu,FTA,NVVF,-19.516399383499998,170.231994629,Pacific/Efate
5918,Ipota Airport,Ipota,Vanuatu,IPA,NVVI,-18.856389,169.283333,Pacific/Efate
5919,Tiga Airport,Tiga,New Caledonia,TGJ,NWWA,-21.096099853515625,167.8040008544922,Pacific/Noumea
5920,Île Art - Waala Airport,Waala,New Caledonia,BMY,NWWC,-19.720600128173828,163.66099548339844,Pacific/Noumea
5921,Île des Pins Airport,Île des Pins,New Caledonia,ILP,NWWE,-22.588899612426758,167.45599365234375,Pacific/Noumea
5922,Fayzabad Airport,Faizabad,Afghanistan,FBD,OAFZ,37.121101,70.518097,Asia/Kabul
5924,Dawadmi Domestic Airport,Dawadmi,Saudi Arabia,,OEDW,24.5,44.400001525878906,Asia/Riyadh
5925,Al-Jawf Domestic Airport,Al-Jawf,Saudi Arabia,AJF,OESK,29.78510093688965,40.099998474121094,Asia/Riyadh
5926,Wadi Al Dawasir Airport,Wadi-al-dawasir,Saudi Arabia,WAE,OEWD,20.504299163800003,45.199600219699995,Asia/Riyadh
5927,Khoram Abad Airport,Khorram Abad,Iran,KHD,OICK,33.43539810180664,48.282901763916016,Asia/Tehran
5928,Bam Airport,Bam,Iran,BXR,OIKM,29.084199905395508,58.45000076293945,Asia/Tehran
5929,Rafsanjan Airport,Rafsanjan,Iran,RJN,OIKR,30.297700881958008,56.05110168457031,Asia/Tehran
5930,Bojnord Airport,Bojnourd,Iran,BJB,OIMN,37.49300003051758,57.30820083618164,Asia/Tehran
5931,Sabzevar National Airport,Sabzevar,Iran,AFZ,OIMS,36.16809844970703,57.59519958496094,Asia/Tehran
5932,Noshahr Airport,Noshahr,Iran,NSH,OINN,36.663299560546875,51.464698791503906,Asia/Tehran
5933,Dasht-e Naz Airport,Dasht-e-naz,Iran,SRY,OINZ,36.635799408,53.193599700899995,Asia/Tehran
5934,Lar Airport,Lar,Iran,LRR,OISL,27.6746997833,54.3833007812,Asia/Tehran
5935,Ardabil Airport,Ardabil,Iran,ADU,OITL,38.3256988525,48.4244003296,Asia/Tehran
5936,Urmia Airport,Uromiyeh,Iran,OMH,OITR,37.6680984497,45.0686988831,Asia/Tehran
5937,Al Ain International Airport,Al Ain,United Arab Emirates,AAN,OMAL,24.261699676513672,55.60919952392578,Asia/Dubai
5938,Bannu Airport,Bannu,Pakistan,BNP,OPBN,32.9729,70.527901,Asia/Karachi
5939,Bahawalpur Airport,Bahawalpur,Pakistan,BHV,OPBW,29.348100662231445,71.71800231933594,Asia/Karachi
5940,Chitral Airport,Chitral,Pakistan,CJL,OPCH,35.886600494384766,71.80059814453125,Asia/Karachi
5941,Dalbandin Airport,Dalbandin,Pakistan,DBA,OPDB,28.878299713100002,64.3998031616,Asia/Karachi
5942,Dera Ghazi Khan Airport,Dera Ghazi Khan,Pakistan,DEA,OPDG,29.961000442504883,70.48590087890625,Asia/Karachi
5943,Dera Ismael Khan Airport,Dera Ismael Khan,Pakistan,DSK,OPDI,31.909400939941406,70.89659881591797,Asia/Karachi
5944,Jiwani Airport,Jiwani,Pakistan,JIW,OPJI,25.067800521900004,61.8054008484,Asia/Karachi
5945,Hyderabad Airport,Hyderabad,Pakistan,HDD,OPKD,25.3181,68.366096,Asia/Karachi
5946,Khuzdar Airport,Khuzdar,Pakistan,KDD,OPKH,27.790599823,66.6473007202,Asia/Karachi
5947,Ormara Airport,Ormara Raik,Pakistan,ORW,OPOR,25.274700164799995,64.58599853519999,Asia/Karachi
5948,Parachinar Airport,Parachinar,Pakistan,PAJ,OPPC,33.902099609400004,70.0716018677,Asia/Karachi
5949,Skardu Airport,Skardu,Pakistan,KDU,OPSD,35.33549880981445,75.53600311279297,Asia/Karachi
5950,Sehwan Sharif Airport,Sehwan Sharif,Pakistan,SYW,OPSN,26.473100662231445,67.71720123291016,Asia/Karachi
5951,Turbat International Airport,Turbat,Pakistan,TUK,OPTU,25.986400604248047,63.03020095825195,Asia/Karachi
5952,Sulaymaniyah International Airport,Sulaymaniyah,Iraq,ISU,ORSU,35.5617485046,45.316738128699996,Asia/Baghdad
5953,Kamishly Airport,Kamishly,Syria,KAC,OSKL,37.020599365234375,41.19139862060547,Asia/Damascus
5954,Sayun International Airport,Sayun Intl,Yemen,GXF,OYSY,15.9660997391,48.78829956049999,Asia/Aden
5959,Adak Airport,Adak Island,United States,ADK,PADK,51.87799835205078,-176.64599609375,America/Adak
5960,Gustavus Airport,Gustavus,United States,GST,PAGS,58.4253006,-135.7070007,America/Anchorage
5961,Skagway Airport,Skagway,United States,SGY,PAGY,59.46009826660156,-135.3159942626953,America/Anchorage
5962,Holy Cross Airport,Holy Cross,United States,HCR,PAHC,62.18830108642578,-159.77499389648438,America/Anchorage
5963,Haines Airport,Haines,United States,HNS,PAHN,59.24380111694336,-135.5240020751953,America/Anchorage
5964,Kalskag Airport,Kalskag,United States,KLG,PALG,61.53630065917969,-160.34100341796875,America/Anchorage
5965,McGrath Airport,Mcgrath,United States,MCG,PAMC,62.95289993,-155.6060028,America/Anchorage
5966,Mountain Village Airport,Mountain Village,United States,MOU,PAMO,62.095401763916016,-163.6820068359375,America/Anchorage
5967,Aniak Airport,Aniak,United States,ANI,PANI,61.581600189208984,-159.54299926757812,America/Anchorage
5968,Chevak Airport,Chevak,United States,VAK,PAVA,61.5409,-165.6005,America/Anchorage
5969,Wrangell Airport,Wrangell,United States,WRG,PAWG,56.48429871,-132.3699951,America/Anchorage
5982,Balimo Airport,Balimo,Papua New Guinea,OPU,AYBM,-8.05000019073,142.932998657,Pacific/Port_Moresby
5986,Baimuru Airport,Baimuru,Papua New Guinea,VMU,AYBA,-7.49686002731,144.819900513,Pacific/Port_Moresby
5989,Kalaupapa Airport,Molokai,United States,LUP,PHLU,21.21100044,-156.973999,Pacific/Honolulu
5990,Eniwetok Airport,Eniwetok Atoll,Marshall Islands,ENT,PKMA,11.340700149536133,162.3280029296875,Pacific/Majuro
5991,Matsu Nangan Airport,Matsu Islands,Taiwan,LZN,RCFG,26.1598,119.958,Asia/Taipei
5992,Hengchun Airport,Hengchun,Taiwan,HCN,RCKW,22.041099548339844,120.7300033569336,Asia/Taipei
5993,Matsu Beigan Airport,Matsu Islands,Taiwan,MFK,RCMT,26.224199,120.002998,Asia/Taipei
5994,Kushiro Airport,Kushiro,Japan,KUH,RJCK,43.041000366199995,144.192993164,Asia/Tokyo
5995,Okadama Airport,Sapporo,Japan,OKD,RJCO,43.117447,141.38134,Asia/Tokyo
5996,Saga Airport,Saga,Japan,HSG,RJFS,33.149700164799995,130.302001953,Asia/Tokyo
5997,Nagoya Airport,Nagoya,Japan,NKM,RJNA,35.255001068115234,136.9239959716797,Asia/Tokyo
5998,Iwami Airport,Iwami,Japan,IWJ,RJOW,34.676399231,131.789993286,Asia/Tokyo
5999,Fukushima Airport,Fukushima,Japan,FKS,RJSF,37.22740173339844,140.43099975585938,Asia/Tokyo
6000,Odate Noshiro Airport,Odate Noshiro,Japan,ONJ,RJSR,40.1918983459,140.371002197,Asia/Tokyo
6001,Shonai Airport,Shonai,Japan,SYO,RJSY,38.81219863889999,139.787002563,Asia/Tokyo
6002,Miyakejima Airport,Miyakejima,Japan,MYE,RJTQ,34.073600769,139.559997559,Asia/Tokyo
6003,Kunsan Air Base,Kunsan,South Korea,KUV,RKJK,35.90380096435547,126.61599731445312,Asia/Seoul
6004,Mokpo Heliport,Mokpo,South Korea,MPK,RKJM,34.7588996887,126.379997253,Asia/Seoul
6005,Wonju/Hoengseong Air Base (K-38/K-46),Wonju,South Korea,WJU,RKNW,37.441201,127.963858,Asia/Seoul
6006,Yangyang International Airport,Sokcho / Gangneung,South Korea,YNY,RKNY,38.061298,128.669006,Asia/Seoul
6007,Sacheon Air Base/Airport,Sacheon,South Korea,HIN,RKPS,35.088591,128.071747,Asia/Seoul
6008,Cheongju International Airport/Cheongju Air Base (K-59/G-513),Chongju,South Korea,CJJ,RKTU,36.717008,127.498741,Asia/Seoul
6009,Subic Bay International Airport,Olongapo City,Philippines,SFS,RPLB,14.794400215148926,120.27100372314453,Asia/Manila
6010,Cuyo Airport,Cuyo,Philippines,CYU,RPLO,10.858099937438965,121.06900024414062,Asia/Manila
6011,Rajah Buayan Air Base,General Santos City,Philippines,,RPMB,6.10644006729,125.23500061,Asia/Manila
6012,Camiguin Airport,Camiguin,Philippines,CGM,RPMH,9.253520011901855,124.70700073242188,Asia/Manila
6013,Jolo Airport,Jolo,Philippines,JOL,RPMJ,6.0536699295043945,121.01100158691406,Asia/Manila
6014,Sanga Sanga Airport,Sanga Sanga,Philippines,TWT,RPMN,5.046991,119.742996,Asia/Manila
6016,Surigao Airport,Sangley Point,Philippines,SUG,RPMS,9.755838325629998,125.480947495,Asia/Manila
6017,Tandag Airport,Tandag,Philippines,TDG,RPMW,9.072110176086426,126.1709976196289,Asia/Manila
6018,Naga Airport,Naga,Philippines,WNP,RPUN,13.58489990234375,123.2699966430664,Asia/Manila
6019,Basco Airport,Basco,Philippines,BSO,RPUO,20.4513,121.980003,\N
6020,San Fernando Airport,San Fernando,Philippines,SFE,RPUS,16.595600128173828,120.3030014038086,Asia/Manila
6021,Tuguegarao Airport,Tuguegarao,Philippines,TUG,RPUT,17.6433676823,121.733150482,Asia/Manila
6022,Virac Airport,Virac,Philippines,VRC,RPUV,13.576399803161621,124.20600128173828,Asia/Manila
6023,Calbayog Airport,Calbayog City,Philippines,CYP,RPVC,12.072699546813965,124.54499816894531,Asia/Manila
6024,Catarman National Airport,Catarman,Philippines,CRM,RPVF,12.502400398254395,124.63600158691406,Asia/Manila
6025,Moises R. Espinosa Airport,Masbate,Philippines,MBT,RPVJ,12.369682,123.630095,Asia/Manila
6026,Roxas Airport,Roxas City,Philippines,RXS,RPVR,11.597700119018555,122.75199890136719,Asia/Manila
6027,General Enrique Mosconi Airport,Tartagal,Argentina,TTG,SAST,-22.619600296,-63.7937011719,America/Argentina/Salta
6028,Las Heras Airport,Las Heras,Argentina,LHS,SAVH,-46.53829956049999,-68.9653015137,America/Argentina/Rio_Gallegos
6029,Antoine de Saint Exupéry Airport,San Antonio Oeste,Argentina,OES,SAVN,-40.7512,-65.0343,America/Argentina/Salta
6030,Lago Argentino Airport,El Calafate,Argentina,ING,SAWA,-50.336102,-72.248596,America/Argentina/Rio_Gallegos
6031,Gobernador Gregores Airport,Gobernador Gregores,Argentina,GGS,SAWR,-48.7831,-70.150002,America/Argentina/Rio_Gallegos
6032,Santa Teresita Airport,Santa Teresita,Argentina,SST,SAZL,-36.5423,-56.7218,America/Buenos_Aires
6033,Necochea Airport,Necochea,Argentina,NEC,SAZO,-38.4831,-58.8172,America/Buenos_Aires
6034,Orlando Bezerra de Menezes Airport,Juazeiro Do Norte,Brazil,JDO,SBJU,-7.21895980835,-39.270099639899996,America/Fortaleza
6036,Coronel Horácio de Mattos Airport,Lençóis,Brazil,LEC,SBLE,-12.4822998047,-41.2770004272,America/Fortaleza
6037,Macaé Airport,Macaé,Brazil,MEA,SBME,-22.343000412,-41.7659988403,America/Sao_Paulo
6038,Frank Miloye Milenkowichi–Marília State Airport,Marília,Brazil,MII,SBML,-22.1968994141,-49.926399231,America/Sao_Paulo
6039,Vitória da Conquista Airport,Vitória Da Conquista,Brazil,VDC,SBQV,-14.8627996445,-40.8630981445,America/Fortaleza
6040,Santa Maria Airport,Santa Maria,Brazil,RIA,SBSM,-29.711399,-53.688202,America/Sao_Paulo
6041,Toledo Airport,Toledo,Brazil,TOW,SBTD,-24.6863,-53.697498,America/Sao_Paulo
6042,Ricardo García Posada Airport,El Salvador,Chile,ESR,SCES,-26.311100006103516,-69.76519775390625,America/Santiago
6043,Pucón Airport,Pucon,Chile,ZPC,SCPC,-39.29280090332031,-71.91590118408203,America/Santiago
6044,Sorocaba Airport,Sorocaba,Brazil,SOD,SDCO,-23.478001,-47.490002,America/Sao_Paulo
6045,San Cristóbal Airport,San Cristóbal,Ecuador,SCY,SEST,-0.910206,-89.617401,Pacific/Galapagos
6046,Camilo Ponce Enriquez Airport,La Toma (Catamayo),Ecuador,LOH,SETM,-3.99589,-79.371902,America/Guayaquil
6047,General Rivadeneira Airport,Esmeraldas,Ecuador,ESM,SETN,0.9785190224647522,-79.62660217285156,America/Guayaquil
6048,Port Stanley Airport,Stanley,Falkland Islands,PSY,SFAL,-51.685699462891,-57.777599334717,Atlantic/Stanley
6049,Santa Ana Airport,Cartago,Colombia,CRC,SKGO,4.75818,-75.9557,America/Bogota
6050,La Jagua Airport,Garzón,Colombia,,SKGZ,2.1464,-75.6944,America/Bogota
6051,Caucaya Airport,Puerto Leguízamo,Colombia,LQM,SKLG,-0.182278,-74.7708,America/Bogota
6052,La Pedrera Airport,La Pedrera,Colombia,LPD,SKLP,-1.32861,-69.5797,America/Bogota
6053,Reyes Murillo Airport,Nuquí,Colombia,NQU,SKNQ,5.6964,-77.2806,America/Bogota
6054,Obando Airport,Puerto Inírida,Colombia,PDA,SKPD,3.85353,-67.9062,America/Bogota
6055,El Yopal Airport,Yopal,Colombia,EYP,SKYP,5.31911,-72.384,America/Bogota
6056,Capitán de Av. Emilio Beltrán Airport,Guayaramerín,Bolivia,GYA,SLGY,-10.820599556,-65.3455963135,America/La_Paz
6057,Puerto Rico Airport,Puerto Rico/Manuripi,Bolivia,PUR,SLPR,-11.107663,-67.551155,America/La_Paz
6058,Capitán Av. Selin Zeitun Lopez Airport,Riberalta,Bolivia,RIB,SLRI,-11,-66,America/La_Paz
6059,Reyes Airport,Reyes,Bolivia,REY,SLRY,-14.3044,-67.353401,America/La_Paz
6060,Capitán Av. German Quiroga G. Airport,San Borja,Bolivia,SRJ,SLSB,-14.859199523925781,-66.73750305175781,America/La_Paz
6061,Zorg en Hoop Airport,Paramaribo,Suriname,ORG,SMZO,5.81108,-55.190701,America/Paramaribo
6062,Mucuri Airport,Mucuri,Brazil,MVS,SNMU,-18.048900604248047,-39.864200592041016,America/Fortaleza
6065,Caballococha Airport,Caballococha,Peru,,SPBC,-3.91686010361,-70.5082015991,America/Lima
6066,Mayor General FAP Armando Revoredo Iglesias Airport,Cajamarca,Peru,CJA,SPJR,-7.1391801834106445,-78.4894027709961,America/Lima
6067,Alferez Fap David Figueroa Fernandini Airport,Huánuco,Peru,HUU,SPNC,-9.878809928894043,-76.20480346679688,America/Lima
6068,Maria Reiche Neuman Airport,Nazca,Peru,NZC,SPZA,-14.854000091600001,-74.9615020752,America/Lima
6069,Santa Rosa Airport,Santa Rosa,Brazil,SRA,SSZR,-27.9067,-54.520401,America/Sao_Paulo
6070,El Jagüel / Punta del Este Airport,Maldonado,Uruguay,,SUPE,-34.9169998169,-54.916999816899995,America/Montevideo
6071,Escuela Mariscal Sucre Airport,Maracay,Venezuela,MYC,SVBS,10.249978065490723,-67.64942169189453,America/Caracas
6072,Juan Pablo Pérez Alfonso Airport,El Vigía,Venezuela,VIG,SVVG,8.624139,-71.672668,America/Caracas
6073,Ji-Paraná Airport,Ji-Paraná,Brazil,JPR,SWJI,-10.870800018299999,-61.8465003967,America/Boa_Vista
6074,Codrington Airport,Codrington,Antigua and Barbuda,BBQ,TAPH,17.635799,-61.828602,America/Antigua
6075,La Désirade Airport,Grande Anse,Guadeloupe,DSD,TFFA,16.296902,-61.0844,America/Guadeloupe
6076,Baillif Airport,Basse Terre,Guadeloupe,BBR,TFFB,16.0132999420166,-61.7421989440918,America/Guadeloupe
6077,St-François Airport,St-François,Guadeloupe,SFC,TFFC,16.25779914855957,-61.26250076293945,America/Guadeloupe
6078,Les Bases Airport,Grand Bourg,Guadeloupe,GBJ,TFFM,15.86870002746582,-61.27000045776367,America/Guadeloupe
6079,Vance W. Amory International Airport,Charlestown,Saint Kitts and Nevis,NEV,TKPN,17.205699920654297,-62.589900970458984,America/St_Kitts
6080,Virgin Gorda Airport,Spanish Town,British Virgin Islands,VIJ,TUPW,18.446399688720703,-64.42749786376953,America/Tortola
6081,J F Mitchell Airport,Bequia,Saint Vincent and the Grenadines,BQU,TVSB,12.9884004593,-61.2620010376,America/St_Vincent
6082,Union Island International Airport,Union Island,Saint Vincent and the Grenadines,UNI,TVSU,12.60013484954834,-61.41194534301758,America/St_Vincent
6083,Kokshetau Airport,Kokshetau,Kazakhstan,KOV,UACK,53.329102,69.594597,Asia/Qyzylorda
6084,Petropavlosk South Airport,Petropavlosk,Kazakhstan,PPK,UACP,54.77470016479492,69.18389892578125,Asia/Qyzylorda
6085,Zhezkazgan Airport,Zhezkazgan,Kazakhstan,DZN,UAKD,47.708302,67.733299,Asia/Qyzylorda
6086,Ust-Kamennogorsk Airport,Ust Kamenogorsk,Kazakhstan,UKK,UASK,50.036598205566406,82.49420166015625,Asia/Qyzylorda
6088,Kostanay West Airport,Kostanay,Kazakhstan,KSN,UAUU,53.20690155029297,63.55030059814453,Asia/Qyzylorda
6089,Ganja Airport,Ganja,Azerbaijan,KVD,UBBG,40.737701416015625,46.31760025024414,Asia/Baku
6090,Nakhchivan Airport,Nakhchivan,Azerbaijan,NAJ,UBBN,39.18880081176758,45.45840072631836,Asia/Baku
6091,Chulman Airport,Neryungri,Russia,NER,UELL,56.913898468018,124.91400146484,Asia/Yakutsk
6092,Polyarny Airport,Yakutia,Russia,PYJ,UERP,66.4003982544,112.029998779,Asia/Yakutsk
6093,Chokurdakh Airport,Chokurdah,Russia,CKH,UESO,70.62310028076172,147.90199279785156,Asia/Srednekolymsk
6094,Cherskiy Airport,Cherskiy,Russia,CYX,UESS,68.7406005859375,161.33799743652344,Asia/Srednekolymsk
6095,Tiksi Airport,Tiksi,Russia,IKS,UEST,71.697700500488,128.90299987793,Asia/Yakutsk
6097,Komsomolsk-on-Amur Airport,Komsomolsk-on-Amur,Russia,KXK,UHKK,50.409000396728516,136.9340057373047,Asia/Vladivostok
6098,Ugolny Airport,Anadyr,Russia,DYR,UHMA,64.734902,177.740997,Asia/Anadyr
6099,Okhotsk Airport,Okhotsk,Russia,OHO,UHOO,59.410064697265625,143.05650329589844,Asia/Vladivostok
6100,Ujae Atoll Airport,Ujae Atoll,Marshall Islands,UJE,UJAP,8.92805957794,165.761993408,Pacific/Majuro
6101,Mariupol International Airport,Mariupol International,Ukraine,MPW,UKCM,47.07609939575195,37.44960021972656,Europe/Kiev
6102,Luhansk International Airport,Lugansk,Ukraine,VSG,UKCW,48.4174003601,39.3740997314,Europe/Kiev
6103,Zaporizhzhia International Airport,Zaporozhye,Ukraine,OZH,UKDE,47.867000579833984,35.31570053100586,Europe/Kiev
6104,Kryvyi Rih International Airport,Krivoy Rog,Ukraine,KWG,UKDR,48.04330062866211,33.209999084472656,Europe/Kiev
6105,Kharkiv International Airport,Kharkov,Ukraine,HRK,UKHH,49.924800872802734,36.290000915527344,Europe/Kiev
6106,Ivano-Frankivsk International Airport,Ivano-Frankivsk,Ukraine,IFO,UKLI,48.88420104980469,24.686100006103516,Europe/Kiev
6107,Chernivtsi International Airport,Chernovtsk,Ukraine,CWC,UKLN,48.259300231933594,25.98080062866211,Europe/Kiev
6108,Rivne International Airport,Rivne,Ukraine,RWN,UKLR,50.60710144042969,26.141599655151367,Europe/Kiev
6109,Uzhhorod International Airport,Uzhgorod,Ukraine,UDJ,UKLU,48.634300231933594,22.263399124145508,Europe/Kiev
6110,Solovki Airport,Solovetsky Islands,Russia,CSH,ULAS,65.0299987793,35.7333335876,Europe/Moscow
6111,Cherepovets Airport,Cherepovets,Russia,CEE,ULBC,59.273601532,38.015800476100004,Europe/Moscow
6112,Amderma Airport,Amderma,Russia,AMV,ULDD,69.76329803466797,61.556400299072266,Europe/Moscow
6113,Kotlas Airport,Kotlas,Russia,KSZ,ULKK,61.235801696777344,46.6974983215332,Europe/Moscow
6114,Petrozavodsk Airport,Petrozavodsk,Russia,PES,ULPB,61.88520050048828,34.154701232910156,Europe/Moscow
6115,Hrodna Airport,Hrodna,Belarus,GNA,UMMG,53.60200119018555,24.053800582885742,Europe/Minsk
6116,Mogilev Airport,Mogilev,Belarus,MVQ,UMOO,53.954898834228516,30.09510040283203,Europe/Minsk
6117,Yeniseysk Airport,Yeniseysk,Russia,EIE,UNII,58.47420120239258,92.11250305175781,Asia/Krasnoyarsk
6118,Kyzyl Airport,Kyzyl,Russia,KYZ,UNKY,51.66939926147461,94.40059661865234,Asia/Krasnoyarsk
6119,Spichenkovo Airport,Novokuznetsk,Russia,NOZ,UNWW,53.811401,86.877197,Asia/Krasnoyarsk
6120,Khatanga Airport,Khatanga,Russia,HTG,UOHH,71.97810363769531,102.49099731445312,Asia/Krasnoyarsk
6121,Igarka Airport,Igarka,Russia,IAA,UOII,67.43720245361328,86.62190246582031,Asia/Krasnoyarsk
6122,Khankala Air Base,Grozny,Russia,,URMG,43.298099517822266,45.78409957885742,Europe/Moscow
6123,Nalchik Airport,Nalchik,Russia,NAL,URMN,43.512901306152344,43.636600494384766,Europe/Moscow
6124,Beslan Airport,Beslan,Russia,OGZ,URMO,43.2051010132,44.6066017151,Europe/Moscow
6125,Elista Airport,Elista,Russia,ESL,URWI,46.3739013671875,44.33089828491211,Europe/Moscow
6126,Aleknagik / New Airport,Aleknagik,United States,WKK,5A8,59.2826004028,-158.617996216,America/Anchorage
6128,Mercer County Airport,Bluefield,United States,BLF,KBLF,37.295799255371094,-81.20770263671875,America/New_York
6130,Mid Delta Regional Airport,Greenville,United States,GLH,KGLH,33.4828987121582,-90.98560333251953,America/Chicago
6133,Tri Cities Airport,Pasco,United States,PSC,KPSC,46.26470184326172,-119.11900329589844,America/Los_Angeles
6134,Akutan Seaplane Base,Akutan,United States,KQA,KQA,54.1337704415,-165.778895617,America/Anchorage
6136,Lopez Island Airport,Lopez,United States,LPS,S31,48.4838981628418,-122.93800354003906,America/Los_Angeles
6137,Salekhard Airport,Salekhard,Russia,SLY,USDD,66.5907974243164,66.61100006103516,Asia/Yekaterinburg
6138,Khanty Mansiysk Airport,Khanty-Mansiysk,Russia,HMA,USHH,61.028499603271484,69.08609771728516,Asia/Yekaterinburg
6139,Nyagan Airport,Nyagan,Russia,NYA,USHN,62.110001,65.614998,Asia/Yekaterinburg
6140,Sovetskiy Airport,Sovetskiy,Russia,OVS,USHS,61.326622009277344,63.60191345214844,Asia/Yekaterinburg
6141,Izhevsk Airport,Izhevsk,Russia,IJK,USII,56.82809829711914,53.45750045776367,Europe/Samara
6142,Pobedilovo Airport,Kirov,Russia,KVX,USKK,58.503299713135,49.348300933838,Europe/Moscow
6143,Nadym Airport,Nadym,Russia,NYM,USMM,65.48090362548828,72.69889831542969,Asia/Yekaterinburg
6144,Raduzhny Airport,Raduzhnyi,Russia,RAT,USNR,62.1585998535,77.32890319820001,Asia/Yekaterinburg
6145,Nefteyugansk Airport,Nefteyugansk,Russia,NFG,USRN,61.108299255371094,72.6500015258789,Asia/Yekaterinburg
6146,Kurgan Airport,Kurgan,Russia,KRO,USUU,55.47529983520508,65.41560363769531,Asia/Yekaterinburg
6147,Khudzhand Airport,Khudzhand,Tajikistan,LBD,UTDL,40.21540069580078,69.6947021484375,Asia/Dushanbe
6148,Andizhan Airport,Andizhan,Uzbekistan,AZN,UTKA,40.7276992798,72.2939987183,Asia/Samarkand
6149,Fergana International Airport,Fergana,Uzbekistan,FEG,UTKF,40.358798980699994,71.7450027466,Asia/Samarkand
6150,Namangan Airport,Namangan,Uzbekistan,NMA,UTKN,40.9846000671,71.5567016602,Asia/Samarkand
6151,Nukus Airport,Nukus,Uzbekistan,NCU,UTNN,42.488399505615234,59.62329864501953,Asia/Samarkand
6152,Urgench Airport,Urgench,Uzbekistan,UGC,UTNU,41.58430099487305,60.641700744628906,Asia/Samarkand
6153,Karshi Khanabad Airport,Khanabad,Uzbekistan,KSQ,UTSL,38.8335990906,65.9215011597,Asia/Samarkand
6154,Termez Airport,Termez,Uzbekistan,TMJ,UTST,37.28670120239258,67.30999755859375,Asia/Samarkand
6155,Staroselye Airport,Rybinsk,Russia,RYB,UUBK,58.10419845581055,38.92940139770508,Europe/Moscow
6156,Belgorod International Airport,Belgorod,Russia,EGO,UUOB,50.643798828125,36.5900993347168,Europe/Moscow
6157,Kursk East Airport,Kursk,Russia,URS,UUOK,51.7505989074707,36.29560089111328,Europe/Moscow
6158,Lipetsk Airport,Lipetsk,Russia,LPK,UUOL,52.70280075073242,39.53779983520508,Europe/Moscow
6159,Vorkuta Airport,Vorkuta,Russia,VKT,UUYW,67.48860168457031,63.993099212646484,Europe/Moscow
6160,Bugulma Airport,Bugulma,Russia,UUA,UWKB,54.63999938964844,52.801700592041016,Europe/Moscow
6161,Yoshkar-Ola Airport,Yoshkar-Ola,Russia,JOK,UWKJ,56.700599670410156,47.904701232910156,Europe/Moscow
6162,Cheboksary Airport,Cheboksary,Russia,CSY,UWKS,56.090301513671875,47.3473014831543,Europe/Moscow
6163,Ulyanovsk East Airport,Ulyanovsk,Russia,ULY,UWLW,54.4010009765625,48.80270004272461,Europe/Samara
6164,Orsk Airport,Orsk,Russia,OSW,UWOR,51.0724983215332,58.59560012817383,Asia/Yekaterinburg
6165,Penza Airport,Penza,Russia,PEZ,UWPP,53.110599517822266,45.02109909057617,Europe/Moscow
6166,Saransk Airport,Saransk,Russia,SKX,UWPS,54.12512969970703,45.212257385253906,Europe/Moscow
6167,Balakovo Airport,Balakovo,Russia,BWO,UWSB,51.8582992554,47.7456016541,Europe/Moscow
6168,Hubli Airport,Hubli,India,HBX,VAHB,15.361700058,75.08489990230001,Asia/Calcutta
6169,Koggala Airport,Koggala,Sri Lanka,KCT,VCCK,5.993680000305176,80.32029724121094,Asia/Colombo
6170,Weerawila Airport,Wirawila,Sri Lanka,WRZ,VCCW,6.25448989868,81.23519897460001,Asia/Colombo
6171,Battambang Airport,Battambang,Cambodia,BBM,VDBG,13.095600128173828,103.2239990234375,Asia/Phnom_Penh
6172,Shillong Airport,Shillong,India,SHL,VEBI,25.70359992980957,91.97869873046875,Asia/Calcutta
6173,Lokpriya Gopinath Bordoloi International Airport,Guwahati,India,GAU,VEGT,26.10610008239746,91.58589935302734,Asia/Calcutta
6174,Dimapur Airport,Dimapur,India,DMU,VEMR,25.883899688699998,93.77110290530001,Asia/Calcutta
6175,Tezpur Airport,Tezpur,India,TEZ,VETZ,26.7091007232666,92.78469848632812,Asia/Calcutta
6176,Barisal Airport,Barisal,Bangladesh,BZL,VGBR,22.801000595092773,90.30120086669922,Asia/Dhaka
6177,Ban Huoeisay Airport,Huay Xai,Laos,HOE,VLHS,20.2572994232,100.43699646,Asia/Vientiane
6179,Bharatpur Airport,Bharatpur,Nepal,BHR,VNBP,27.678101,84.429398,Asia/Katmandu
6180,Bhadrapur Airport,Chandragarhi,Nepal,BDP,VNCG,26.5708007812,88.07959747310001,Asia/Katmandu
6181,Meghauli Airport,Meghauli,Nepal,MEY,VNMG,27.5774,84.22875,Asia/Katmandu
6182,Nepalgunj Airport,Nepalgunj,Nepal,KEP,VNNG,28.103599548339844,81.66699981689453,Asia/Katmandu
6183,Gan International Airport,Gan Island,Maldives,GAN,VRMG,-0.693342,73.155602,Indian/Maldives
6184,Hanimaadhoo Airport,Haa Dhaalu Atoll,Maldives,HAQ,VRMH,6.744229793548584,73.17050170898438,Indian/Maldives
6185,Kadhdhoo Airport,Laamu Atoll,Maldives,KDO,VRMK,1.8591699600219727,73.52189636230469,Indian/Maldives
6186,Mae Sot Airport,Tak,Thailand,MAQ,VTPM,16.699899673461914,98.54509735107422,Asia/Bangkok
6187,Buon Ma Thuot Airport,Buonmethuot,Vietnam,BMV,VVBM,12.668299675,108.120002747,Asia/Saigon
6188,Cat Bi International Airport,Haiphong,Vietnam,HPH,VVCI,20.819400787353516,106.7249984741211,Asia/Saigon
6189,Cam Ranh Airport,Nha Trang,Vietnam,CXR,VVCR,11.998200416564941,109.21900177001953,Asia/Saigon
6190,Co Ong Airport,Conson,Vietnam,VCS,VVCS,8.73183,106.633003,Asia/Saigon
6191,Can Tho International Airport,Can Tho,Vietnam,VCA,VVCT,10.085100174,105.711997986,Asia/Saigon
6192,Dien Bien Phu Airport,Dienbienphu,Vietnam,DIN,VVDB,21.3974990845,103.008003235,Asia/Saigon
6193,Phu Cat Airport,Phucat,Vietnam,UIH,VVPC,13.955,109.042,Asia/Saigon
6194,Pleiku Airport,Pleiku,Vietnam,PXU,VVPK,14.004500389099121,108.01699829101562,Asia/Saigon
6195,Vinh Airport,Vinh,Vietnam,VII,VVVH,18.7376003265,105.67099762,Asia/Saigon
6196,Banmaw Airport,Banmaw,Burma,BMO,VYBM,24.268999099731445,97.24620056152344,Asia/Rangoon
6197,Dawei Airport,Dawei,Burma,TVY,VYDW,14.103899955749512,98.20359802246094,Asia/Rangoon
6198,Kawthoung Airport,Kawthoung,Burma,KAW,VYKT,10.049300193786621,98.53800201416016,Asia/Rangoon
6199,Loikaw Airport,Loikaw,Burma,LIW,VYLK,19.691499710083008,97.21479797363281,Asia/Rangoon
6200,Mawlamyine Airport,Mawlamyine,Burma,MNU,VYMM,16.444700241088867,97.66069793701172,Asia/Rangoon
6201,Pathein Airport,Pathein,Burma,BSX,VYPN,16.815201,94.7799,Asia/Rangoon
6202,Pakhokku Airport,Pakhokku,Burma,PKK,VYPU,21.4043,95.11125,Asia/Rangoon
6203,Sumbawa Besar Airport,Sumbawa Island,Indonesia,SWQ,WADS,-8.48904037475586,117.41200256347656,Asia/Makassar
6204,Tambolaka Airport,Waikabubak-Sumba Island,Indonesia,TMC,WADT,-9.40972,119.244003,Asia/Makassar
6205,Bokondini Airport,Bokondini-Papua Island,Indonesia,BUI,WAJB,-3.6822,138.6755,Asia/Jayapura
6206,Senggeh Airport,Senggeh-Papua Island,Indonesia,SEH,WAJS,-3.45,140.779,Asia/Jayapura
6207,Tanjung Harapan Airport,Tanjung Selor-Borneo Island,Indonesia,TJS,WALG,2.83583333333,117.373611111,Asia/Makassar
6208,Datadawai Airport,Datadawai-Borneo Island,Indonesia,DTD,WALJ,0.8106,114.5306,Asia/Makassar
6209,Kalimarau Airport,Tanjung Redep-Borneo Island,Indonesia,BEJ,WALK,2.1555,117.431999,Asia/Makassar
6210,Warukin Airport,Tanjung-Borneo Island,Indonesia,TJG,WAON,-2.21655988693,115.435997009,Asia/Makassar
6211,Sampit(Hasan) Airport,Sampit-Borneo Island,Indonesia,SMQ,WAOS,-2.49919009209,112.974998474,Asia/Jakarta
6212,Dumatumbun Airport,Langgur-Kei Islands,Indonesia,LUV,WAPL,-5.661620140075684,132.7310028076172,Asia/Jayapura
6213,Mali Airport,Alor Island,Indonesia,ARD,WATM,-8.132340431213379,124.59700012207031,Asia/Makassar
6214,Belaga Airport,Belaga,Malaysia,BLG,WBGC,2.65000009537,113.766998291,Asia/Kuala_Lumpur
6215,Long Lellang Airport,Long Datih,Malaysia,LGL,WBGF,3.4210000038099997,115.153999329,Asia/Kuala_Lumpur
6216,Long Seridan Airport,Long Seridan,Malaysia,ODN,WBGI,3.9670000076293945,115.05000305175781,Asia/Kuala_Lumpur
6217,Mukah Airport,Mukah,Malaysia,MKM,WBGK,2.90639,112.080002,Asia/Kuala_Lumpur
6218,Bakalalan Airport,Bakalalan,Malaysia,BKM,WBGQ,3.9739999771118164,115.61799621582031,Asia/Kuala_Lumpur
6219,Lawas Airport,Lawas,Malaysia,LWY,WBGW,4.84917,115.407997,Asia/Kuala_Lumpur
6220,Bario Airport,Bario,Malaysia,BBN,WBGZ,3.7338900566101074,115.47899627685547,Asia/Kuala_Lumpur
6221,Tomanggong Airport,Tomanggong,Malaysia,TMG,WBKM,5.40257,118.65763,Asia/Kuala_Lumpur
6222,Kudat Airport,Kudat,Malaysia,KUD,WBKT,6.922500133514404,116.83599853515625,Asia/Kuala_Lumpur
6223,Radin Inten II (Branti) Airport,Bandar Lampung-Sumatra Island,Indonesia,TKG,WIAT,-5.240556,105.175556,Asia/Jakarta
6224,Halim Perdanakusuma International Airport,Jakarta,Indonesia,HLP,WIHH,-6.266610145568848,106.89099884033203,Asia/Jakarta
6225,Ranai Airport,Ranai-Natuna Besar Island,Indonesia,NTX,WION,3.90871,108.388,Asia/Jakarta
6226,Pangsuma Airport,Putussibau-Borneo Island,Indonesia,PSU,WIOP,0.8355780243873596,112.93699645996094,Asia/Jakarta
6227,Sintang(Susilo) Airport,Sintang-Borneo Island,Indonesia,SQG,WIOS,0.06361900269985199,111.4729995727539,Asia/Jakarta
6228,Pendopo Airport,Talang Gudang-Sumatra Island,Indonesia,PDO,WIPQ,-3.2860701084136963,103.87999725341797,Asia/Jakarta
6229,Malikus Saleh Airport,Lhok Seumawe-Sumatra Island,Indonesia,LSW,WITM,5.226679801940918,96.95030212402344,Asia/Jakarta
6230,Pulau Pangkor Airport,Pangkor Island,Malaysia,PKG,WMPA,4.244719982147217,100.5530014038086,Asia/Kuala_Lumpur
6232,Long Bawan Airport,Long Bawan-Borneo Island,Indonesia,LBW,WRLB,3.9028,115.6921,Asia/Makassar
6233,Nunukan Airport,Nunukan-Nunukan Island,Indonesia,NNX,WRLF,4.13333333333,117.666666667,Asia/Makassar
6234,Long Apung Airport,Long Apung-Borneo Island,Indonesia,LPU,WRLP,1.704486,114.970297,Asia/Makassar
6235,Albany Airport,Albany,Australia,ALH,YABA,-34.94329833984375,117.80899810791016,Australia/Perth
6236,Argyle Airport,Argyle,Australia,GYL,YARG,-16.6369,128.451004,Australia/Perth
6237,Aurukun Airport,Aurukun,Australia,AUU,YAUR,-13.354067,141.72065,Australia/Brisbane
6238,Barcaldine Airport,Barcaldine,Australia,BCI,YBAR,-23.5652999878,145.307006836,Australia/Brisbane
6239,Badu Island Airport,Badu Island,Australia,BDD,YBAU,-10.149999618499999,142.1734,Australia/Brisbane
6240,Birdsville Airport,Birdsville,Australia,BVI,YBDV,-25.897499084472656,139.34800720214844,Australia/Brisbane
6241,Broken Hill Airport,Broken Hill,Australia,BHQ,YBHI,-32.0013999939,141.472000122,Australia/Adelaide
6242,Hamilton Island Airport,Hamilton Island,Australia,HTI,YBHM,-20.3581008911,148.95199585,Australia/Brisbane
6243,Bedourie Airport,Bedourie,Australia,BEU,YBIE,-24.346099853515625,139.4600067138672,Australia/Brisbane
6244,Bourke Airport,Bourke,Australia,BRK,YBKE,-30.039199829101562,145.95199584960938,Australia/Sydney
6245,Burketown Airport,Burketown,Australia,BUC,YBKT,-17.748600006103516,139.53399658203125,Australia/Brisbane
6246,Boigu Airport,Boigu,Australia,GIC,YBOI,-9.23278045654,142.218002319,Australia/Brisbane
6247,Oakey Airport,Oakey,Australia,OKY,YBOK,-27.411399841308594,151.73500061035156,Australia/Brisbane
6248,Boulia Airport,Boulia,Australia,BQL,YBOU,-22.913299560546875,139.89999389648438,Australia/Brisbane
6249,Bathurst Airport,Bathurst,Australia,BHS,YBTH,-33.4094009399,149.651992798,Australia/Sydney
6250,Blackwater Airport,Blackwater,Australia,BLT,YBTR,-23.603099822998047,148.8070068359375,Australia/Brisbane
6251,Carnarvon Airport,Carnarvon,Australia,CVQ,YCAR,-24.880211,113.67174,Australia/Perth
6252,Cobar Airport,Cobar,Australia,CAZ,YCBA,-31.538299560546875,145.79400634765625,Australia/Sydney
6253,Coober Pedy Airport,Coober Pedy,Australia,CPD,YCBP,-29.040000915527344,134.7209930419922,Australia/Adelaide
6254,Coconut Island Airport,Coconut Island,Australia,CNC,YCCT,-10.050000190734863,143.07000732421875,Australia/Brisbane
6255,Cloncurry Airport,Cloncurry,Australia,CNJ,YCCY,-20.668600082399998,140.503997803,Australia/Brisbane
6256,Ceduna Airport,Ceduna,Australia,CED,YCDU,-32.13059997558594,133.7100067138672,Australia/Adelaide
6257,Cooktown Airport,Cooktown,Australia,CTN,YCKN,-15.444700241088867,145.1840057373047,Australia/Brisbane
6258,Cunnamulla Airport,Cunnamulla,Australia,CMA,YCMU,-28.030000686645508,145.6219940185547,Australia/Brisbane
6259,Coonamble Airport,Coonamble,Australia,CNB,YCNM,-30.983299255371094,148.37600708007812,Australia/Sydney
6260,Coen Airport,Coen,Australia,CUQ,YCOE,-13.761133,143.113311,Australia/Brisbane
6261,Cooma Snowy Mountains Airport,Cooma,Australia,OOM,YCOM,-36.3005981445,148.973999023,Australia/Sydney
6262,Doomadgee Airport,Doomadgee,Australia,DMD,YDMG,-17.9403,138.822006,Australia/Brisbane
6263,Darnley Island Airport,Darnley Island,Australia,NLF,YDNI,-9.583330154418945,143.76699829101562,Australia/Brisbane
6264,Devonport Airport,Devonport,Australia,DPO,YDPO,-41.1697006226,146.429992676,Australia/Melbourne
6265,Elcho Island Airport,Elcho Island,Australia,ELC,YELD,-12.019399642899998,135.570999146,Australia/Darwin
6266,Esperance Airport,Esperance,Australia,EPR,YESP,-33.684399,121.822998,Australia/Perth
6267,Flinders Island Airport,Flinders Island,Australia,FLS,YFLI,-40.0917015076,147.992996216,Australia/Melbourne
6268,Geraldton Airport,Geraldton,Australia,GET,YGEL,-28.796101,114.707001,Australia/Perth
6269,Gladstone Airport,Gladstone,Australia,GLT,YGLA,-23.869699,151.223007,Australia/Brisbane
6270,Groote Eylandt Airport,Groote Eylandt,Australia,GTE,YGTE,-13.975000381500001,136.460006714,Australia/Darwin
6271,Griffith Airport,Griffith,Australia,GFF,YGTH,-34.2508010864,146.067001343,Australia/Sydney
6272,Horn Island Airport,Horn Island,Australia,HID,YHID,-10.586400032,142.289993286,Australia/Brisbane
6273,Hooker Creek Airport,Hooker Creek,Australia,HOK,YHOO,-18.3367004395,130.638000488,Australia/Darwin
6274,Mount Hotham Airport,Mount Hotham,Australia,MHU,YHOT,-37.0475006104,147.333999634,Australia/Hobart
6275,Hughenden Airport,Hughenden,Australia,HGD,YHUG,-20.815000534057617,144.22500610351562,Australia/Brisbane
6276,Julia Creek Airport,Julia Creek,Australia,JCK,YJLC,-20.66830062866211,141.72300720214844,Australia/Brisbane
6277,Kalbarri Airport,Kalbarri,Australia,KAX,YKBR,-27.692813,114.259169,Australia/Perth
6278,King Island Airport,King Island,Australia,KNS,YKII,-39.877498626708984,143.8780059814453,Australia/Melbourne
6279,Kalkgurung Airport,Kalkgurung,Australia,KFG,YKKG,-17.431900024414062,130.80799865722656,Australia/Darwin
6280,Karumba Airport,Karumba,Australia,KRB,YKMB,-17.45669937133789,140.8300018310547,Australia/Brisbane
6281,Kowanyama Airport,Kowanyama,Australia,KWM,YKOW,-15.485600471496582,141.75100708007812,Australia/Brisbane
6282,Kubin Airport,Kubin,Australia,KUG,YKUB,-10.225000381500001,142.218002319,Australia/Brisbane
6283,Leonora Airport,Leonora,Australia,LNO,YLEO,-28.87809944152832,121.31500244140625,Australia/Perth
6284,Lake Evella Airport,Lake Evella,Australia,LEL,YLEV,-12.498900413513184,135.80599975585938,Australia/Darwin
6285,Lord Howe Island Airport,Lord Howe Island,Australia,LDH,YLHI,-31.5382995605,159.07699585,Australia/Lord_Howe
6286,Lockhart River Airport,Lockhart River,Australia,IRG,YLHR,-12.7869,143.304993,Australia/Brisbane
6287,Lismore Airport,Lismore,Australia,LSY,YLIS,-28.8302993774,153.259994507,Australia/Sydney
6288,Lightning Ridge Airport,Lightning Ridge,Australia,LHG,YLRD,-29.45669937133789,147.98399353027344,Australia/Sydney
6289,Longreach Airport,Longreach,Australia,LRE,YLRE,-23.4342002869,144.279998779,Australia/Brisbane
6290,Leinster Airport,Leinster,Australia,LER,YLST,-27.843299865722656,120.7030029296875,Australia/Perth
6291,Laverton Airport,Laverton,Australia,LVO,YLTN,-28.61359977722168,122.42400360107422,Australia/Perth
6292,Mabuiag Island Airport,Mabuiag Island,Australia,UBB,YMAA,-9.949999809265137,142.18299865722656,Australia/Brisbane
6293,Meekatharra Airport,Meekatharra,Australia,MKR,YMEK,-26.6117000579834,118.5479965209961,Australia/Perth
6294,Merimbula Airport,Merimbula,Australia,MIM,YMER,-36.9085998535,149.901000977,Australia/Sydney
6295,Milingimbi Airport,Milingimbi,Australia,MGT,YMGB,-12.0944004059,134.893997192,Australia/Darwin
6296,Maningrida Airport,Maningrida,Australia,MNG,YMGD,-12.0560998917,134.23399353,Australia/Darwin
6297,McArthur River Mine Airport,McArthur River Mine,Australia,MCV,YMHU,-16.4424991608,136.083999634,Australia/Darwin
6298,Mildura Airport,Mildura,Australia,MQL,YMIA,-34.229198455799995,142.085998535,Australia/Hobart
6299,Mount Magnet Airport,Mount Magnet,Australia,MMG,YMOG,-28.116100311279297,117.84200286865234,Australia/Perth
6300,Moree Airport,Moree,Australia,MRZ,YMOR,-29.498899459799997,149.845001221,Australia/Sydney
6301,Moranbah Airport,Moranbah,Australia,MOV,YMRB,-22.057800293,148.07699585,Australia/Brisbane
6302,Moruya Airport,Moruya,Australia,MYA,YMRY,-35.8978004456,150.143997192,Australia/Sydney
6303,Mount Gambier Airport,Mount Gambier,Australia,MGB,YMTG,-37.745601654052734,140.78500366210938,Australia/Adelaide
6304,Mornington Island Airport,Mornington Island,Australia,ONG,YMTI,-16.662500381469727,139.17799377441406,Australia/Brisbane
6305,Murray Island Airport,Murray Island,Australia,MYI,YMUI,-9.91666984558,144.054992676,Australia/Brisbane
6306,Maryborough Airport,Maryborough,Australia,MBH,YMYB,-25.5133,152.714996,Australia/Brisbane
6307,Narrandera Airport,Narrandera,Australia,NRA,YNAR,-34.7022018433,146.511993408,Australia/Sydney
6308,Narrabri Airport,Narrabri,Australia,NAA,YNBR,-30.3192005157,149.82699585,Australia/Sydney
6309,Normanton Airport,Normanton,Australia,NTN,YNTN,-17.68409,141.069664,Australia/Brisbane
6310,Newman Airport,Newman,Australia,ZNE,YNWN,-23.417800903299998,119.803001404,Australia/Perth
6311,Olympic Dam Airport,Olympic Dam,Australia,OLP,YOLD,-30.485000610399997,136.876998901,Australia/Adelaide
6312,Port Augusta Airport,Argyle,Australia,PUG,YPAG,-32.506900787353516,137.7169952392578,Australia/Adelaide
6313,Palm Island Airport,Palm Island,Australia,PMK,YPAM,-18.755300521850586,146.58099365234375,Australia/Brisbane
6314,Paraburdoo Airport,Paraburdoo,Australia,PBO,YPBO,-23.1711006165,117.745002747,Australia/Perth
6315,Cocos (Keeling) Islands Airport,Cocos Keeling Island,Cocos (Keeling) Islands,CCK,YPCC,-12.1883001328,96.8339004517,Indian/Cocos
6316,Gove Airport,Gove,Australia,GOV,YPGV,-12.269399642899998,136.817993164,Australia/Darwin
6317,Parkes Airport,Parkes,Australia,PKE,YPKS,-33.131401062,148.238998413,Australia/Sydney
6318,Port Lincoln Airport,Port Lincoln,Australia,PLO,YPLC,-34.6053009033,135.880004883,Australia/Adelaide
6319,Pormpuraaw Airport,Pormpuraaw,Australia,EDR,YPMP,-14.896451,141.60908,Australia/Brisbane
6320,Port Macquarie Airport,Port Macquarie,Australia,PQQ,YPMQ,-31.4358005524,152.863006592,Australia/Sydney
6321,Portland Airport,Portland,Australia,PTJ,YPOD,-38.31809997558594,141.4709930419922,Australia/Hobart
6322,Quilpie Airport,Quilpie,Australia,ULP,YQLP,-26.612199783325195,144.2530059814453,Australia/Brisbane
6323,Ramingining Airport,Ramingining,Australia,RAM,YRNG,-12.356399536132812,134.8979949951172,Australia/Darwin
6324,Roma Airport,Roma,Australia,RMA,YROM,-26.545000076300003,148.774993896,Australia/Brisbane
6325,St George Airport,St George,Australia,SGO,YSGE,-28.049699783325195,148.59500122070312,Australia/Brisbane
6326,Shark Bay Airport,Shark Bay,Australia,MJK,YSHK,-25.8938999176,113.577003479,Australia/Perth
6327,Saibai Island Airport,Saibai Island,Australia,SBR,YSII,-9.378330230710002,142.625,Australia/Brisbane
6328,Strahan Airport,Strahan,Australia,SRN,YSRN,-42.154998779296875,145.29200744628906,Australia/Melbourne
6329,Thargomindah Airport,Thargomindah,Australia,XTG,YTGM,-27.986400604248047,143.81100463867188,Australia/Brisbane
6330,Tennant Creek Airport,Tennant Creek,Australia,TCA,YTNK,-19.6343994140625,134.18299865722656,Australia/Darwin
6331,Victoria River Downs Airport,Victoria River Downs,Australia,VCD,YVRD,-16.402124404907227,131.00497436523438,Australia/Darwin
6332,Warraber Island Airport,Sue Islet,Australia,SYU,YWBS,-10.20829963684082,142.8249969482422,Australia/Brisbane
6333,Windorah Airport,Windorah,Australia,WNR,YWDH,-25.41309928894043,142.66700744628906,Australia/Brisbane
6334,Whyalla Airport,Whyalla,Australia,WYA,YWHA,-33.05889892578125,137.51400756835938,Australia/Adelaide
6335,Wiluna Airport,Wiluna,Australia,WUN,YWLU,-26.629199981689453,120.22100067138672,Australia/Perth
6336,Wollongong Airport,Wollongong,Australia,WOL,YWOL,-34.561100006103516,150.78900146484375,Australia/Sydney
6337,Winton Airport,Winton,Australia,WIN,YWTN,-22.36359977722168,143.08599853515625,Australia/Brisbane
6338,Wynyard Airport,Burnie,Australia,BWT,YWYY,-40.9989013671875,145.7310028076172,Australia/Melbourne
6339,Yorke Island Airport,Yorke Island,Australia,OKR,YYKI,-9.752801,143.405673,Australia/Brisbane
6340,Yam Island Airport,Yam Island,Australia,XMY,YYMI,-9.90110969543457,142.7760009765625,Australia/Brisbane
6341,Beijing Nanyuan Airport,Beijing,China,NAY,ZBNY,39.782798767089844,116.38800048828125,Asia/Shanghai
6342,Chifeng Airport,Chifeng,China,CIF,ZBCF,42.23500061035156,118.90799713134766,Asia/Shanghai
6343,Changzhi Airport,Changzhi,China,CIH,ZBCZ,36.247501,113.125999,Asia/Shanghai
6344,Datong Airport,Datong,China,DAT,ZBDT,40.060299,113.482002,Asia/Shanghai
6345,Baita International Airport,Hohhot,China,HET,ZBHH,40.851398,111.823997,Asia/Shanghai
6346,Baotou Airport,Baotou,China,BAV,ZBOW,40.560001373291016,109.99700164794922,Asia/Shanghai
6347,Shijiazhuang Daguocun International Airport,Shijiazhuang,China,SJW,ZBSJ,38.28070068359375,114.6969985961914,Asia/Shanghai
6348,Tongliao Airport,Tongliao,China,TGO,ZBTL,43.556702,122.199997,Asia/Shanghai
6349,Ulanhot Airport,Ulanhot,China,HLH,ZBUL,46.195333,122.008333,Asia/Shanghai
6350,Xilinhot Airport,Xilinhot,China,XIL,ZBXH,43.91559982299805,115.96399688720703,Asia/Shanghai
6351,Beihai Airport,Beihai,China,BHY,ZGBH,21.5394,109.293999,Asia/Shanghai
6352,Changde Airport,Changde,China,CGD,ZGCD,28.9188995361,111.63999939,Asia/Shanghai
6353,Dayong Airport,Dayong,China,DYG,ZGDY,29.1028,110.443001,Asia/Shanghai
6354,Meixian Airport,Meixian,China,MXZ,ZGMX,24.350000381469727,116.13300323486328,Asia/Shanghai
6355,Zhuhai Jinwan Airport,Zhuhai,China,ZUH,ZGSD,22.006399,113.375999,Asia/Shanghai
6356,Liuzhou Bailian Airport,Liuzhou,China,LZH,ZGZH,24.2075,109.390999,Asia/Shanghai
6357,Zhanjiang Airport,Zhanjiang,China,ZHA,ZGZJ,21.214399,110.358002,Asia/Shanghai
6358,Enshi Airport,Enshi,China,ENH,ZHES,30.3202991486,109.48500061,Asia/Shanghai
6359,Nanyang Jiangying Airport,Nanyang,China,NNY,ZHNY,32.980801,112.614998,Asia/Shanghai
6360,Xiangyang Liuji Airport,Xiangfan,China,XFN,ZHXF,32.1506,112.291,Asia/Shanghai
6361,Yichang Sanxia Airport,Yichang,China,YIH,ZHYC,30.55655,111.479988,Asia/Shanghai
6362,Ankang Wulipu Airport,Ankang,China,AKA,ZLAK,32.708099,108.931,Asia/Shanghai
6363,Golmud Airport,Golmud,China,GOQ,ZLGM,36.4006,94.786102,Asia/Shanghai
6364,Hanzhong Chenggu Airport,Hanzhong,China,HZG,ZLHZ,33.134136,107.206014,Asia/Shanghai
6365,Qingyang Airport,Qingyang,China,IQN,ZLQY,35.799702,107.602997,Asia/Shanghai
6366,Xining Caojiabu Airport,Xining,China,XNN,ZLXN,36.5275,102.042999,Asia/Shanghai
6367,Yan'an Ershilipu Airport,Yan'an,China,ENY,ZLYA,36.636902,109.554001,Asia/Shanghai
6368,Yulin Yuyang Airport,Yulin,China,UYN,ZLYL,38.35971,109.590927,Asia/Shanghai
6369,Arvaikheer Airport,Arvaikheer,Mongolia,AVK,ZMAH,46.250301361083984,102.802001953125,Asia/Ulaanbaatar
6370,Altai Airport,Altai,Mongolia,LTI,ZMAT,46.376399993896484,96.22109985351562,Asia/Ulaanbaatar
6371,Bayankhongor Airport,Bayankhongor,Mongolia,BYN,ZMBH,46.163299560546875,100.7040023803711,Asia/Ulaanbaatar
6372,Dalanzadgad Airport,Dalanzadgad,Mongolia,DLZ,ZMDZ,43.59170150756836,104.43000030517578,Asia/Ulaanbaatar
6373,Khovd Airport,Khovd,Mongolia,HVD,ZMKD,47.9541015625,91.6281967163086,Asia/Hovd
6374,Mörön Airport,Muren,Mongolia,MXV,ZMMN,49.663299560546875,100.0989990234375,Asia/Ulaanbaatar
6375,Diqing Airport,Shangri-La,China,DIG,ZPDQ,27.7936,99.6772,Asia/Shanghai
6376,Mangshi Airport,Luxi,China,LUM,ZPLX,24.4011,98.5317,Asia/Shanghai
6377,Pu'er Simao Airport,Simao,China,SYM,ZPSM,22.793301,100.959,Asia/Shanghai
6378,Zhaotong Airport,Zhaotong,China,ZAT,ZPZT,27.325599670410156,103.75499725341797,Asia/Shanghai
6379,Ganzhou Airport,Ganzhou,China,KOW,ZSGZ,25.853333,114.778889,Asia/Shanghai
6380,Jingdezhen Airport,Jingdezhen,China,JDZ,ZSJD,29.3386001587,117.176002502,Asia/Shanghai
6381,Jiujiang Lushan Airport,Jiujiang,China,JIU,ZSJJ,29.476944,115.801111,Asia/Shanghai
6382,Quzhou Airport,Quzhou,China,JUZ,ZSJU,28.965799,118.899002,Asia/Shanghai
6383,Lianyungang Airport,Lianyungang,China,LYG,ZSLG,34.571667,118.873611,Asia/Shanghai
6384,Huangyan Luqiao Airport,Huangyan,China,HYN,ZSLQ,28.56220054626465,121.42900085449219,Asia/Shanghai
6385,Shubuling Airport,Linyi,China,LYI,ZSLY,35.04610061645508,118.41200256347656,Asia/Shanghai
6386,Quanzhou Jinjiang International Airport,Quanzhou,China,JJN,ZSQZ,24.7964,118.589996,Asia/Shanghai
6387,Tunxi International Airport,Huangshan,China,TXN,ZSTX,29.733299255371094,118.25599670410156,Asia/Shanghai
6388,Weifang Airport,Weifang,China,WEF,ZSWF,36.646702,119.119003,Asia/Shanghai
6389,Weihai Airport,Weihai,China,WEH,ZSWH,37.18709945678711,122.22899627685547,Asia/Shanghai
6390,Sunan Shuofang International Airport,Wuxi,China,WUX,ZSWX,31.494400024399997,120.429000854,Asia/Shanghai
6391,Nanping Wuyishan Airport,Wuyishan,China,WUS,ZSWY,27.7019,118.000999,Asia/Shanghai
6392,Wenzhou Longwan International Airport,Wenzhou,China,WNZ,ZSWZ,27.912201,120.851997,Asia/Shanghai
6393,Yancheng Airport,Yancheng,China,YNZ,ZSYN,33.425833,120.203056,Asia/Shanghai
6394,Yiwu Airport,Yiwu,China,YIW,ZSYW,29.3446998596,120.031997681,Asia/Shanghai
6395,Zhoushan Airport,Zhoushan,China,HSN,ZSZS,29.9342002869,122.361999512,Asia/Shanghai
6396,Qamdo Bangda Airport,Bangda,China,BPX,ZUBD,30.553600311279297,97.1082992553711,Asia/Shanghai
6397,Dachuan Airport,Dazhou,China,DAX,ZUDX,31.1302,107.4295,Asia/Shanghai
6398,Guangyuan Airport,Guangyuan,China,GYS,ZUGU,32.3911018371582,105.7020034790039,Asia/Shanghai
6399,Luzhou Airport,Luzhou,China,LZO,ZULZ,28.85219955444336,105.39299774169922,Asia/Shanghai
6400,Mianyang Airport,Mianyang,China,MIG,ZUMY,31.4281005859375,104.74099731445312,Asia/Shanghai
6401,Nanchong Airport,Nanchong,China,NAO,ZUNC,30.79545,106.1626,Asia/Shanghai
6402,Nyingchi Airport,Nyingchi,China,LZY,ZUNZ,29.303300857543945,94.33529663085938,Asia/Shanghai
6403,Wanxian Airport,Wanxian,China,WXN,ZUWX,30.8017,108.433,Asia/Shanghai
6404,Aksu Airport,Aksu,China,AKU,ZWAK,41.262501,80.291702,Asia/Shanghai
6405,Qiemo Yudu Airport,Qiemo,China,IQM,ZWCM,38.233611,85.465556,Asia/Shanghai
6406,Kuqa Airport,Kuqa,China,KCA,ZWKC,41.677856,82.872917,Asia/Shanghai
6407,Korla Airport,Korla,China,KRL,ZWKL,41.69779968261719,86.12889862060547,Asia/Shanghai
6408,Karamay Airport,Karamay,China,KRY,ZWKM,45.46655,84.9527,Asia/Shanghai
6409,Yining Airport,Yining,China,YIN,ZWYN,43.955799,81.330299,Asia/Shanghai
6410,Heihe Airport,Heihe,China,HEK,ZYHE,50.1716209371,127.308883667,Asia/Shanghai
6411,Jiamusi Airport,Jiamusi,China,JMU,ZYJM,46.84339904789999,130.464996338,Asia/Shanghai
6412,Jinzhou Airport,Jinzhou,China,JNZ,ZYJZ,41.10139846801758,121.06199645996094,Asia/Shanghai
6413,Qiqihar Sanjiazi Airport,Qiqihar,China,NDG,ZYQQ,47.239601135253906,123.91799926757812,Asia/Shanghai
6414,Yanji Chaoyangchuan Airport,Yanji,China,YNJ,ZYYJ,42.8828010559,129.451004028,Asia/Shanghai
6415,Waikoloa Heliport,Waikoloa Village,United States,WKL,HI07,19.9205,-155.8607,Pacific/Honolulu
6419,Mount Keith Airport,Mount Keith,Australia,WME,YMNE,-27.286399841308594,120.55500030517578,Australia/Perth
6420,Los Roques Airport,Los Roques,Venezuela,LRV,SVRS,11.9499998093,-66.66999816890001,America/Caracas
6421,Inishmore Aerodrome,Inis Mor,Ireland,IOR,EIIM,53.1067008972168,-9.653610229492188,Europe/Dublin
6422,Connemara Regional Airport,Indreabhan,Ireland,NNR,EICA,53.23030090332031,-9.467780113220215,Europe/Dublin
6423,Rügen Airport,Ruegen,Germany,GTI,EDCG,54.3833312988,13.3255558014,Europe/Berlin
6424,Berezovo Airport,Berezovo,Russia,EZV,USHB,63.92100143432617,65.03050231933594,Asia/Yekaterinburg
6425,Szczecin-Dąbie Airport,Szczecin,Poland,,EPSD,53.3921012878418,14.63379955291748,Europe/Warsaw
6426,Worcester Regional Airport,Worcester,United States,ORH,KORH,42.26729965209961,-71.87570190429688,America/New_York
6427,Anqing Tianzhushan Airport,Anqing,China,AQG,ZSAQ,30.582199,117.050003,Asia/Shanghai
6429,Shanhaiguan Airport,Qinhuangdao,China,SHP,ZBSH,39.968102,119.731003,Asia/Shanghai
6430,Yuncheng Guangong Airport,Yuncheng,China,YCU,ZBYC,35.116391,111.031388889,Asia/Shanghai
6431,Lanzhou City Airport,Lanzhou,China,,ZLAN,36.033333,103.86667,Asia/Shanghai
6432,Jiayuguan Airport,Jiayuguan,China,JGN,ZLJQ,39.856899,98.3414,Asia/Shanghai
6433,Dandong Airport,Dandong,China,DDG,ZYDD,40.0247,124.286003,Asia/Shanghai
6434,Ordos Ejin Horo Airport,Dongsheng,China,DSN,ZBDS,39.49,109.861388889,Asia/Shanghai
6435,Bao'anying Airport,Panzhihua,China,PZI,ZUZH,26.54,101.79852,Asia/Shanghai
6445,Bremerton National Airport,Bremerton,United States,PWT,KPWT,47.490200042725,-122.76499938965,America/Los_Angeles
6446,Spencer Municipal Airport,Spencer,United States,SPW,KSPW,43.165500640869,-95.202796936035,America/Chicago
6447,Jefferson City Memorial Airport,Jefferson City,United States,JEF,KJEF,38.5912017822,-92.15609741210001,America/Chicago
6450,Tannheim Airfield,Tannheim,Germany,,EDMT,48.009998,10.098611,Europe/Berlin
6454,Unst Airport,Unst,United Kingdom,UNT,EGPW,60.74720001220703,-0.8538500070571899,Europe/London
6455,Berkley Structures Heliport,Pagerungan,Indonesia,,WA19,47.682043,-122.148456,America/Los_Angeles
6456,Provincetown Municipal Airport,Provincetown,United States,PVC,KPVC,42.0718994141,-70.2213973999,America/New_York
6458,Anduki Airport,Seria,Brunei,,WBAK,4.637000083920001,114.382003784,Asia/Brunei
6460,Gustaf III Airport,Gustavia,France,SBH,TFFJ,17.904399871826172,-62.84360122680664,\N
6464,Kostroma Sokerkino Airport,Kostroma,Russia,KMW,UUBA,57.7969017029,41.019401550299996,Europe/Moscow
6465,Sukhumi Dranda Airport,Sukhumi,Georgia,SUI,UGSS,42.8582000732,41.128101348899996,Asia/Tbilisi
6466,Donskoye Airport,Tambow,Russia,TBW,UUOT,52.806098937988,41.482799530029,Europe/Moscow
6467,Oban Airport,North Connel,United Kingdom,OBN,EGEO,56.4635009765625,-5.399670124053955,Europe/London
6477,Erechim Airport,Erechim,Brazil,ERM,SSER,-27.66189956665039,-52.2682991027832,America/Sao_Paulo
6478,La Côte Airport,Prangins,Switzerland,,LSGP,46.40639877319336,6.258059978485107,Europe/Zurich
6479,Courchevel Airport,Courcheval,France,CVF,LFLJ,45.39670181274414,6.6347198486328125,Europe/Paris
6481,Fullerton Municipal Airport,Fullerton,United States,FUL,KFUL,33.8720016479,-117.980003357,America/Los_Angeles
6482,Concord-Padgett Regional Airport,Concord,United States,USA,KJQF,35.387798,-80.709099,America/New_York
6483,Isle of Wight / Sandown Airport,Isle Of Wight,United Kingdom,,EGHN,50.653099,-1.18221998,Europe/London
6485,Navoi Airport,Navoi,Uzbekistan,NVI,UTSA,40.1171989440918,65.1707992553711,Asia/Samarkand
6487,Andernos Les Bains Airport,Andernos-Les-Bains,France,,LFCD,44.7561,-1.06333,Europe/Paris
6489,Bienenfarm Airport,Nauen,Germany,,EDOI,52.661667,12.745833,Europe/Berlin
6492,Ain Arnat Airport,Setif,Algeria,QSF,DAAS,36.178100585900005,5.3244900703399995,Africa/Algiers
6493,La Rochelle-Île de Ré Airport,La Rochelle,France,LRH,LFBH,46.17919921875,-1.1952799558639526,Europe/Paris
6494,Friedman Memorial Airport,Hailey,United States,SUN,KSUN,43.50439835,-114.2959976,America/Denver
6497,Yverdon-les-Bains Airport,Yverdon-Les-Bains,Switzerland,,LSGY,46.7619018555,6.61332988739,Europe/Zurich
6499,Bielsko Biala Airport,Bielsko-Biala,Poland,,EPBA,49.80500030517578,19.00189971923828,Europe/Warsaw
6500,Mason City Municipal Airport,Mason City,United States,MCW,KMCW,43.157798767100005,-93.3312988281,America/Chicago
6505,Phoenix-Mesa-Gateway Airport,Mesa,United States,AZA,KIWA,33.30780029,-111.6549988,America/Phoenix
6506,Saúl Airport,Saul,French Guiana,XAU,SOOS,3.61361,-53.204201,America/Cayenne
6511,Tekapo Aerodrome,Lake Tekapo,New Zealand,,NZTL,-44.0052986145,170.444000244,Pacific/Auckland
6519,Niederoeblarn Airport,Niederoeblarn,Austria,,LOGO,47.478298,14.0083,Europe/Vienna
6520,Vöslau Airport,Bad Voeslau,Austria,,LOAV,47.96500015258789,16.260000228881836,Europe/Vienna
6522,Uetersen/Heist Airport,Uetersen,Germany,,EDHE,53.64638900756836,9.704167366027832,Europe/Berlin
6712,Anaktuvuk Pass Airport,Anaktuvuk Pass,United States,AKP,PAKP,68.13359833,-151.7429962,America/Anchorage
6713,Anvik Airport,Anvik,United States,ANV,PANV,62.646702,-160.190994,America/Anchorage
6714,Atqasuk Edward Burnell Sr Memorial Airport,Atqasuk,United States,ATK,PATQ,70.46730041503906,-157.43600463867188,America/Anchorage
6715,Gambell Airport,Gambell,United States,GAM,PAGM,63.76679992675781,-171.73300170898438,America/Anchorage
6716,Hooper Bay Airport,Hooper Bay,United States,HPB,PAHP,61.52389908,-166.1470032,America/Anchorage
6717,Kaltag Airport,Kaltag,United States,KAL,PAKV,64.31909943,-158.7409973,America/Anchorage
6718,St Mary's Airport,St Mary's,United States,KSM,PASM,62.0605011,-163.302002,America/Anchorage
6719,Kivalina Airport,Kivalina,United States,KVL,PAVL,67.73619842529297,-164.56300354003906,America/Anchorage
6720,Mekoryuk Airport,Mekoryuk,United States,MYU,PAMY,60.37139892578125,-166.27099609375,America/Anchorage
6722,Ruby Airport,Ruby,United States,RBY,PARY,64.72720337,-155.4700012,America/Anchorage
6723,Shishmaref Airport,Shishmaref,United States,SHH,PASH,66.249604,-166.089112,America/Anchorage
6724,Savoonga Airport,Savoonga,United States,SVA,PASA,63.6864013671875,-170.4929962158203,America/Anchorage
6725,Noatak Airport,Noatak,United States,WTK,PAWN,67.56610107421875,-162.97500610351562,America/Anchorage
6726,Ormoc Airport,Ormoc City,Philippines,OMC,RPVO,11.057999610900879,124.56500244140625,Asia/Manila
6727,Puvirnituq Airport,Puvirnituq,Canada,YPX,CYPX,60.05059814453125,-77.28690338134766,America/Toronto
6728,Tasiujaq Airport,Tasiujaq,Canada,YTQ,CYTQ,58.66780090332031,-69.95580291748047,America/Toronto
6729,Arctic Village Airport,Arctic Village,United States,ARC,PARC,68.1147,-145.578995,America/Anchorage
6730,Sam Mbakwe International Airport,Imo,Nigeria,QOW,DNIM,5.427060127258301,7.206029891967773,Africa/Lagos
6731,Arenal Airport,La Fortuna/San Carlos,Costa Rica,FON,MRAN,10.478,-84.634499,America/Costa_Rica
6732,Tambor Airport,Nicoya,Costa Rica,TMU,MRTR,9.73852,-85.013802,America/Costa_Rica
6733,Cauayan Airport,Cauayan,Philippines,CYZ,RPUY,16.9298992157,121.752998352,Asia/Manila
6734,Kirovsk-Apatity Airport,Apatity,Russia,KVK,ULMK,67.46330261230469,33.58829879760742,Europe/Moscow
6735,Coronel Altino Machado de Oliveira Airport,Governador Valadares,Brazil,GVR,SBGV,-18.89520072937,-41.982200622559,America/Sao_Paulo
6736,Port Clarence Coast Guard Station,Port Clarence,United States,KPC,PAPC,65.2537002563,-166.85899353,America/Anchorage
6737,Pajala Airport,Pajala,Sweden,PJA,ESUP,67.24559783935547,23.068899154663086,Europe/Stockholm
6738,Bella Coola Airport,Bella Coola,Canada,QBC,CYBD,52.387501,-126.596001,America/Vancouver
6739,Hagerstown Regional Richard A Henson Field,Hagerstown,United States,HGR,KHGR,39.707901,-77.72949982,America/New_York
6740,Araracuara Airport,Araracuara,Colombia,ACR,SKAC,-0.5833,-72.4083,America/Bogota
6741,Gorakhpur Airport,Gorakhpur,India,GOP,VEGK,26.739700317399997,83.4496994019,Asia/Calcutta
6742,Sand Point Airport,Sand Point,United States,SDP,PASD,55.314998626708984,-160.5229949951172,America/Anchorage
6743,Hami Airport,Hami,China,HMI,ZWHM,42.8414,93.669197,Asia/Shanghai
6744,Wuzhou Changzhoudao Airport,Wuzhou,China,WUZ,ZGWZ,23.456699,111.248001,Asia/Shanghai
6745,Tugdan Airport,Romblon,Philippines,TBH,RPVU,12.3109998703,122.084999084,Asia/Manila
6746,Sahand Airport,Maragheh,Iran,ACP,OITM,37.347999572753906,46.127899169921875,Asia/Tehran
6747,Gorgan Airport,Gorgan,Iran,GBT,OING,36.909400939899996,54.4012985229,Asia/Tehran
6748,Ilam Airport,Ilam,Iran,IIL,OICI,33.58660125732422,46.40480041503906,Asia/Tehran
6749,Parsabade Moghan Airport,Parsabad,Iran,PFQ,OITP,39.60359954834,47.881500244141,Asia/Tehran
6751,Tocache Airport,Tocache,Peru,,SPCH,-8.1829996109,-76.516998291,America/Lima
6752,Tacheng Airport,Tacheng,China,TCG,ZWTC,46.67250061035156,83.3407974243164,Asia/Shanghai
6753,Mardin Airport,Mardin,Turkey,MQM,LTCR,37.223300933800004,40.6316986084,Europe/Istanbul
6754,Sugraly Airport,Zarafshan,Uzbekistan,AFS,UTSN,41.61389923095703,64.23320007324219,Asia/Samarkand
6755,Deering Airport,Deering,United States,DRG,PADE,66.0696029663,-162.76600647,America/Anchorage
6756,Leon Airport,Leon,Spain,LEN,LELN,42.5890007019043,-5.65556001663208,Europe/Madrid
6757,Burgos Airport,Burgos,Spain,RGS,LEBG,42.357601,-3.62076,Europe/Madrid
6758,Sege Airport,Sege,Solomon Islands,EGM,AGGS,-8.578889846801758,157.87600708007812,Pacific/Guadalcanal
6759,Shahrekord Airport,Shahre Kord,Iran,CQD,OIFS,32.2971992493,50.842201232899995,Asia/Tehran
6760,Kangra Airport,Kangra,India,DHM,VIGG,32.16510009765625,76.26339721679688,Asia/Calcutta
6761,Nanded Airport,Nanded,India,NDC,VAND,19.1833000183,77.31670379639999,Asia/Calcutta
6762,Shimla Airport,Shimla,India,SLV,VISM,31.0818,77.068001,Asia/Calcutta
6763,Igiugig Airport,Igiugig,United States,IGG,PAIG,59.32400131225586,-155.90199279785156,America/Anchorage
6764,New Stuyahok Airport,New Stuyahok,United States,KNW,PANW,59.4499015808,-157.32800293,America/Anchorage
6765,King Cove Airport,King Cove,United States,KVC,PAVC,55.11629867553711,-162.26600646972656,America/Anchorage
6766,Port Heiden Airport,Port Heiden,United States,PTH,PAPH,56.95909881591797,-158.63299560546875,America/Anchorage
6767,Togiak Airport,Togiak Village,United States,TOG,PATG,59.052799224853516,-160.39700317382812,America/Anchorage
6768,Geneina Airport,Geneina,Sudan,EGN,HSGN,13.48169994354248,22.467199325561523,Africa/Khartoum
6769,Long Akah Airport,Long Akah,Malaysia,LKH,WBGL,3.299999952316284,114.78299713134766,Asia/Kuala_Lumpur
6771,Walaha Airport,Walaha,Vanuatu,WLH,NVSW,-15.411999702500001,167.690994263,Pacific/Efate
6772,Chaoyang Airport,Chaoyang,China,CHG,ZYCY,41.538101,120.434998,Asia/Shanghai
6773,Buffalo Spring,Samburu South,Kenya,UAS,HKSB,0.530583,37.534195,Africa/Nairobi
6774,Brus Laguna Airport,Brus Laguna,Honduras,BHG,MHBL,15.7631,-84.543602,America/Tegucigalpa
6775,Bonaventure Airport,Bonaventure,Canada,YVB,CYVB,48.07109832763672,-65.46029663085938,America/Toronto
6776,Sialkot Airport,Sialkot,Pakistan,SKT,OPST,32.5355567932,74.3638916016,Asia/Karachi
6777,Capitan Corbeta CA Curbelo International Airport,Punta del Este,Uruguay,PDP,SULS,-34.855098724365234,-55.09429931640625,America/Montevideo
6778,Walvis Bay Airport,Walvis Bay,Namibia,WVB,FYWB,-22.9799,14.6453,Africa/Windhoek
6779,Katima Mulilo Airport,Mpacha,Namibia,MPA,FYKM,-17.634399,24.176701,Africa/Windhoek
6780,Anadolu Airport,Eskissehir,Turkey,AOE,LTBY,39.809898,30.5194,Europe/Istanbul
6781,Çanakkale Airport,Canakkale,Turkey,CKZ,LTBH,40.1376991272,26.4267997742,Europe/Istanbul
6782,Muş Airport,Mus,Turkey,MSR,LTCK,38.747798919677734,41.66120147705078,Europe/Istanbul
6783,Sinop Airport,Sinop,Turkey,NOP,LTCM,42.015800476074,35.066398620605,Europe/Istanbul
6784,Tekirdağ Çorlu Airport,Çorlu,Turkey,TEQ,LTBU,41.13819885253906,27.919099807739258,Europe/Istanbul
6785,Bursa Yenişehir Airport,Yenisehir,Turkey,YEI,LTBR,40.2551994324,29.5625991821,Europe/Istanbul
6786,Terre-de-Haut Airport,Les Saintes,Guadeloupe,LSS,TFFS,15.86439991,-61.5806007385,America/Guadeloupe
6787,Kalay Airport,Kalemyo,Myanmar,KMV,VYKL,23.188800811767578,94.05110168457031,Asia/Rangoon
6788,Vieques Airport,Vieques Island,Puerto Rico,VQS,TJCG,18.115800857500002,-65.4226989746,America/Puerto_Rico
6789,St Augustin Airport,St-Augustin,Canada,YIF,CYIF,51.2117004395,-58.6582984924,America/Blanc-Sablon
6790,Hamadan Airport,Hamadan,Iran,HDM,OIHH,34.86920166015625,48.5525016784668,Asia/Tehran
6791,Marinduque Airport,Gasan,Philippines,MRQ,RPUW,13.361000061035156,121.82599639892578,Asia/Manila
6792,Grafton Airport,Grafton,Australia,GFN,YGFN,-29.7593994140625,153.02999877929688,Australia/Sydney
6793,Orange Airport,Orange,Australia,OAG,YORG,-33.3816986084,149.132995605,Australia/Sydney
6794,Taree Airport,Taree,Australia,TRO,YTRE,-31.8885993958,152.514007568,Australia/Sydney
6795,Choibalsan Airport,Choibalsan,Mongolia,COQ,ZMCD,48.13570022583008,114.64600372314453,Asia/Ulaanbaatar
6797,Hohenems-Dornbirn Airport,Hohenems,Austria,HOH,LOIH,47.3849983215,9.69999980927,Europe/Vienna
6798,Weser-Wümme Airport,Hellwege,Germany,,EDWM,53.053890228271484,9.208610534667969,Europe/Berlin
6799,Krems Airport,Krems,Austria,,LOAG,48.446389,15.634167,Europe/Vienna
6800,Delta County Airport,Escanaba,United States,ESC,KESC,45.7226982117,-87.0936965942,America/New_York
6803,Yakutat Airport,Yakutat,United States,YAK,PAYA,59.5032997131,-139.660003662,America/Anchorage
6805,Goulburn Airport,Goulburn,Australia,GUL,YGLB,-34.810298919677734,149.7259979248047,Australia/Sydney
6806,Cessnock Airport,Cessnock,Australia,CES,YCNK,-32.787498,151.341995,Australia/Sydney
6807,Scone Airport,Scone,Australia,NSO,YSCO,-32.037200927734375,150.83200073242188,Australia/Sydney
6808,Mudgee Airport,Mudgee,Australia,DGE,YMDG,-32.5625,149.610992432,Australia/Sydney
6809,Maitland Airport,Maitland,Australia,MTL,YMND,-32.701265,151.492912,Australia/Sydney
6814,Benjamin Rivera Noriega Airport,Culebra Island,Puerto Rico,CPX,TJCP,18.313289,-65.304324,America/Puerto_Rico
6816,Raron Airport,Raron,Switzerland,,LSTA,46.3036003112793,7.823329925537109,Europe/Zurich
6819,Borovaya Airfield,Minsk,Belarus,,UMMB,53.9604611,27.6505961,Europe/Minsk
6823,Amlikon Glider Airport,Amlikon,Switzerland,,LSPA,47.57419967651367,9.047499656677246,Europe/Zurich
6824,Lommis Airfield,Lommis,Switzerland,,LSZT,47.524399,9.00306,Europe/Zurich
6825,Williamson County Regional Airport,Marion,United States,MWA,KMWA,37.75500107,-89.01110077,America/Chicago
6826,Burnet Municipal Kate Craddock Field,Bamburi,Kenya,,KBMQ,30.73889923095703,-98.23860168457031,America/Chicago
6829,Oceanside Municipal Airport,Fraser Island,Australia,OCN,KOKB,33.217300415039,-117.35399627686,America/Los_Angeles
6830,Flugplatz Finsterwalde/Heinrichsruh,Finsterwalde,Germany,,EDAS,51.634445,13.675556,Europe/Berlin
6832,Kirkuk Air Base,Kirkuk,Iraq,KIK,ORKK,35.46950149536133,44.348899841308594,Asia/Baghdad
6833,Al Udeid Air Base,Doha,Qatar,XJD,OTBH,25.1173000336,51.3149986267,Asia/Qatar
6834,Great Barrier Aerodrome,Claris,New Zealand,GBZ,NZGB,-36.24140167236328,175.4720001220703,Pacific/Auckland
6837,Ford Airport,Iron Mountain,United States,IMT,KIMT,45.8184013367,-88.1145019531,America/Chicago
6838,Marquette Airport,Marquette,United States,,KMQT,46.53390121459961,-87.5614013671875,America/New_York
6839,Allakaket Airport,Allakaket,United States,AET,PFAL,66.5518035889,-152.621994019,America/Anchorage
6840,Dinslaken/Schwarze Heide Airport,Dinslaken,Germany,,EDLD,51.616112,6.865278,Europe/Berlin
6841,Höxter-Holzminden Airport,Hoexter Holzminden,Germany,,EDVI,51.80666732788086,9.37833309173584,Europe/Berlin
6843,Niijima Airport,Niijima,Japan,,RJAN,34.3694000244,139.268997192,Asia/Tokyo
6844,Michigan City Municipal Airport,Michigan City,United States,MGC,KMGC,41.703300476100004,-86.8211975098,America/Chicago
6845,Seward Airport,Seward,United States,SWD,PAWD,60.12689971923828,-149.41900634765625,America/Anchorage
6849,Grand Marais Cook County Airport,Grand Marais,United States,GRM,KCKC,47.8382987976,-90.38289642330001,America/Chicago
6853,Wausau Downtown Airport,Wausau,United States,AUW,KAUW,44.9262008667,-89.6266021729,America/Chicago
6855,Kalundborg Airport,Kalundborg,Denmark,,EKKL,55.70029830932617,11.25,Europe/Copenhagen
6859,Mary Airport,Mary,Turkmenistan,MYP,UTAM,37.6194,61.896702,Asia/Ashgabat
6860,Bungle Bungle Airport,Bungle Bungle,Australia,,YBUU,-17.545299530029297,128.3070068359375,Australia/Perth
6862,Sazená Airport,Sazena,Czech Republic,,LKSZ,50.3246994019,14.2588996887,Europe/Prague
6866,Spray View Airport,Spray View,Zimbabwe,,FVSV,-17.91699981689453,25.816999435424805,Africa/Harare
6867,Reykjahlíð Airport,Myvatn,Iceland,MVA,BIRL,65.65579986572266,-16.918100357055664,Atlantic/Reykjavik
6868,Sabadell Airport,Sabadell,Spain,QSA,LELL,41.52090072631836,2.1050798892974854,Europe/Madrid
6870,Whitsunday Island Airport,Airlie Beach,Australia,WSY,YWHI,-20.27611,148.755,Australia/Brisbane
6871,Delaware County Johnson Field,Muncie,United States,MIE,KMIE,40.2422981262207,-85.3958969116211,America/New_York
6873,Purdue University Airport,Lafayette,United States,LAF,KLAF,40.41230010986328,-86.93689727783203,America/New_York
6876,Brown County Airport,Georgetown,United States,,KGEO,38.881900787353516,-83.88269805908203,America/New_York
6877,North Las Vegas Airport,Las Vegas,United States,VGT,KVGT,36.21070098877,-115.19400024414,America/Los_Angeles
6878,Kenosha Regional Airport,Kenosha,United States,ENW,KENW,42.59569931,-87.92780304,America/Chicago
6880,Montrose Regional Airport,Montrose CO,United States,MTJ,KMTJ,38.509799957300004,-107.893997192,America/Denver
6881,Riverton Regional Airport,Riverton WY,United States,RIW,KRIW,43.064201355,-108.459999084,America/Denver
6883,Eastern Oregon Regional At Pendleton Airport,Pendleton,United States,PDT,KPDT,45.695098877,-118.841003418,America/Los_Angeles
6886,Lympne Airport,Lympne,United Kingdom,LYM,EGMK,51.08,1.013,Europe/London
6887,Porto Cheli Airport,Porto Heli,Greece,PKH,LGHL,37.297501,23.1478,Europe/Athens
6894,Zell Am See Airport,Zell am See,Austria,,LOWZ,47.292222,12.7875,Europe/Vienna
6896,RAAF Base Amberley,Amberley,Australia,,YAMB,-27.6406,152.712006,Australia/Brisbane
6897,Tindal Airport,Katherine,Australia,KTR,YPTN,-14.521100044250488,132.3780059814453,Australia/Darwin
6898,"RAAF Williams, Laverton Base",Laverton,Australia,,YLVT,-37.86360168457031,144.74600219726562,Australia/Hobart
6899,Nowra Airport,Nowra,Australia,NOA,YSNW,-34.94889831542969,150.53700256347656,Australia/Sydney
6905,Lutsk Airport,Lutsk,Ukraine,UCK,UKLC,50.678404,25.487165,Europe/Kiev
6906,Chernihiv Shestovitsa Airport,Chernigov,Ukraine,CEJ,UKRR,51.4021987915,31.1583003998,Europe/Kiev
6907,Ternopil International Airport,Ternopol,Ukraine,,UKLT,49.5242,25.7001,Europe/Kiev
6908,Brest Airport,Brest,Belarus,BQT,UMBB,52.108299,23.8981,Europe/Minsk
6909,Wittman Regional Airport,Oshkosh,United States,OSH,KOSH,43.98440170288086,-88.55699920654297,America/Chicago
6910,Harle Airport,Harlesiel,Germany,,EDXP,53.706668853759766,7.820278167724609,Europe/Berlin
6911,Wangerooge Airport,Wangerooge,Germany,AGE,EDWG,53.782779693603516,7.913888931274414,Europe/Berlin
6914,RAAF Base Pearce,Perth,Australia,,YPEA,-31.667800903320312,116.01499938964844,Australia/Perth
6915,Bendigo Airport,Bendigo,Australia,BXG,YBDG,-36.7393989563,144.330001831,Australia/Hobart
6916,Pangborn Memorial Airport,Wenatchee,United States,EAT,KEAT,47.3988990784,-120.207000732,America/Los_Angeles
6917,Antonio Nery Juarbe Pol Airport,Arecibo,Puerto Rico,ARE,TJAB,18.4500007629,-66.6753005981,America/Puerto_Rico
6918,Ringi Cove Airport,Ringi Cove,Solomon Islands,RIN,AGRC,-8.12639045715332,157.14300537109375,Pacific/Guadalcanal
6922,Kirensk Airport,Kirensk,Russia,KCK,UIKK,57.773,108.064,Asia/Irkutsk
6924,Ust-Kut Airport,Ust-Kut,Russia,UKX,UITT,56.8567008972168,105.7300033569336,Asia/Irkutsk
6926,Rimatara Airport,Rimatara,French Polynesia,RMT,NTAM,-22.63725,-152.8059,\N
6927,Triengen Airport,Triengen,Switzerland,,LSPN,47.22669982910156,8.078060150146484,Europe/Zurich
6928,Lausanne-Blécherette Airport,Lausanne,Switzerland,QLS,LSGL,46.54529953,6.61667013168,Europe/Zurich
6929,Speck-Fehraltorf Airport,Fehraltorf,Switzerland,,LSZK,47.376399993896484,8.757499694824219,Europe/Zurich
6930,Locarno Airport,Locarno,Switzerland,ZJI,LSZL,46.160800933800004,8.87860965729,Europe/Zurich
6931,Neuchatel Airport,Neuchatel,Switzerland,QNC,LSGN,46.9575004578,6.86471986771,Europe/Zurich
6932,Taganrog Yuzhny Airport,Taganrog,Russia,TGK,URRT,47.1983333,38.8491667,Europe/Moscow
6933,Gelendzhik Airport,Gelendzhik,Russia,GDZ,URKG,44.5820926295,38.0124807358,Europe/Moscow
6934,Zhukovsky International Airport,Ramenskoe,Russia,ZIA,UUBW,55.553299,38.150002,Europe/Moscow
6935,Irkutsk Northwest Airport,Irkutsk,Russia,,UIIR,52.36830139160156,104.18299865722656,Asia/Irkutsk
6936,Khabarovsk Airport,Khabarovsk,Russia,,UHHT,48.525001525878906,135.1529998779297,Asia/Vladivostok
6937,Dzemgi Airport,Komsomolsk-on-Amur,Russia,,UHKD,50.60559844970703,137.08099365234375,Asia/Vladivostok
6939,Belaya Air Base,Sredniiy,Russia,,UIIB,52.915000915527344,103.57499694824219,Asia/Irkutsk
6940,Tunoshna Airport,Yaroslavl,Russia,IAR,UUDL,57.560699462890625,40.15739822387695,Europe/Moscow
6943,Gu-Lian Airport,Mohe County,China,OHE,ZYMH,52.912777777799995,122.43,Asia/Shanghai
6944,Jining Qufu Airport,Jining,China,JNG,ZLJN,35.292778,116.346667,Asia/Shanghai
6945,Drake Bay Airport,Puntarenas,Costa Rica,DRK,MRDK,8.71889019012,-83.6417007446,America/Costa_Rica
6946,Altay Air Base,Altay,China,AAT,ZWAT,47.7498855591,88.08580780030002,Asia/Shanghai
6947,Tuzla International Airport,Null,Bosnia and Herzegovina,TZL,LQTZ,44.45869827270508,18.72480010986328,Europe/Sarajevo
6948,NAS Fort Worth JRB/Carswell Field,Dallas,United States,FWH,KNFW,32.76919937,-97.4414978,America/Chicago
6949,Naypyidaw Airport,Naypyidaw,Burma,NYT,VYEL,19.623501,96.200996,Asia/Rangoon
6950,Kyaukhtu South Airport,Kyauktu,Burma,,VYXG,21.406700134277344,94.13030242919922,Asia/Rangoon
6951,Jan Mayensfield,Jan Mayen,Norway,,ENJA,70.9441166,-8.6520736,Arctic/Longyearbyen
6952,Bokpyinn Airport,Bokepyin,Burma,VBP,VYBP,11.1494,98.735901,Asia/Rangoon
6954,Manzhouli Xijiao Airport,Manzhouli,China,NZH,ZBMZ,49.566667,117.33,Asia/Shanghai
6955,Wuhai Airport,Wuhai,China,WUA,ZBUH,39.7934,106.7993,Asia/Shanghai
6956,Gary Chicago International Airport,Gary,United States,GYY,KGYY,41.61629867553711,-87.41280364990234,America/Chicago
6957,Brainerd Lakes Regional Airport,Brainerd,United States,BRD,KBRD,46.39830017,-94.13809967,America/Chicago
6958,Greenbrier Valley Airport,Lewisburg,United States,LWB,KLWB,37.8582992554,-80.3994979858,America/New_York
6959,Pitt Greenville Airport,Greenville,United States,PGV,KPGV,35.6352005,-77.38529968,America/New_York
6960,Chefornak Airport,Chefornak,United States,CYF,PACK,60.1492004395,-164.285995483,America/Anchorage
6961,Oxnard Airport,Oxnard,United States,OXR,KOXR,34.200801849365,-119.20700073242,America/Los_Angeles
6962,Branson Airport,Branson,United States,BKG,KBBG,36.532082,-93.200544,America/Chicago
6963,Tongren Fenghuang Airport,Tongren,China,TEN,ZUTR,27.883333,109.308889,Asia/Shanghai
6964,Jinggangshan Airport,Jian,China,JGS,ZSJA,26.856899261499997,114.736999512,Asia/Shanghai
6967,Naiu Airport,Niau,French Polynesia,NIU,NTKN,-16.1191,-146.3683,Pacific/Tahiti
6968,Schenectady County Airport,Scotia NY,United States,SCH,KSCH,42.852500915527,-73.928901672363,America/New_York
6969,Begishevo Airport,Nizhnekamsk,Russia,NBC,UWKE,55.564701080322266,52.092498779296875,Europe/Moscow
6972,Warri Airport,Osubi,Nigeria,QRW,DNSU,5.59611,5.81778,Africa/Lagos
6973,Volkel Air Base,Volkel,Netherlands,,EHVK,51.657222,5.7077778,Europe/Amsterdam
6974,Siargao Airport,Siargao,Philippines,IAO,RPNS,9.8591,126.014,Asia/Manila
6975,Langeoog Airport,Langeoog,Germany,LGO,EDWL,53.74250030517578,7.497777938842773,Europe/Berlin
6984,Biel-Kappelen Airport,Biel,Switzerland,,LSZP,47.08919906616211,7.289999961853027,Europe/Zurich
6985,Nelspruit Airport,Nelspruit,South Africa,NLP,FANS,-25.5,30.9137992859,Africa/Johannesburg
6986,Cherkasy International Airport,Cherkassy,Ukraine,CKC,UKKE,49.41559982299805,31.99530029296875,Europe/Kiev
6989,Northeast Florida Regional Airport,St. Augustine Airport,United States,UST,KSGJ,29.9592,-81.339798,America/New_York
6990,Mykolaiv International Airport,Nikolayev,Ukraine,NLV,UKON,47.057899475097656,31.9197998046875,Europe/Kiev
6991,Ramechhap Airport,Ramechhap,Nepal,RHP,VNRC,27.393999099731445,86.0614013671875,Asia/Katmandu
6992,Charles M. Schulz Sonoma County Airport,Santa Rosa,United States,STS,KSTS,38.50899887,-122.8130035,America/Los_Angeles
6993,Kissimmee Gateway Airport,Kissimmee,United States,ISM,KISM,28.2898006439,-81.4371032715,America/New_York
6994,Lake City Gateway Airport,Lake City,United States,LCQ,KLCQ,30.1819992065,-82.57689666750001,America/New_York
6995,Deland Municipal Sidney H Taylor Field,DeLand,United States,,KDED,29.06699944,-81.28379822,America/New_York
6996,Haller Airpark,Green Cove Springs,United States,,7FL4,29.904057,-81.68515,America/New_York
6997,Palmar Airport,Santa Lucia,Peru,,SLPA,-18.97166633605957,-62.97533416748047,America/La_Paz
6998,Logan-Cache Airport,Logan,United States,LGU,KLGU,41.7911987305,-111.851997375,America/Denver
6999,Brigham City Regional Airport,Brigham City,United States,BMC,KBMC,41.552399,-112.061996,America/Denver
7000,Malad City Airport,Malad City,United States,,KMLD,42.16659927368164,-112.2969970703125,America/Denver
7001,Aspen-Pitkin Co/Sardy Field,Aspen,United States,ASE,KASE,39.22320175,-106.8690033,America/Denver
7003,Ulyanovsk Baratayevka Airport,Ulyanovsk,Russia,ULV,UWLL,54.26829910279999,48.226699829100006,Europe/Samara
7009,Kerrville Municipal Louis Schreiner Field,Kerrville,United States,ERV,KERV,29.9766998291,-99.08570098879999,America/Chicago
7010,Birrfeld Airport,Birrfeld,Switzerland,,LSZF,47.4436,8.23361,Europe/Zurich
7011,Sussex County Airport,Georgetown,United States,GED,KGED,38.68920135,-75.35890198,America/New_York
7012,Prince Rupert/Seal Cove Seaplane Base,Prince Rupert,Canada,ZSW,CZSW,54.33330154418945,-130.2830047607422,America/Vancouver
7013,Great Bend Municipal Airport,Great Bend,United States,GBD,KGBD,38.3442993164,-98.8591995239,America/Chicago
7014,Hays Regional Airport,Hays,United States,HYS,KHYS,38.84220123,-99.27320099,America/Chicago
7015,Spirit of St Louis Airport,Null,United States,SUS,KSUS,38.662101745605,-90.652000427246,America/Chicago
7016,Ely Municipal Airport,Ely,United States,LYU,KELO,47.82450104,-91.83070374,America/Chicago
7017,Grand Rapids Itasca Co-Gordon Newstrom field,Grand Rapids MN,United States,GPZ,KGPZ,47.21110153,-93.50980377,America/Chicago
7018,Thief River Falls Regional Airport,Thief River Falls,United States,TVF,KTVF,48.06570053,-96.18499756,America/Chicago
7019,Eagle River Union Airport,Eagle River,United States,EGV,KEGV,45.932300567599995,-89.26830291750001,America/Chicago
7020,Lakeland-Noble F. Lee Memorial field,Minocqua - Woodruff,United States,ARV,KARV,45.92789841,-89.73090363,America/Chicago
7021,Ankeny Regional Airport,Ankeny,United States,,KIKV,41.69139862060547,-93.56639862060547,America/Chicago
7022,Berens River Airport,Berens River,Canada,YBV,CYBV,52.358898,-97.018303,America/Winnipeg
7023,Corpus Christi Naval Air Station/Truax Field,Corpus Christi,United States,,KNGP,27.69260025,-97.29109955,America/Chicago
7025,Catalina Airport,Catalina Island,United States,AVX,KAVX,33.4049,-118.416,America/Los_Angeles
7026,Mojave Airport,Mojave,United States,MHV,KMHV,35.05939865,-118.1520004,America/Los_Angeles
7027,Interlaken Air Base,Interlaken,Switzerland,ZIN,LSMI,46.6766014,7.8790798,Europe/Zurich
7030,Inisheer Aerodrome,Inisheer,Ireland,INQ,EIIR,53.064701080322266,-9.510899543762207,Europe/Dublin
7033,Strezhevoy Airport,Strezhevoy,Russia,SWT,UNSS,60.709400177,77.66000366210001,Asia/Krasnoyarsk
7035,Hutchinson Municipal Airport,Hutchinson,United States,HUT,KHUT,38.0654983521,-97.86060333250002,America/Chicago
7036,Bagram Air Base,Kabul,Afghanistan,OAI,OAIX,34.9460983276,69.26499938959999,Asia/Kabul
7037,Prince Sultan Air Base,Al Kharj,Saudi Arabia,AKH,OEPS,24.062700271606445,47.580501556396484,Asia/Riyadh
7042,Rosecrans Memorial Airport,Rosecrans,United States,STJ,KSTJ,39.771900177002,-94.909698486328,America/Chicago
7046,Pápa Air Base,Papa,Hungary,,LHPA,47.3636016846,17.5007991791,Europe/Budapest
7047,Whiting Field Naval Air Station South Airport,Cuxhaven,Germany,,KNDZ,30.70439910888672,-87.02300262451172,America/Chicago
7048,Volk Field,Camp Douglas,United States,VOK,KVOK,43.938999176025,-90.253402709961,America/Chicago
7051,Gunnison Crested Butte Regional Airport,Gunnison,United States,GUC,KGUC,38.53390121,-106.9329987,America/Denver
7052,Xi'an Xiguan Airport,Xi\'AN,China,SIA,ZLSN,34.376701,109.120003,Asia/Shanghai
7053,Zamperini Field,Torrance,United States,TOA,KTOA,33.803398132324,-118.33999633789,America/Los_Angeles
7054,Manistee Co Blacker Airport,Manistee,United States,MBL,KMBL,44.2723999,-86.24690247,America/New_York
7056,Charlotte County Airport,Punta Gorda,United States,PGD,KPGD,26.92020035,-81.9905014,America/New_York
7058,Northern Aroostook Regional Airport,Frenchville,United States,WFK,KFVE,47.2854995728,-68.31279754639999,America/New_York
7059,Chautauqua County-Jamestown Airport,Jamestown,United States,JHW,KJHW,42.15340042,-79.25800323,America/New_York
7060,La Macaza / Mont-Tremblant International Inc Airport,Mont-Tremblant,Canada,YTM,CYFJ,46.409400939899996,-74.7799987793,America/Toronto
7061,Lake Cumberland Regional Airport,Somerset,United States,SME,KSME,37.053398132299996,-84.6158981323,America/New_York
7062,Shenandoah Valley Regional Airport,Weyers Cave,United States,SHD,KSHD,38.2638015747,-78.8964004517,America/New_York
7063,Devils Lake Regional Airport,Devils Lake,United States,DVL,KDVL,48.11420059,-98.90879822,America/Chicago
7064,Dickinson Theodore Roosevelt Regional Airport,Dickinson,United States,DIK,KDIK,46.7974014282,-102.802001953,America/Denver
7065,Sidney - Richland Regional Airport,Sidney,United States,SDY,KSDY,47.706902,-104.193001,America/Denver
7066,Chadron Municipal Airport,Chadron,United States,CDR,KCDR,42.837600708,-103.095001221,America/Denver
7067,Alliance Municipal Airport,Alliance,United States,AIA,KAIA,42.0531997681,-102.804000854,America/Denver
7068,Mc Cook Ben Nelson Regional Airport,McCook,United States,MCK,KMCK,40.20629883,-100.5920029,America/Chicago
7069,The Florida Keys Marathon Airport,Marathon,United States,MTH,KMTH,24.726101,-81.051399,America/New_York
7070,Dawson Community Airport,Glendive,United States,GDV,KGDV,47.13869858,-104.8069992,America/Denver
7071,L M Clayton Airport,Wolf Point,United States,OLF,KOLF,48.094501495399996,-105.574996948,America/Denver
7072,Yellowstone Airport,West Yellowstone,United States,WYS,KWYS,44.68840027,-111.1179962,America/Denver
7073,San Luis Valley Regional Bergman Field,Alamosa,United States,ALS,KALS,37.434898,-105.866997,America/Denver
7074,Canyonlands Field,Moab,United States,CNY,KCNY,38.75500107,-109.7549973,America/Denver
7075,Ely Airport Yelland Field,Ely,United States,ELY,KELY,39.29970169,-114.8420029,America/Los_Angeles
7076,Vernal Regional Airport,Vernal,United States,VEL,KVEL,40.4408989,-109.5100021,America/Denver
7077,Sierra Blanca Regional Airport,Ruidoso,United States,RUI,KSRR,33.462799072266,-105.53500366211,America/Denver
7078,Show Low Regional Airport,Show Low,United States,SOW,KSOW,34.265499115,-110.005996704,America/Phoenix
7079,McCall Municipal Airport,McCall,United States,MYL,KMYL,44.88970184,-116.1009979,America/Denver
7080,Lemhi County Airport,Salmon,United States,SMN,KSMN,45.1237983704,-113.880996704,America/Denver
7081,Mammoth Yosemite Airport,Mammoth Lakes,United States,MMH,KMMH,37.62409973,-118.8379974,America/Los_Angeles
7082,Friday Harbor Airport,Friday Harbor,United States,FRD,KFHR,48.5219993591,-123.024002075,America/Los_Angeles
7083,Orcas Island Airport,Eastsound,United States,ESD,KORS,48.7081985474,-122.910003662,America/Los_Angeles
7085,Astoria Regional Airport,Astoria,United States,AST,KAST,46.158000946,-123.878997803,America/Los_Angeles
7086,Newport Municipal Airport,Newport,United States,ONP,KONP,44.580399,-124.057999,America/Los_Angeles
7087,Emmonak Airport,Emmonak,United States,EMK,PAEM,62.78609848,-164.4909973,America/Anchorage
7088,Unalakleet Airport,Unalakleet,United States,UNK,PAUN,63.88840103,-160.798996,America/Anchorage
7089,Ugnu-Kuparuk Airport,Kuparuk,United States,UUK,PAKU,70.33080291750001,-149.598007202,America/Anchorage
7090,Shageluk Airport,Shageluk,United States,SHX,PAHX,62.6922988892,-159.569000244,America/Anchorage
7091,Chuathbaluk Airport,Chuathbaluk,United States,CHU,PACH,61.579102,-159.216003,America/Anchorage
7092,Nuiqsut Airport,Nuiqsut,United States,NUI,PAQT,70.2099990845,-151.005996704,America/Anchorage
7093,Eek Airport,Eek,United States,EEK,PAEE,60.21367264,-162.0438843,America/Anchorage
7094,Kasigluk Airport,Kasigluk,United States,KUK,PFKA,60.87440109,-162.5240021,America/Anchorage
7095,Kwethluk Airport,Kwethluk,United States,KWT,PFKW,60.790298461899994,-161.444000244,America/Anchorage
7096,Kwigillingok Airport,Kwigillingok,United States,KWK,PAGG,59.876499,-163.169005,America/Anchorage
7097,Marshall Don Hunter Sr Airport,Marshall,United States,MLL,PADM,61.8642997742,-162.026000977,America/Anchorage
7098,Russian Mission Airport,Russian Mission,United States,RSH,PARS,61.7788848877,-161.319458008,America/Anchorage
7101,Koliganek Airport,Koliganek,United States,KGK,PAJZ,59.726600647,-157.259002686,America/Anchorage
7103,Manokotak Airport,Manokotak,United States,KMO,PAMB,58.990200042699996,-159.050003052,America/Anchorage
7105,Chalkyitsik Airport,Chalkyitsik,United States,CIK,PACI,66.6449966431,-143.740005493,America/Anchorage
7106,Eagle Airport,Eagle,United States,EAA,PAEG,64.77639771,-141.151001,America/Anchorage
7107,Hughes Airport,Hughes,United States,HUS,PAHU,66.04109955,-154.2630005,America/Anchorage
7108,Huslia Airport,Huslia,United States,HSL,PAHL,65.69789886,-156.3509979,America/Anchorage
7111,Nulato Airport,Nulato,United States,NUL,PANU,64.729301,-158.074005,America/Anchorage
7114,Venetie Airport,Venetie,United States,VEE,PAVE,67.0086975098,-146.365997314,America/Anchorage
7115,Beaver Airport,Beaver,United States,WBQ,PAWB,66.362197876,-147.406997681,America/Anchorage
7116,Central Airport,Central,United States,CEM,PACE,65.57379913,-144.7830048,America/Anchorage
7117,Shungnak Airport,Shungnak,United States,SHG,PAGH,66.88809967041,-157.16200256348,America/Anchorage
7120,Inyokern Airport,Inyokern,United States,IYK,KIYK,35.65879822,-117.8300018,America/Los_Angeles
7121,Visalia Municipal Airport,Visalia,United States,VIS,KVIS,36.3186988831,-119.392997742,America/Los_Angeles
7122,Merced Regional Macready Field,Merced,United States,MCE,KMCE,37.28469849,-120.5139999,America/Los_Angeles
7123,Laguna de Los Patos International Airport,Colonia,Uruguay,CYR,SUCA,-34.456401824951,-57.770599365234,America/Montevideo
7125,Amarais Airport,Campinas,Brazil,CPQ,SDAM,-22.85919952392578,-47.10820007324219,America/Sao_Paulo
7126,Phoenix Goodyear Airport,Goodyear,United States,GYR,KGYR,33.4225006104,-112.375999451,America/Phoenix
7128,Toowoomba Airport,Toowoomba,Australia,TWB,YTWB,-27.542801,151.916,Australia/Brisbane
7129,Ballera Airport,Ballera,Australia,BBL,YLLE,-27.405633,141.809458,Australia/Brisbane
7130,Gatton Campus Airport,Gatton,Australia,,YGAT,-27.5604060653,152.340459824,Australia/Brisbane
7131,Arkalyk North Airport,Arkalyk,Kazakhstan,AYK,UAUR,50.318599700927734,66.95279693603516,Asia/Qyzylorda
7134,Nabern/Teck Airport,Kirchheim-Teck,Germany,,EDTN,48.61277771,9.477222442629998,Europe/Berlin
7135,Angoon Seaplane Base,Angoon,United States,AGN,PAGN,57.503601,-134.585007,America/Anchorage
7136,Elfin Cove Seaplane Base,Elfin Cove,United States,ELV,PAEL,58.195201873799995,-136.347000122,America/Anchorage
7140,Funter Bay Seaplane Base,Funter Bay,United States,FNR,PANR,58.2543983459,-134.897994995,America/Anchorage
7142,Hoonah Airport,Hoonah,United States,HNH,PAOH,58.0961,-135.410111,America/Anchorage
7143,Kake Airport,Kake,United States,,PAFE,56.9613990784,-133.910003662,America/Anchorage
7146,Metlakatla Seaplane Base,Metakatla,United States,MTM,PAMM,55.131001,-131.578003,America/Anchorage
7148,Hydaburg Seaplane Base,Hydaburg,United States,HYG,PAHY,55.206298828125,-132.8280029296875,America/Anchorage
7154,Egegik Airport,Egegik,United States,EGX,PAII,58.1855010986,-157.375,America/Anchorage
7157,Perryville Airport,Perryville,United States,KPV,PAPE,55.905998,-159.162993,America/Anchorage
7158,Pilot Point Airport,Pilot Point,United States,PIP,PAPN,57.5803985596,-157.572006226,America/Anchorage
7159,South Naknek Nr 2 Airport,South Naknek,United States,WSN,PFWS,58.7033996582,-157.007995605,America/Anchorage
7160,Akhiok Airport,Akhiok,United States,AKK,PAKH,56.9387016296,-154.182998657,America/Anchorage
7161,Karluk Airport,Karluk,United States,KYK,PAKY,57.5671005249,-154.449996948,America/Anchorage
7162,Larsen Bay Airport,Larsen Bay,United States,KLN,PALB,57.5350990295,-153.977996826,America/Anchorage
7177,Ambler Airport,Ambler,United States,ABL,PAFM,67.1063,-157.856989,America/Anchorage
7178,Buckland Airport,Buckland,United States,BKC,PABL,65.9815979004,-161.149002075,America/Anchorage
7179,Bob Baker Memorial Airport,Kiana,United States,IAN,PAIK,66.9759979248,-160.43699646,America/Anchorage
7180,Kobuk Airport,Kobuk,United States,OBU,PAOB,66.9123001099,-156.897003174,America/Anchorage
7181,Robert (Bob) Curtis Memorial Airport,Noorvik,United States,ORV,PFNO,66.81790161,-161.0189972,America/Anchorage
7182,Selawik Airport,Selawik,United States,WLK,PASK,66.60009766,-159.9859924,America/Anchorage
7183,Brevig Mission Airport,Brevig Mission,United States,KTS,PFKT,65.3312988281,-166.466003418,America/Anchorage
7184,Elim Airport,Elim,United States,ELI,PFEL,64.61470032,-162.2720032,America/Anchorage
7185,Golovin Airport,Golovin,United States,GLV,PAGL,64.5504989624,-163.007003784,America/Anchorage
7186,Teller Airport,Teller,United States,TLA,PATE,65.2404022217,-166.339004517,America/Anchorage
7187,Wales Airport,Wales,United States,WAA,PAIW,65.622593,-168.095,America/Anchorage
7188,White Mountain Airport,White Mountain,United States,WMO,PAWM,64.689201355,-163.412994385,America/Anchorage
7190,Koyuk Alfred Adams Airport,Koyuk,United States,KKA,PAKK,64.9394989014,-161.154006958,America/Anchorage
7191,St Michael Airport,St. Michael,United States,SMK,PAMK,63.49010086,-162.1100006,America/Anchorage
7192,Shaktoolik Airport,Shaktoolik,United States,SKK,PFSH,64.37110138,-161.223999,America/Anchorage
7194,Tin City Long Range Radar Station Airport,Tin City,United States,TNC,PATC,65.56310272,-167.9219971,America/Anchorage
7195,Atka Airport,Atka,United States,AKB,PAAK,52.22029877,-174.2059937,America/Adak
7196,Nikolski Air Station,Nikolski,United States,IKO,PAKO,52.94160079956055,-168.8489990234375,America/Anchorage
7198,Yakataga Airport,Yakataga,United States,CYT,PACY,60.080974,-142.494541,America/Anchorage
7199,Alakanuk Airport,Alakanuk,United States,AUK,PAUK,62.680042266799994,-164.659927368,America/Anchorage
7201,Kipnuk Airport,Kipnuk,United States,KPN,PAKI,59.932998657199995,-164.031005859,America/Anchorage
7202,False Pass Airport,False Pass,United States,KFP,PAKF,54.8474006652832,-163.41000366210938,America/Anchorage
7203,Nelson Lagoon Airport,Nelson Lagoon,United States,NLG,PAOU,56.007499694824,-161.16000366211,America/Anchorage
7204,Port Moller Airport,Cold Bay,United States,PML,PAAL,56.0060005188,-160.561004639,America/Anchorage
7205,Klawock Airport,Klawock,United States,KLW,PAKW,55.579200744599994,-133.076004028,America/Anchorage
7206,Quinhagak Airport,Quinhagak,United States,KWN,PAQH,59.7551,-161.845,America/Anchorage
7207,Kotlik Airport,Kotlik,United States,KOT,PFKO,63.0306015015,-163.533004761,America/Anchorage
7208,Koyukuk Airport,Koyukuk,United States,KYU,PFKU,64.8760986328,-157.727005005,America/Anchorage
7209,Scammon Bay Airport,Scammon Bay,United States,SCM,PACM,61.845298767100005,-165.570999146,America/Anchorage
7210,Nondalton Airport,Nondalton,United States,NNL,PANO,59.980201721191,-154.8390045166,America/Anchorage
7213,Kongiganak Airport,Kongiganak,United States,KKH,PADY,59.960800170899994,-162.880996704,America/Anchorage
7214,Nikolai Airport,Nikolai,United States,NIB,PAFS,63.0186,-154.358002,America/Anchorage
7217,Akiak Airport,Akiak,United States,AKI,PFAK,60.9029006958,-161.231002808,America/Anchorage
7220,Wainwright Airport,Wainwright,United States,AIN,PAWI,70.6380004883,-159.994995117,America/Anchorage
7221,Zapala Airport,ZAPALA,Argentina,APZ,SAHZ,-38.975498,-70.113602,America/Argentina/Salta
7222,Rincon De Los Sauces Airport,Rincon de los Sauces,Argentina,RDS,SAHS,-37.3905982971,-68.9041976929,America/Argentina/Salta
7226,Tte. Julio Gallardo Airport,Puerto Natales,Chile,PNT,SCNT,-51.67150115966797,-72.52839660644531,America/Santiago
7229,Sierra Grande Airport,Sierra Grande,Argentina,SGV,SAVS,-41.5917015076,-65.33940124509999,America/Argentina/Salta
7230,Cabo F.A.A. H. R. Bordón Airport,Ingeniero Jacobacci,Argentina,IGB,SAVJ,-41.320899963399995,-69.5748977661,America/Argentina/Salta
7233,Chenega Bay Airport,Chenega,United States,NCN,PFCB,60.0773010254,-147.992004395,America/Anchorage
7235,Tok Junction Airport,Tok,United States,TKJ,PFTO,63.32949829,-142.9539948,America/Anchorage
7236,Circle City /New/ Airport,Circle,United States,IRC,PACR,65.830498,-144.076008,America/Anchorage
7240,Sleetmute Airport,Sleetmute,United States,SLQ,PASL,61.7005004883,-157.166000366,America/Anchorage
7242,Healy River Airport,Healy,United States,,PAHV,63.8661994934082,-148.968994140625,America/Anchorage
7244,Klawock Seaplane Base,Klawock,United States,,PAQC,55.5546989440918,-133.1020050048828,America/Anchorage
7245,Minchumina Airport,Lake Minchumina,United States,LMA,PAMH,63.886002,-152.302002,America/Anchorage
7246,Manley Hot Springs Airport,Manley Hot Springs,United States,MLY,PAML,64.99759674069999,-150.643997192,America/Anchorage
7251,Natuashish Airport,Natuashish,Canada,YNP,CNH2,55.913898,-61.184399,America/Halifax
7252,Postville Airport,Postville,Canada,YSO,CCD4,54.9105,-59.78507,America/Halifax
7253,Kangiqsujuaq (Wakeham Bay) Airport,Kangiqsujuaq,Canada,YWB,CYKG,61.5886001587,-71.929397583,America/Toronto
7254,Alma Airport,Alma,Canada,YTF,CYTF,48.50889968869999,-71.64189910889999,America/Toronto
7255,Havre St Pierre Airport,Havre-Saint-Pierre,Canada,YGV,CYGV,50.281898498535156,-63.61140060424805,America/Toronto
7256,Rimouski Airport,Rimouski,Canada,YXK,CYXK,48.47809982299805,-68.49690246582031,America/Toronto
7259,Tadoule Lake Airport,Tadoule Lake,Canada,XTL,CYBQ,58.7061,-98.512199,America/Winnipeg
7260,Lac Brochet Airport,Lac Brochet,Canada,XLB,CZWH,58.6175003052,-101.46900177,America/Winnipeg
7261,South Indian Lake Airport,South Indian Lake,Canada,XSI,CZSN,56.7928009033,-98.9072036743,America/Winnipeg
7262,Brochet Airport,Brochet,Canada,YBT,CYBT,57.8894,-101.679001,America/Winnipeg
7263,Little Grand Rapids Airport,Little Grand Rapids,Canada,ZGR,CZGR,52.04560089111328,-95.4657974243164,America/Winnipeg
7264,Cross Lake (Charlie Sinclair Memorial) Airport,Cross Lake,Canada,YCR,CYCR,54.610599517822266,-97.76080322265625,America/Winnipeg
7265,Red Sucker Lake Airport,Red Sucker Lake,Canada,YRS,CYRS,54.167198181152344,-93.55719757080078,America/Winnipeg
7266,Rainbow Lake Airport,Rainbow Lake,Canada,YOP,CYOP,58.49140167236328,-119.40799713134766,America/Edmonton
7267,Bonnyville Airport,Bonnyville,Canada,YBY,CYBF,54.304199,-110.744003,America/Edmonton
7268,Nanaimo Harbour Water Airport,Nanaimo,Canada,ZNA,CAC8,49.1833000183,-123.949996948,America/Vancouver
7269,Ganges Seaplane Base,Ganges,Canada,YGG,CAX6,48.8545,-123.4969,America/Vancouver
7272,Fort St James Airport,Fort St. James,Canada,,CYJM,54.39720153808594,-124.26300048828125,America/Vancouver
7273,Boundary Bay Airport,Boundary Bay,Canada,YDT,CZBB,49.0742,-123.012001,America/Vancouver
7274,Langley Airport,Langley Township,Canada,YLY,CYNJ,49.10079956049999,-122.630996704,America/Vancouver
7275,Denny Island Airport,Bella Bella,Canada,,CYJQ,52.137937,-128.059748,America/Vancouver
7277,Wekweètì Airport,Wekweeti,Canada,YFJ,CFJ2,64.190804,-114.077002,America/Edmonton
7278,Camaguey-Campo Cuatro Milpas Airport,Guasave,Mexico,,MM52,25.652200698853,-108.53800201416,America/Mazatlan
7280,Cabo San Lucas International Airport,Cabo San Lucas,Mexico,,MMSL,22.947701,-109.936996,America/Mazatlan
7291,Corn Island,Corn Island,Nicaragua,RNI,MNCI,12.1628999710083,-83.06379699707031,America/Managua
7292,San Pedro Airport,Bonanza,Nicaragua,BZA,MNBZ,13.949999809265137,-84.5999984741211,America/Managua
7293,Rosita Airport,Rosita,Nicaragua,RFS,MNRT,13.889699935913086,-84.40889739990234,America/Managua
7294,Siuna,Siuna,Nicaragua,SIU,MNSI,13.727222442626953,-84.77777862548828,America/Managua
7295,Waspam Airport,Waspam,Nicaragua,WSP,MNWP,14.7391996383667,-83.96939849853516,America/Managua
7296,San Carlos,San Carlos,Nicaragua,NCR,MNSC,11.133399963378906,-84.7699966430664,America/Managua
7297,Playa Samara/Carrillo Airport,Carrillo,Costa Rica,PLD,MRCR,9.8705101013184,-85.481399536133,America/Costa_Rica
7301,Constanza - Expedición 14 de Junio National Airport,Constanza,Dominican Republic,COZ,MDCZ,18.907499313354,-70.721900939941,America/Santo_Domingo
7302,Negril Airport,Negril,Jamaica,NEG,MKNG,18.34280014038086,-78.33209991455078,America/Jamaica
7307,José Aponte de la Torre Airport,Ceiba,Puerto Rico,NRR,TJRV,18.245300293,-65.6434020996,America/Puerto_Rico
7309,Charlotte Amalie Harbor Seaplane Base,Charlotte Amalie,Virgin Islands,SPB,VI22,18.338600158691406,-64.9406967163086,America/St_Thomas
7311,D. Casimiro Szlapelis Airport,Alto Rio Senguer,Argentina,ARR,SAVR,-45.013599,-70.812202,America/Catamarca
7312,Jose De San Martin Airport,Jose de San Martin,Argentina,JSM,SAWS,-44.048599243199995,-70.4589004517,America/Catamarca
7313,Uyuni Airport,Uyuni,Bolivia,UYU,SLUY,-20.446300506599997,-66.8483963013,America/La_Paz
7317,Rurenabaque Airport,Rerrenabaque,Bolivia,RBQ,SLRQ,-14.427900314299999,-67.4968032837,America/La_Paz
7320,Abaiang Airport,Abaiang Atoll,Kiribati,ABF,NGAB,1.798609972000122,173.04100036621094,Pacific/Tarawa
7323,Afobakka Airstrip,Afobaka,Suriname,,SMAF,4.998505,-54.992033,America/Paramaribo
7324,Alalapadu Airstrip,Alapadu,Suriname,,SMDU,2.5235,-56.3247,America/Paramaribo
7325,Albina Airport,Albina,Suriname,ABN,SMBN,5.512720108032227,-54.05009841918945,America/Paramaribo
7326,Lawa Anapaike Airstrip,Anapaike,Suriname,,SMLA,3.411301,-54.028049,America/Paramaribo
7327,Apetina Airstrip,Apetina,Suriname,,SMPT,3.50278,-55.058791,America/Paramaribo
7330,Drietabbetje Airport,Drietabbetje,Suriname,DRJ,SMDA,4.111359,-54.672766,America/Paramaribo
7331,Kabalebo Airport,Kabalebo,Suriname,,SMKA,4.406,-57.223,America/Paramaribo
7332,Kayser Airport,Kayser,Suriname,,SMKE,3.094343,-56.472702,America/Paramaribo
7333,Kwamalasoemoetoe Airport,Kwamelasemoetoe,Suriname,,SMSM,2.354427,-56.792431,America/Paramaribo
7334,Moengo Airstrip,Moengo,Suriname,MOJ,SMMO,5.6076,-54.4003,America/Paramaribo
7335,Nieuw Nickerie Airport,Nieuw Nickerie,Suriname,ICK,SMNI,5.955560207366943,-57.039398193359375,America/Paramaribo
7336,Vincent Fayks Airport,Paloemeu,Suriname,OEM,SMPA,3.3452799320220947,-55.442501068115234,America/Paramaribo
7337,Sarakreek Airstrip,Sarakreek,Suriname,,SMSK,4.319444,-54.966667,America/Paramaribo
7338,Sipaliwini Airport,Sipaliwini,Suriname,,SMSI,2.026438,-56.126412,America/Paramaribo
7339,Stoelmanseiland Airport,Stoelmans Eiland,Suriname,SMZ,SMST,4.349999904632568,-54.41666793823242,America/Paramaribo
7340,Totness Airport,Totness,Suriname,TOT,SMCO,5.865829944610596,-56.32749938964844,America/Paramaribo
7341,Wageningen Airstrip,Wageningen,Suriname,AGI,SMWA,5.841128,-56.673328,America/Paramaribo
7343,Codela Airport,Guapiles,Costa Rica,,MRCA,10.4139995575,-85.0916976929,America/Costa_Rica
7346,Orinduik Airport,Orinduik,Guyana,ORJ,SYOR,4.725269794464111,-60.03499984741211,America/Guyana
7347,Annai Airport,Annai,Guyana,NAI,SYAN,3.959439992904663,-59.12419891357422,America/Guyana
7348,Apoteri Airport,Apoteri,Guyana,,SYAP,4.013879776000977,-58.60499954223633,America/Guyana
7349,Imbaimadai Airport,Imbaimadai,Guyana,IMB,SYIB,5.7081098556518555,-60.2942008972168,America/Guyana
7350,Kamarang Airport,Kamarang,Guyana,KAR,SYKM,5.865340232849121,-60.614200592041016,America/Guyana
7351,Mabaruma Airport,Mabaruma,Guyana,USI,SYMB,8.199999809265137,-59.78329849243164,America/Guyana
7352,Mahdia Airport,Mahdia,Guyana,MHA,SYMD,5.277490139007568,-59.151100158691406,America/Guyana
7353,Dr Augusto Roberto Fuster International Airport,Pedro Juan Caballero,Paraguay,PJC,SGPJ,-22.639999389648438,-55.83000183105469,America/Asuncion
7354,Alcides Fernández Airport,Acandi,Colombia,ACD,SKAD,8.51667,-77.3,America/Bogota
7355,Los Colonizadores Airport,Saravena,Colombia,RVE,SKSA,6.951868,-71.857179,America/Bogota
7357,Batagay Airport,Batagay,Russia,BQJ,UEBB,67.648002624512,134.69500732422,Asia/Vladivostok
7359,Villa Garzón Airport,Villa Garzon,Colombia,VGZ,SKVG,0.978767,-76.6056,America/Bogota
7360,El Bagre Airport,El Bagre,Colombia,EBG,SKEB,7.59647,-74.8089,America/Bogota
7361,Juan H White Airport,Caucasia,Colombia,CAQ,SKCU,7.96847,-75.1985,America/Bogota
7362,Mandinga Airport,Condoto,Colombia,COG,SKCD,5.08333,-76.7,America/Bogota
7363,Golfo de Morrosquillo Airport,Tolu,Colombia,TLU,SKTL,9.50945,-75.5854,America/Bogota
7364,Cabo Frio Airport,Cabo Frio,Brazil,CFB,SBCB,-22.921699523900003,-42.074298858599995,America/Sao_Paulo
7367,Presidente João Batista Figueiredo Airport,Sinop,Brazil,OPS,SWSI,-11.885000228881836,-55.58610916137695,America/Campo_Grande
7368,Gurupi Airport,Gurupi,Brazil,GRP,SWGI,-11.73960018157959,-49.132198333740234,America/Fortaleza
7369,Santana do Araguaia Airport,Santana do Araguaia,Brazil,CMP,SNKE,-9.31997013092041,-50.32849884033203,America/Belem
7370,Breves Airport,Breves,Brazil,BVS,SNVS,-1.6365300416946411,-50.443599700927734,America/Belem
7371,Soure Airport,Soure,Brazil,SFK,SNSW,-0.6994310021400452,-48.520999908447266,America/Belem
7372,Parintins Airport,Parintins,Brazil,PIN,SWPI,-2.6730198860168457,-56.777198791503906,America/Boa_Vista
7373,Barreiras Airport,Barreiras,Brazil,BRA,SNBR,-12.078900337219238,-45.00899887084961,America/Fortaleza
7374,Santa Terezinha Airport,Santa Terezinha,Brazil,STZ,SWST,-10.4647216796875,-50.518611907958984,America/Campo_Grande
7375,Minaçu Airport,Minacu,Brazil,MQH,SBMC,-13.5491,-48.195301,America/Sao_Paulo
7376,Araguaína Airport,Araguaina,Brazil,AUX,SWGN,-7.22787,-48.240501,America/Fortaleza
7377,Novo Aripuanã Airport,Novo Aripuana,Brazil,NVP,SWNA,-5.118030071258545,-60.364898681640625,America/Boa_Vista
7378,Fazenda Colen Airport,Lucas do Rio Verde,Brazil,,SWFE,-13.314443588256836,-56.11277770996094,America/Campo_Grande
7379,Tenente Lund Pressoto Airport,Franca,Brazil,FRC,SIMK,-20.592199,-47.3829,America/Sao_Paulo
7380,Dourados Airport,Dourados,Brazil,DOU,SSDO,-22.2019,-54.926601,America/Campo_Grande
7381,Lábrea Airport,Labrea,Brazil,LBR,SWLB,-7.278969764709473,-64.76950073242188,America/Boa_Vista
7382,Maestro Marinho Franco Airport,Rondonopolis,Brazil,ROO,SWRD,-16.586,-54.7248,America/Campo_Grande
7383,Tancredo Thomas de Faria Airport,Guarapuava,Brazil,GPB,SBGU,-25.3875007629,-51.520198822,America/Sao_Paulo
7384,Santa Terezinha Airport,Joacaba,Brazil,JCB,SSJA,-27.1714000702,-51.5532989502,America/Sao_Paulo
7394,General Leite de Castro Airport,Rio Verde,Brazil,RVD,SWLC,-17.8347225189209,-50.956111907958984,America/Sao_Paulo
7395,Romeu Zema Airport,Araxa,Brazil,AAX,SBAX,-19.563199996948,-46.960399627686,America/Sao_Paulo
7396,Maués Airport,Maues,Brazil,MBZ,SWMW,-3.37217,-57.7248,America/Boa_Vista
7397,Borba Airport,Borba,Brazil,RBB,SWBR,-4.4063401222229,-59.60240173339844,America/Boa_Vista
7398,Coari Airport,Coari,Brazil,CIZ,SWKO,-4.134059906005859,-63.132598876953125,America/Boa_Vista
7399,Barcelos Airport,Barcelos,Brazil,BAZ,SWBC,-0.981292,-62.919601,America/Boa_Vista
7406,Diamantino Airport,Diamantino,Brazil,DMT,SWDM,-14.376899719238281,-56.40039825439453,America/Campo_Grande
7407,Guanambi Airport,Guanambi,Brazil,GNM,SNGI,-14.208200454711914,-42.74610137939453,America/Fortaleza
7408,Tsletsi Airport,Djelfa,Algeria,QDJ,DAFI,34.6657,3.351,Africa/Algiers
7409,Nzagi Airport,Nzagi,Angola,NZA,FNZG,-7.716939926149999,21.358200073200003,Africa/Luanda
7411,Lucapa Airport,Lucapa,Angola,LBZ,FNLK,-8.445727348330001,20.7320861816,Africa/Luanda
7412,Capanda Airport,Kapanda,Angola,KNP,FNCP,-9.76937007904,15.4553194046,Africa/Luanda
7413,Am Timan Airport,Am Timan,Chad,AMC,FTTN,11.0340003967,20.274000167799997,Africa/Ndjamena
7414,Shark El Oweinat International Airport,Sharq Al-Owainat,Egypt,GSQ,HEOW,22.5856990814209,28.71660041809082,Africa/Cairo
7415,Eastern WV Regional Airport/Shepherd Field,Martinsburg,United States,MRB,KMRB,39.40190125,-77.98459625,America/New_York
7416,Awassa Airport,Awasa,Ethiopia,AWA,HALA,7.066999912261963,38.5,Africa/Addis_Ababa
7417,Wilwal International Airport,Jijiga,Ethiopia,JIJ,HAJJ,9.3325,42.9121,Africa/Addis_Ababa
7418,Mekane Selam Airport,Mekane Selam,Ethiopia,MKS,HAMA,10.7254,38.7415,Africa/Addis_Ababa
7419,Debra Marcos Airport,Debre Marqos,Ethiopia,DBM,HADM,10.350000381469727,37.71699905395508,Africa/Addis_Ababa
7420,Debre Tabor Airport,Debre Tabor,Ethiopia,DBT,HADT,11.967000007629395,38,Africa/Addis_Ababa
7421,Harar Meda Airport,Debre Zeyit,Ethiopia,QHR,HAHM,8.7163,39.0059,Africa/Addis_Ababa
7422,Robe Airport,Goba,Ethiopia,GOB,HAGB,7.1160634,40.0463033,Africa/Addis_Ababa
7423,Mayumba Airport,Mayumba,Gabon,MYB,FOOY,-3.4584197998046875,10.674076080322266,Africa/Libreville
7424,Mara Serena Lodge Airstrip,Masai Mara,Kenya,MRE,HKMS,-1.406111,35.008057,Africa/Nairobi
7426,Mulika Lodge Airport,Meru National Park,Kenya,JJM,HKMK,0.165083006024,38.1951408386,Africa/Nairobi
7427,Rumbek Airport,Rumbek,Sudan,RBX,HSMK,6.8249998092699995,29.6690006256,Africa/Juba
7428,Yei Airport,Yei,Sudan,,HSYE,4.13028160099,30.7280731201,Africa/Juba
7429,Cape Palmas Airport,Greenville,Liberia,CPA,GLCP,4.3790202140808105,-7.6969499588012695,Africa/Monrovia
7432,Ecuvillens Airport,Ecuvillens,Switzerland,,LSGE,46.755001068115234,7.076109886169434,Europe/Zurich
7437,Inhaca Airport,Inhaca,Mozambique,IHC,FQIA,-25.9971446991,32.929351806599996,Africa/Maputo
7442,Ouro Sogui Airport,Matam,Senegal,MAX,GOSM,15.593600273132324,-13.322799682617188,Africa/Dakar
7443,Bird Island Airport,Bird Island,Seychelles,BDI,FSSB,-3.72472,55.205299,\N
7446,Wadi Halfa Airport,Wadi Halfa,Sudan,WHF,HSSW,21.802698135375977,31.521577835083008,Africa/Khartoum
7447,Enfidha - Hammamet International Airport,Enfidha,Tunisia,NBE,DTNH,36.075833,10.438611,Africa/Tunis
7448,Kidepo Airport,Kidepo,Uganda,,HUKD,3.7176,33.7487,Africa/Kampala
7449,Kitgum Airport,Kitgum,Uganda,,HUKT,3.2817,32.8882,Africa/Kampala
7450,Bugungu Airport,Pakuba,Uganda,,HUPA,2.2,31.55,Africa/Kampala
7451,Svea Airport,Sveagruva,Svalbard,,ENSA,77.8969444,16.725,Arctic/Longyearbyen
7452,Ny-Ålesund Airport (Hamnerabben),Ny-Alesund,Svalbard,,ENAS,78.9274978638,11.8743,Arctic/Longyearbyen
7453,Hatay Airport,Hatay,Turkey,HTY,LTDA,36.36277771,36.282222747800006,Europe/Istanbul
7454,Kihnu Airfield,Kihnu,Estonia,,EEKU,58.14830017089844,24.002500534057617,Europe/Tallinn
7455,Ruhnu Airfield,Ruhnu,Estonia,,EERU,57.78390121459961,23.26609992980957,Europe/Tallinn
7456,Raivavae Airport,Raivavae,French Polynesia,RVV,NTAV,-23.885200500499998,-147.662002563,Pacific/Tahiti
7457,Foshan Shadi Airport,Foshan,China,FUO,ZGFS,23.083299636799996,113.069999695,Asia/Shanghai
7458,Huizhou Airport,Huizhou,China,HUZ,ZGHZ,23.0499992371,114.599998474,Asia/Shanghai
7459,Lleida-Alguaire Airport,Lleida,Spain,ILD,LEDA,41.728185,0.535023,Europe/Madrid
7461,Ouessant Airport,Ouessant,France,,LFEC,48.463199615478516,-5.06358003616333,Europe/Paris
7464,Bildudalur Airport,Bildudalur,Iceland,BIU,BIBD,65.64129638671875,-23.546199798583984,Atlantic/Reykjavik
7465,Gjögur Airport,Gjogur,Iceland,GJR,BIGJ,65.99530029296875,-21.326900482177734,Atlantic/Reykjavik
7466,Sauðárkrókur Airport,Saudarkrokur,Iceland,SAK,BIKR,65.73169708249999,-19.572799682599996,Atlantic/Reykjavik
7467,Selfoss Airport,Selfoss,Iceland,,BISF,63.92919921875,-21.037799835205078,Atlantic/Reykjavik
7468,Inishmaan Aerodrome,Inishmaan,Ireland,IIA,EIMN,53.09299850463867,-9.568059921264648,Europe/Dublin
7469,Ak Bashat Airport,Taldykorgan,Kazakhstan,,UAAT,42.88958,73.602004,Asia/Bishkek
7470,Ulgii Mongolei Airport,Olgii,Mongolia,ULG,ZMUL,48.9933013916,89.9225006104,Asia/Hovd
7472,Qurghonteppa International Airport,Kurgan Tyube,Tajikistan,KQT,UTDT,37.86640167236328,68.86470031738281,Asia/Dushanbe
7473,Vologda Airport,Vologda,Russia,VGD,ULWW,59.282501220703125,39.944400787353516,Europe/Moscow
7474,Severo-Evensk Airport,Evensk,Russia,,UHMW,61.92166519165039,159.22999572753906,Asia/Srednekolymsk
7475,Olenyok Airport,Olenyok,Russia,ONK,UERO,68.514999,112.480003,Asia/Yakutsk
7476,Saskylakh Airport,Saskylakh,Russia,SYS,UERS,71.92790222168,114.08000183105,Asia/Yakutsk
7480,Leshukonskoye Airport,Arkhangelsk,Russia,LDG,ULAL,64.8960037231,45.7229995728,Europe/Moscow
7481,Nizhneangarsk Airport,Nizhneangarsk,Russia,,UIUN,55.80080032348633,109.59500122070312,Asia/Irkutsk
7483,Vanavara Airport,Vanavara,Russia,,UNIW,60.35969924926758,102.3239974975586,Asia/Krasnoyarsk
7484,Aykhal Airport,Aykhal,Russia,,UERA,65.959197998047,111.54650115967,Asia/Yakutsk
7485,Uktus Airport,Yekaterinburg,Russia,,USSK,56.701698303222656,60.790000915527344,Asia/Yekaterinburg
7486,Baykit Airport,Baykit,Russia,,UNIB,61.676700592041016,96.3550033569336,Asia/Krasnoyarsk
7487,Biysk Airport,Biysk,Russia,,UNBI,52.47999954223633,85.33999633789062,Asia/Krasnoyarsk
7488,Huesca/Pirineos Airport,Huesca,Spain,HSK,LEHC,42.0760993958,-0.316666990519,Europe/Madrid
7489,Ciudad Real Central Airport,Ciudad Real,Spain,CQM,LERL,38.8563888889,-3.97,Europe/Madrid
7490,Al Najaf International Airport,Najaf,Iraq,NJF,ORNI,31.989853,44.404317,Asia/Baghdad
7492,Colonsay Airstrip,Colonsay,United Kingdom,CSA,EGEY,56.0574989319,-6.243060112,Europe/London
7494,Rock Hill - York County Airport,Rock Hill,United States,RKH,KUZA,34.9878006,-81.05719757,America/New_York
7495,Allegheny County Airport,Pittsburgh,United States,AGC,KAGC,40.354400634765625,-79.9301986694336,America/New_York
7496,Cecil Airport,Jacksonville,United States,VQQ,KVQQ,30.2187004089,-81.876701355,America/New_York
7497,Fulton County Airport Brown Field,Atlanta,United States,FTY,KFTY,33.7790985107,-84.5214004517,America/New_York
7498,Tresco Heliport,Tresco,United Kingdom,,EGHT,49.94559860229492,-6.331389904022217,Europe/London
7499,Tarin Kowt Airport,Tarin Kowt,Afghanistan,TII,OATN,32.604198455799995,65.8657989502,Asia/Kabul
7500,Zaranj Airport,Zaranj,Afghanistan,ZAJ,OAZJ,30.972222,61.865833,Asia/Kabul
7501,Chakcharan Airport,Chaghcharan,Afghanistan,CCN,OACC,34.53300094604492,65.26699829101562,Asia/Kabul
7503,Fuyang Xiguan Airport,Fuyang,China,FUG,ZSFY,32.882157,115.734364,Asia/Shanghai
7504,Longyan Guanzhishan Airport,Longyan,China,LCX,ZSLD,25.6746997833,116.747001648,Asia/Shanghai
7505,Baoshan Yunduan Airport,Baoshan,China,BSD,ZPBS,25.053301,99.168297,Asia/Shanghai
7506,Xingyi Airport,Xingyi,China,ACX,ZUYI,25.0863888889,104.959444444,Asia/Shanghai
7508,Liping Airport,Liping,China,HZH,ZUNP,26.32217,109.1499,Asia/Shanghai
7510,Stepanakert Air Base,Stepanakert,Azerbaijan,,UB13,39.90140151977539,46.7869987487793,Asia/Baku
7511,The Ohio State University Airport - Don Scott Field,Columbus,United States,OSU,KOSU,40.0798,-83.072998,America/New_York
7513,Addison Airport,Addison,United States,ADS,KADS,32.9686012268,-96.8364028931,America/Chicago
7514,Destin Executive Airport,Destin,United States,DSI,KDTS,30.40010071,-86.47149658,America/Chicago
7516,Kherson International Airport,Kherson,Ukraine,KHE,UKOH,46.6758,32.506401,Europe/Kiev
7517,Ryan's Creek Aerodrome,Stewart Island,New Zealand,SZS,NZRC,-46.8997,168.100998,Pacific/Auckland
7518,Assumption Island Airport,Assumption Island,Seychelles,,FSAS,-9.7422199993,46.506802,Indian/Mahe
7519,Zhijiang Airport,Zhijiang,China,HJJ,ZGCJ,27.4411111111,109.7,Asia/Shanghai
7521,Yarmouth Airport,Yarmouth,Canada,YQI,CYQI,43.826900482177734,-66.08809661865234,America/Halifax
7522,Kinston Regional Jetport At Stallings Field,Kinston,United States,ISO,KISO,35.331401825,-77.60880279540001,America/New_York
7523,First Flight Airport,Kill Devil Hills,United States,FFA,KFFA,36.0181999207,-75.67130279540001,America/New_York
7527,Lintsang Airfield,Lincang,China,LNJ,ZPLC,23.738100051900002,100.025001526,Asia/Shanghai
7531,Maturacá Airport,Maturaca,Brazil,,SWMK,0.6282690167427063,-66.11509704589844,America/Boa_Vista
7532,Carajás Airport,Parauapebas,Brazil,CKS,SBCJ,-6.11527776718,-50.0013885498,America/Belem
7533,Centro de Lançamento de Alcântara Airport,Alcantara,Brazil,,SNCW,-2.372999906539917,-44.396400451660156,America/Fortaleza
7536,Tarempa Airport,Anambas Islands,Indonesia,MWK,WIOM,3.3481199741363525,106.25800323486328,Asia/Jakarta
7538,Würzburg-Schenkenturm Airport,Wuerzburg,Germany,,EDFW,49.81778,9.8975,Europe/Berlin
7542,São Jacinto Airport,Aveiro,Portugal,,LPAV,40.656741,-8.741544,Europe/Lisbon
7544,Hopsten Air Base,Hopsten,Germany,,ETNP,52.33869934082031,7.541329860687256,Europe/Berlin
7546,Persian Gulf International Airport,Khalije Fars,Iran,PGU,OIBP,27.379601,52.737701,Asia/Tehran
7547,Yasouj Airport,Yasuj,Iran,YES,OISY,30.700500488281,51.545101165771,Asia/Tehran
7548,Mosul International Airport,Mosul,Iraq,OSM,ORBM,36.305801,43.1474,Asia/Baghdad
7549,Tajima Airport,Toyooka,Japan,TJH,RJBT,35.51279830932617,134.78700256347656,Asia/Tokyo
7550,Amakusa Airport,Amakusa,Japan,AXJ,RJDA,32.482498,130.158997,Asia/Tokyo
7551,Kikai Airport,Kikai,Japan,KKX,RJKI,28.321300506599997,129.927993774,Asia/Tokyo
7552,Aguni Airport,Aguni,Japan,AGJ,RORA,26.5925006866,127.240997314,Asia/Tokyo
7556,Donoi Airport,Uliastai,Mongolia,ULZ,ZMDN,47.7093,96.5258,Asia/Ulaanbaatar
7557,Bulgan Airport,Bulgan,Mongolia,UGA,ZMBN,48.85499954223633,103.47599792480469,Asia/Ulaanbaatar
7558,Ulaangom Airport,Ulaangom,Mongolia,ULO,ZMUG,50.066588,91.938273,Asia/Hovd
7559,Borongan Airport,Borongan,Philippines,,RPVW,11.674300193799999,125.478996277,Asia/Manila
7560,Lubang Airport,Lubang,Philippines,LBX,RPLU,13.855400085449219,120.1050033569336,Asia/Manila
7563,Kulob Airport,Kulyab,Tajikistan,TJU,UTDK,37.98809814453125,69.80500030517578,Asia/Dushanbe
7564,Chi Mei Airport,Cimei,Taiwan,CMJ,RCCM,23.2131004333,119.417999268,Asia/Taipei
7565,Daşoguz Airport,Dasoguz,Turkmenistan,TAZ,UTAT,41.761101,59.826698,Asia/Ashgabat
7566,Barrow Island Airport,Barrow Island,Australia,BWB,YBWX,-20.86440086364746,115.40599822998047,Australia/Perth
7569,Derby Airport,Derby,Australia,DRB,YDBY,-17.3700008392334,123.66100311279297,Australia/Perth
7570,Walgett Airport,Walgett,Australia,WGE,YWLG,-30.032800674438477,148.12600708007812,Australia/Sydney
7571,Bathurst Island Airport,Bathurst Island,Australia,BRT,YBTI,-11.769200325012207,130.6199951171875,Australia/Darwin
7572,Dunk Island Airport,Dunk Island,Australia,DKI,YDKI,-17.9416999817,146.13999939,Australia/Brisbane
7573,Lizard Island Airport,Lizard Island,Australia,LZR,YLZI,-14.673273,145.454571,Australia/Brisbane
7574,Hamilton Airport,Hamilton,Australia,HLT,YHML,-37.64889907836914,142.06500244140625,Australia/Hobart
7575,Halls Creek Airport,Halls Creek,Australia,HCQ,YHLC,-18.23390007019043,127.66999816894531,Australia/Perth
7576,Fitzroy Crossing Airport,Fitzroy Crossing,Australia,FIZ,YFTZ,-18.181900024414062,125.55899810791016,Australia/Perth
7577,Ravensthorpe Airport,Ravensthorpe,Australia,RVT,YNRV,-33.7971992493,120.208000183,Australia/Perth
7578,Wilkins Runway,Budd Coast,Antarctica,,YWKS,-66.690833,111.523611,Antarctica/South_Pole
7579,Provo Municipal Airport,Provo,United States,PVU,KPVU,40.219200134277,-111.72299957275,America/Denver
7580,Steamboat Springs Bob Adams Field,Steamboat Springs,United States,SBS,KSBS,40.5163002,-106.8659973,America/Denver
7581,Delta Municipal Airport,Delta,United States,DTA,KDTA,39.3805999756,-112.508003235,America/Denver
7582,Richfield Municipal Airport,Richfield,United States,,KRIF,38.73640060424805,-112.0989990234375,America/Denver
7583,Carbon County Regional/Buck Davis Field,Price,United States,PUC,KPUC,39.61389923,-110.7509995,America/Denver
7584,Los Alamos Airport,Los Alamos,United States,LAM,KLAM,35.8797988892,-106.268997192,America/Denver
7586,Lake Havasu City Airport,Lake Havasu City,United States,HII,KHII,34.571098,-114.358002,America/Phoenix
7587,Winslow Lindbergh Regional Airport,Winslow,United States,INW,KINW,35.021900177,-110.722999573,America/Phoenix
7588,Douglas Municipal Airport,Douglas,United States,DGL,KDGL,31.3425998688,-109.505996704,America/Phoenix
7589,Marakei Airport,Marakei,Kiribati,MZK,NGMK,2.058609962463379,173.27099609375,Pacific/Tarawa
7590,Abemama Atoll Airport,Abemama,Kiribati,AEA,NGTB,0.49083301424980164,173.82899475097656,Pacific/Tarawa
7591,Buariki Airport,Buariki,Kiribati,AAK,NGUK,0.1852779984474182,173.63699340820312,\N
7592,Kuria Airport,Kuria,Kiribati,KUC,NGKT,0.2186110019683838,173.44200134277344,Pacific/Tarawa
7593,Arorae Island Airport,Arorae,Kiribati,AIS,NGTR,-2.61611008644104,176.80299377441406,Pacific/Tarawa
7594,Tamana Island Airport,Tamana,Kiribati,TMN,NGTM,-2.485830068588257,175.97000122070312,Pacific/Tarawa
7595,Beru Airport,Beru Island,Kiribati,BEZ,NGBR,-1.3547199964523315,176.0070037841797,Pacific/Tarawa
7596,Nikunau Airport,Nikunau,Kiribati,NIG,NGNU,-1.31444001198,176.410003662,Pacific/Tarawa
7597,Butaritari Atoll Airport,Butaritari,Kiribati,BBG,NGTU,3.08583,172.811005,Pacific/Tarawa
7598,Makin Island Airport,Makin,Kiribati,MTK,NGMN,3.3744399547576904,172.99200439453125,Pacific/Tarawa
7599,Maiana Airport,Maiana,Kiribati,MNK,NGMA,1.0036100149154663,173.031005859375,Pacific/Tarawa
7600,Nonouti Airport,Nonouti,Kiribati,NON,NGTO,-0.6397219896316528,174.42799377441406,Pacific/Tarawa
7601,Tabiteuea South Airport,Tabiteuea,Kiribati,TSU,NGTS,-1.4744399785995483,175.06399536132812,Pacific/Tarawa
7610,Whitianga Airport,Whitianga,New Zealand,WTZ,NZWT,-36.83169937133789,175.6790008544922,Pacific/Auckland
7611,Takaka Airport,Takaka,New Zealand,KTF,NZTK,-40.81330108642578,172.77499389648438,Pacific/Auckland
7615,Afutara Aerodrome,Afutara,Solomon Islands,AFT,AGAF,-9.19138888889,160.948611111,Pacific/Guadalcanal
7616,Ulawa Airport,Ulawa,Solomon Islands,RNA,AGAR,-9.86054358262,161.979546547,Pacific/Guadalcanal
7617,Choiseul Bay Airport,Choiseul Bay,Solomon Islands,CHY,AGGC,-6.711944,156.396111,Pacific/Guadalcanal
7618,Santa Ana Airport,Santa Ana,Solomon Islands,NNB,AGGT,-10.847994,162.454108,Pacific/Guadalcanal
7619,Yandina Airport,Yandina,Solomon Islands,XYA,AGGY,-9.092816,159.21841,Pacific/Guadalcanal
7620,Batuna Aerodrome,Batuna,Solomon Islands,BPF,AGBT,-8.56202777778,158.119305556,Pacific/Guadalcanal
7621,Bartow Municipal Airport,Bartow,United States,BOW,KBOW,27.943399429299998,-81.78340148930002,America/New_York
7622,Dyagilevo Air Base,Kostroma,Russia,,UUBD,54.64469909667969,39.57040023803711,Europe/Moscow
7627,Fitiuta Airport,Fiti\'uta,American Samoa,FTI,NSFQ,-14.2172,-169.425003,Pacific/Pago_Pago
7629,Livermore Municipal Airport,Livermore,United States,LVK,KLVK,37.6934013367,-121.819999695,America/Los_Angeles
7630,Mariposa Yosemite Airport,Mariposa,United States,RMY,KMPI,37.5108985901,-120.040000916,America/Los_Angeles
7633,Grootfontein Airport,Grootfontein,Namibia,GFY,FYGF,-19.60219955444336,18.122699737548828,Africa/Windhoek
7634,Rundu Airport,Rundu,Namibia,NDU,FYRU,-17.956499099731,19.719400405884,Africa/Windhoek
7642,Tasiilaq Heliport,Angmagssalik,Greenland,,BGAM,65.612296,-37.618335,America/Godthab
7646,Jacqueline Cochran Regional Airport,Palm Springs,United States,TRM,KTRM,33.62670135498,-116.16000366211,America/Los_Angeles
7647,Santa Monica Municipal Airport,Santa Monica,United States,SMO,KSMO,34.015800476100004,-118.450996399,America/Los_Angeles
7648,Bermuda Dunes Airport,Palm Springs,United States,UDD,KUDD,33.748401641846,-116.27500152588,America/Los_Angeles
7649,Scottsdale Airport,Scottsdale,United States,SCF,KSDL,33.622898101807,-111.91100311279,America/Phoenix
7650,Olympia Regional Airport,Olympia,United States,OLM,KOLM,46.9693985,-122.9029999,America/Los_Angeles
7651,Yolo County Davis Woodland Winters Airport,Davis-Woodland-Winters,United States,,KDWA,38.57910156,-121.8570023,America/Los_Angeles
7652,Garfield County Regional Airport,Rifle,United States,RIL,KRIL,39.526299,-107.726997,America/Denver
7653,Shively Field,SARATOGA,United States,SAA,KSAA,41.444901,-106.823997,America/Denver
7654,DeKalb Peachtree Airport,Atlanta,United States,PDK,KPDK,33.8755989075,-84.3020019531,America/New_York
7655,Monroe County Airport,Bloomington,United States,BMG,KBMG,39.145999908447266,-86.61669921875,America/New_York
7656,Witham Field,Stuart,United States,SUA,KSUA,27.18169975,-80.22109985,America/New_York
7657,Morristown Municipal Airport,Morristown,United States,MMU,KMMU,40.799400329589844,-74.41490173339844,America/New_York
7658,Napa County Airport,Napa,United States,APC,KAPC,38.2132,-122.280998,America/Los_Angeles
7659,Brown Field Municipal Airport,San Diego,United States,SDM,KSDM,32.572299957275,-116.98000335693,America/Los_Angeles
7660,Wangen-Lachen Airport,Wangen-Lachen,Switzerland,,LSPV,47.2047,8.8675,Europe/Zurich
7662,Venice Municipal Airport,Venice,United States,VNC,KVNC,27.071599960327,-82.440299987793,America/New_York
7663,Palm Beach County Glades Airport,Pahokee,United States,PHK,KPHK,26.78499985,-80.69339752,America/New_York
7669,Northwest Florida Beaches International Airport,Panama City,United States,ECP,KECP,30.357106,-85.795414,America/Chicago
7670,San Bernardino International Airport,San Bernardino,United States,SBD,KSBD,34.0954017639,-117.23500061,America/Los_Angeles
7671,Valença Airport,Valenca,Brazil,VAL,SNVB,-13.2965,-38.992401,America/Fortaleza
7673,Caruaru Airport,Caruaru,Brazil,CAU,SNRU,-8.282389640808105,-36.01350021362305,America/Fortaleza
7674,Wake Island Airfield,Wake island,Wake Island,AWK,PWAK,19.282100677490234,166.63600158691406,Pacific/Johnston
7675,Aeroclube Airport,Nova Iguacu,Brazil,QNV,SDNY,-22.74530029296875,-43.46030044555664,America/Sao_Paulo
7683,San Carlos Airport,San Carlos,United States,SQL,KSQL,37.511901855469,-122.25,America/Los_Angeles
7684,Courtelary Airport,Courtelary ,Switzerland,,LSZJ,47.18360137939453,7.090829849243164,Europe/Zurich
7685,Lotnisko Korne,Koszalin,Poland,,EPKO,54.129583,17.844972,Europe/Warsaw
7686,Camp Okavango Airport,Okavango Delta,Botswana,,FBCO,-19.131115,23.102505,Africa/Gaborone
7690,Rocky Mount Wilson Regional Airport,Rocky Mount,United States,RWI,KRWI,35.856300354003906,-77.89189910888672,America/New_York
7691,Whittier Airport,Whittier,United States,,PAWR,60.777198791503906,-148.7220001220703,America/Anchorage
7692,Soldotna Airport,Soldotna,United States,SXQ,PASX,60.47570037841797,-151.03399658203125,America/Anchorage
7693,Gillespie Field,El Cajon,United States,SEE,KSEE,32.826198577881,-116.97200012207,America/Los_Angeles
7694,San Clemente Island Naval Auxiliary Landing Field,San Clemente Island,United States,,KNUC,33.02270126,-118.5879974,America/Los_Angeles
7700,Phan Rang Airport,Phan Rang,Vietnam,PHA,VVPR,11.6335000992,108.952003479,Asia/Saigon
7701,Na-San Airport,Son-La,Vietnam,SQH,VVNS,21.216999053955078,104.03299713134766,Asia/Saigon
7702,Truckee Tahoe Airport,Truckee,United States,TKF,KTRK,39.319999694799996,-120.13999939,America/Los_Angeles
7703,Fréjus Airport,Frejus,France,FRJ,LFTU,43.4175,6.7357,Europe/Paris
7704,Geelong Airport,Geelong,Australia,GEX,YGLG,-38.224998474121094,144.33299255371094,Australia/Hobart
7710,Mezen Airport,Mezen,Russia,,ULAE,65.87833404541016,44.21500015258789,Europe/Moscow
7711,Vaskovo Airport,Arkhangelsk,Russia,,ULAH,64.44170379639999,40.421699523899996,Europe/Moscow
7712,Cobb County-Mc Collum Field,Atlanta,United States,,KRYY,34.01319885,-84.59860229,America/New_York
7714,Brumowski  Air Base,Tulln,Austria,,LOXT,48.3167,16.116699,Europe/Vienna
7716,Dell Flight Strip,Dell,United States,,K4U9,44.7356987,-112.720001221,America/Denver
7717,Mission Field,Livingston-Montana,United States,LVM,KLVM,45.6994018555,-110.447998047,America/Denver
7720,Big Timber Airport,Big Timber,United States,,K6S0,45.806400299072266,-109.98100280761719,America/Denver
7721,Tulip City Airport,Holland,United States,,KBIV,42.742900848389,-86.107398986816,America/New_York
7722,London Heliport,London,United Kingdom,,EGLW,51.46972274779999,-0.179444000125,Europe/London
7723,Venice-Lido Airport,Venice,Italy,,LIPV,45.428299,12.3881,Europe/Rome
7724,Tallinn Linnahall Heliport,Tallinn,Estonia,,EECL,59.4486198425293,24.75322723388672,Europe/Tallinn
7725,Hernesaari Heliport,Helsinki,Finland,,EFHE,60.14777755737305,24.9244441986084,Europe/Helsinki
7726,Linkenheim Airport,Linkenheim,Germany,,EDRI,49.141666412353516,8.394721984863281,Europe/Berlin
7727,Monument Valley Airport,Monument Valley,United States,GMV,UT25,37.016700744599994,-110.200996399,America/Denver
7728,Hilversum Airfield,Hilversum,Netherlands,,EHHV,52.191898,5.14694,Europe/Amsterdam
7729,West 30th St. Heliport,New York,United States,JRA,KJRA,40.754501,-74.007103,America/New_York
7730,Texel Airfield,Texel,Netherlands,,EHTX,53.115299,4.83361,Europe/Amsterdam
7731,La Cerdanya Airport,Das i Fontanals de Cerdanya,Spain,,LECD,42.38639831542969,1.86667001247406,Europe/Madrid
7732,Lakeland Linder International Airport,Lakeland,United States,LAL,KLAL,27.988899,-82.018602,America/New_York
7738,Stary Oskol Airport,Stary Oskol,Russia,,UUOS,51.32921600341797,37.76884841918945,Europe/Moscow
7766,Syangboche Airport,Syangboche,Nepal,SYH,VNSB,27.8112,86.7124,Asia/Katmandu
7767,Indianola Municipal Airport,New York,United States,,KIDL,33.485699,-90.678902,America/Chicago
7768,Cheremshanka Airport,Krasnoyarsk,Russia,,UNKM,56.176998138399995,92.5400009155,Asia/Krasnoyarsk
7769,French Valley Airport,Murrieta-Temecula,United States,RBK,KF70,33.5741996765,-117.127998352,America/Los_Angeles
7772,Oristano-Fenosu Airport,Oristano,Italy,FNU,LIER,39.895308,8.642661,Europe/Rome
7773,White Waltham Airfield,Maidenhead,United Kingdom,,EGLM,51.500801086399996,-0.774443984032,Europe/London
7774,Mysore Airport,Mysore,India,MYQ,VOMY,12.23,76.655833,Asia/Calcutta
7775,Carl R Keller Field,Port Clinton,United States,,KPCW,41.516300201416016,-82.86869812011719,America/New_York
7776,Dayton-Wright Brothers Airport,Dayton,United States,MGY,KMGY,39.5890007019,-84.224899292,America/New_York
7777,Richmond Municipal Airport,Richmond,United States,,KRID,39.757198333740234,-84.8427963256836,America/New_York
7778,Findlay Airport,Findley,United States,FDY,KFDY,41.013500213600004,-83.66870117190001,America/New_York
7780,Burlington Executive,Burlington,Canada,,CZBA,43.4414531515,-79.850102663,America/Toronto
7782,Penneshaw Airport,Penneshaw,Australia,PEA,YPSH,-35.7558462874,137.962875366,Australia/Adelaide
7787,Engels heliport,Ebenhofen,Germany,,EBEN,51.211666107177734,4.5808329582214355,Europe/Brussels
7792,Emporia Municipal Airport,Kempten,Germany,EMP,KEMP,38.3320999146,-96.19120025630001,America/Chicago
7800,Skå-Edeby Airport,Essen,Germany,,ESSE,59.34510040283203,17.74049949645996,Europe/Stockholm
7804,Wycombe Air Park,Wycombe,United Kingdom,HYC,EGTB,51.6116981506,-0.8083329796790001,Europe/London
7805,Bembridge Airport,Bembridge,United Kingdom,BBP,EGHJ,50.6781005859,-1.10943996906,Europe/London
7806,Waterville / Kings County Municipal Airport,Waterville,Canada,,CCW3,45.0518989563,-64.6517028809,America/Halifax
7809,Black Hills Airport-Clyde Ice Field,Spearfish-South Dakota,United States,SPF,KSPF,44.48030090332,-103.78299713135,America/Denver
7810,Westkapelle heliport,Knokke,Belgium,,EBKW,51.32222366333,3.2930560112,Europe/Brussels
7811,Redcliffe Airport,Rothwell,Australia,,YRED,-27.20669937133789,153.0679931640625,Australia/Brisbane
7812,Oksywie Military Air Base,Gdynia,Poland,QYD,EPOK,54.57970047,18.51720047,Europe/Warsaw
7813,Malbork Military Air Base,Malbork,Poland,,EPMB,54.0269012451,19.134199142499998,Europe/Warsaw
7814,Lask Military Air Base,Lask,Poland,,EPLK,51.551700592,19.179100036599998,Europe/Warsaw
7815,Miroslawiec Military Air Base,Miroslawiec,Poland,,EPMI,53.395099639899996,16.0827999115,Europe/Warsaw
7816,Krzesiny Military Air Base,Poznan,Poland,,EPKS,52.3316993713,16.9664001465,Europe/Warsaw
7817,Olive Branch Airport,Olive Branch,United States,OLV,KOLV,34.9786987305,-89.78690338130001,America/Chicago
7818,Viña del mar Airport,Vina del Mar,Chile,KNA,SCVM,-32.9496,-71.4786,America/Santiago
7820,Brampton Airport,Brampton,Canada,,CNC3,43.7602996826,-79.875,America/Toronto
7821,Zonguldak Airport,Zonguldak,Turkey,ONQ,LTAS,41.506401062,32.0886001587,Europe/Istanbul
7822,Rocky Mountain Metropolitan Airport,Broomfield-CO,United States,BJC,KBJC,39.90879822,-105.1169968,America/Denver
7826,Salem Municipal Airport/McNary Field,Salem,United States,SLE,KSLE,44.90950012,-123.0029984,America/Los_Angeles
7827,Tunica Municipal Airport,Tunica,United States,UTM,KUTA,34.680999755859,-90.346702575684,America/Chicago
7828,Batken Airport,Batken,Kyrgyzstan,,UA30,40.042899,70.83784,Asia/Bishkek
7830,Kasaba Bay Airport,Kasaba Bay,Zambia,ZKB,FLKY,-8.524999618530273,30.663000106811523,Africa/Lusaka
7831,Hunt Field,Lindau,Germany,LND,KLND,42.8152008057,-108.730003357,America/Denver
7834,Hoogeveen Airfield,Hoogeveen,Netherlands,,EHHO,52.730801,6.51611,Europe/Amsterdam
7835,Teuge Airport,Deventer,Netherlands,,EHTE,52.2447013855,6.04666996002,Europe/Amsterdam
7836,Midden-Zeeland Airport,Middelburg,Netherlands,,EHMZ,51.5121994019,3.73111009598,Europe/Amsterdam
7837,Ameland Airfield,Ameland,Netherlands,,EHAL,53.451698,5.67722,Europe/Amsterdam
7838,Saint-Cyr-l'École Airport,Saint-Cyr,France,,LFPZ,48.8114013671875,2.0747199058532715,Europe/Paris
7839,Lawrence J Timmerman Airport,Milwaukee,United States,MWC,KMWC,43.110401,-88.034401,America/Chicago
7840,Southern Wisconsin Regional Airport,Janesville,United States,JVL,KJVL,42.620300293,-89.0416030884,America/Chicago
7841,Mantsonyane Airport,Mantsonyane,Lesotho,,FXMN,-29.546100616455078,28.270999908447266,Africa/Maseru
7846,Arlington Municipal Airport,Arlington,United States,,KGKY,32.66389846801758,-97.09429931640625,America/Chicago
7847,Gwinnett County Briscoe Field,Lawrenceville,United States,LZU,KLZU,33.97809982,-83.96240234,America/New_York
7848,Bowling Green Warren County Regional Airport,Bowling Green,United States,BWG,KBWG,36.964500427199994,-86.41970062259999,America/Chicago
7849,Richard Lloyd Jones Jr Airport,Tulsa,United States,RVS,KRVS,36.039600372314,-95.984596252441,America/Chicago
7853,Al Minhad Air Base,Minhad AB,United Arab Emirates,NHD,OMDM,25.0268001556,55.3661994934,Asia/Dubai
7854,Kirovograd Airport,Kirovograd,Ukraine,KGO,UKKG,48.54280090332031,32.28499984741211,Europe/Kiev
7855,Roitzschjora Airfield,Roitzschjora,Germany,,EDAW,51.577778,12.494444,Europe/Berlin
7856,El Alamein International Airport,Dabaa City,Egypt,DBB,HEAL,30.92449951171875,28.46139907836914,Africa/Cairo
7857,Bryce Canyon Airport,Bryce Canyon,United States,BCE,KBCE,37.706401825,-112.144996643,America/Denver
7859,Burlington Alamance Regional Airport,Burlington,United States,,KBUY,36.048500061035156,-79.47489929199219,America/New_York
7861,Chkalovskiy Air Base,Shchyolkovo,Russia,CKL,UUMU,55.8783,38.061699,Europe/Moscow
7862,Tengchong Tuofeng Airport,Tengchong,China,TCZ,ZUTC,24.9380555556,98.48583333330001,Asia/Shanghai
7863,Belbek Airport,Sevastopol,Ukraine,UKS,UKFB,44.688999176,33.570999145500004,Europe/Simferopol
7867,De Peel Air Base,Deurne,Netherlands,,EHDP,51.51729965209961,5.855720043182373,Europe/Amsterdam
7868,Camp Bastion Airport,Camp Bastion,Afghanistan,OAZ,OAZI,31.863800048799998,64.2246017456,Asia/Kabul
7869,New Century Aircenter Airport,Olathe,United States,JCI,KIXD,38.8308982849,-94.890296936,America/Chicago
7870,Easton Newnam Field,Easton,United States,ESN,KESN,38.8041992188,-76.06900024410001,America/New_York
7871,Stafsberg Airport,Hamar,Norway,HMR,ENHA,60.81809997558594,11.067999839782715,Europe/Oslo
7872,Ringebu Airfield Frya,Frya,Norway,,ENRI,61.545440673,10.061588287,Europe/Oslo
7875,Yuba County Airport,Yuba City,United States,MYV,KMYV,39.09780121,-121.5699997,America/Los_Angeles
7879,Phillip Island Airport,Phillip Island,Australia,,YPID,-38.52330017089844,145.32699584960938,Australia/Hobart
7880,Halliburton Field,Duncan,United States,DUC,KDUC,34.47090149,-97.9598999,America/Chicago
7885,Garner Field,Uvalde,United States,UVA,KUVA,29.2112998962,-99.743598938,America/Chicago
7886,Lewis University Airport,Lockport,United States,LOT,KLOT,41.6072998,-88.09619904,America/Chicago
7888,Buchanan Field,Concord,United States,CCR,KCCR,37.9897003174,-122.056999207,America/Los_Angeles
7889,Ocean Reef Club Airport,Ocean Reef Club Airport,United States,OCA,07FA,25.325399398804,-80.274803161621,America/New_York
7892,Strasbourg Neuhof Airfield,Strasbourg Neudorf,France,,LFGC,48.554401,7.77806,Europe/Paris
7893,Nannhausen Airport,Nannhausen,Germany,,EDRN,49.9702796936,7.47916698456,Europe/Berlin
7894,Yushu Batang Airport,Yushu,China,YUS,ZYLS,32.836388888900004,97.0363888889,Asia/Shanghai
7898,Lianshui Airport,Huai An,China,HIA,ZSSH,33.7908333333,119.125,Asia/Shanghai
7902,Toronto/Oshawa Executive Airport,Oshawa,Canada,YOO,CYOO,43.922798,-78.894997,America/Toronto
7903,Marl-Loemühle Airfield,Recklinghausen,Germany,,EDLM,51.647202,7.16333,Europe/Berlin
7904,Färila Air Base,Farila,Sweden,,ESNF,61.897998809814,15.705300331116,Europe/Stockholm
7905,Lahr Airport,Lahr,Germany,LHA,EDTL,48.3693008423,7.82772016525,Europe/Berlin
7906,Monywar Airport,Monywa,Burma,NYW,VYMY,22.221638,95.093479,Asia/Rangoon
7907,Ohio University Snyder Field,Athens,United States,ATO,KUNI,39.2109985352,-82.23139953610001,America/New_York
7908,Springfield-Beckley Municipal Airport,Springfield,United States,SGH,KSGH,39.840301513672,-83.840202331543,America/New_York
7909,Sun Island Resort and SPA,South Aari Atoll,Maldives,,,3.488334,72.862989,America/Sao_Paulo
7910,Fes Sefrou Airport,Fes,Morocco,,GMFU,34.00809860229492,-4.965559959411621,Africa/Casablanca
7911,Herrera Airport,Santo Domingo,Dominican Republic,HEX,MDHE,18.4696998596,-69.9693984985,America/Santo_Domingo
7912,Cooinda Airport,Cooinda,Australia,CDA,YCOO,-12.903300285339355,132.53199768066406,Australia/Darwin
7913,Jabiru Airport,Jabiru,Australia,JAB,YJAB,-12.658300399780273,132.89300537109375,Australia/Darwin
7918,Regensburg-Oberhub Airport,Regensburg,Germany,,EDNR,49.141944885253906,12.081944465637207,Europe/Berlin
7924,Hastings Airport,Freetown,Sierra Leone,HGS,GFHA,8.397130012512207,-13.12909984588623,Africa/Freetown
7925,Philip Billard Municipal Airport,Topeka,United States,TOP,KTOP,39.068698883057,-95.622497558594,America/Chicago
7928,Benson Airstrip,Uvalde,United States,,2XS8,29.229400634765625,-99.82389831542969,America/Chicago
7929,Rough River State Park Airport,Null,United States,,K2I3,37.610022,-86.507262,America/Chicago
7930,Smyrna Airport,Smyrna,United States,MQY,KMQY,36.0089988708,-86.5201034546,America/Chicago
7931,Franklin County Airport,Sewanee,United States,UOS,KUOS,35.205101013184,-85.898101806641,America/Chicago
7932,Ngari Gunsa Airport,Shiquanhe,China,NGQ,ZUAL,32.1,80.0530555556,Asia/Shanghai
7933,Cochstedt Airport,Cochstedt,Germany,CSO,EDBC,51.8563995361,11.42029953,Europe/Berlin
7935,Collin County Regional At Mc Kinney Airport,DALLAS,United States,,KTKI,33.17789841,-96.59049988,America/Chicago
7936,Chicago Executive Airport,Chicago-Wheeling,United States,PWK,KPWK,42.114222,-87.901494,America/Chicago
7938,Southwest Washington Regional Airport,Kelso,United States,KLS,KKLS,46.11800003049999,-122.898002625,America/Los_Angeles
7939,Benešov Airport,Benesov,Czech Republic,,LKBE,49.74079895019531,14.644700050354004,Europe/Prague
7941,Bougouni Airport,Bougouni,Mali,,GABG,11.449999809265137,-7.517000198364258,Africa/Bamako
7946,Tureia Airport,Tureia,French Polynesia,ZTA,NTGY,-20.78969955444336,-138.57000732421875,\N
7947,McMurdo Station Ice Runway,Ross Island,Antarctica,,NZIR,-77.85399627685547,166.468994140625,Antarctica/South_Pole
7948,Keekorok Airport,Keekorok,Kenya,,HKKE,-1.5829999446868896,35.25,Africa/Nairobi
7962,Puerto Obaldia Airport,Puerto Obaldia,Panama,PUE,MPOA,8.667,-77.418,America/Panama
7963,Kerch Airport,Kerch,Ukraine,KHC,UKFK,45.372501373291016,36.40140151977539,Europe/Simferopol
7976,Ukunda Airstrip,Ukunda,Kenya,UKA,HKUK,-4.29333,39.571098,Africa/Nairobi
7978,Wilmington Airpark,Wilmington,United States,ILN,KILN,39.427898407,-83.792098999,America/New_York
7979,Marana Regional Airport,Tucson,United States,AVW,KAVQ,32.4095993042,-111.218002319,America/Phoenix
7980,Casa Grande Municipal Airport,Casa Grande,United States,CGZ,KCGZ,32.954899,-111.766998,America/Phoenix
7981,Mobile Airport,Mobile,United States,,1AZ0,33.111900329589844,-112.26899719238281,America/Phoenix
7982,Buckeye Municipal Airport,Buckeye,United States,BXK,KBXK,33.42039871,-112.685997,America/Phoenix
7983,Gila Bend Municipal Airport,Gila Bend,United States,,KE63,32.95809937,-112.6780014,America/Phoenix
7984,McMinn County Airport,Athens,United States,MMI,KMMI,35.39730072,-84.56259918,America/New_York
7985,Sterling Municipal Airport,Sterling,United States,STK,KSTK,40.61529922,-103.2649994,America/Denver
7986,Rawlins Municipal Airport/Harvey Field,Rawlins,United States,RWL,KRWL,41.80559921,-107.1999969,America/Denver
7987,Mackenzie Airport,Mackenzie British Columbia,Canada,,CYZY,55.304402,-123.132004,America/Vancouver
7990,Essex County Airport,Caldwell,United States,CDW,KCDW,40.875198364300005,-74.2814025879,America/New_York
7991,Lee C Fine Memorial Airport,Kaiser Lake Ozark,United States,AIZ,KAIZ,38.0960006714,-92.54949951170002,America/Chicago
7998,Thomasville Regional Airport,Thomasville,United States,TVI,KTVI,30.901599884033,-83.881301879883,America/New_York
7999,Henderson Executive Airport,Henderson,United States,HSH,KHND,35.9728012085,-115.134002686,America/Los_Angeles
8000,Gostomel Airport,Kiev,Ukraine,GML,UKKM,50.60350036621094,30.1919002532959,Europe/Kiev
8005,Henry Tift Myers Airport,Tifton,United States,TMA,KTMA,31.4290008545,-83.4885025024,America/New_York
8006,Landshut Airport,Landshut,Germany,,EDML,48.51166534423828,12.033332824707031,Europe/Berlin
8007,Itzehoe/Hungriger Wolf Airport,Itzehoe,Germany,,EDHF,53.99444580078125,9.578611373901367,Europe/Berlin
8029,Radom Airport,RADOM,Poland,RDO,EPRA,51.3891983032,21.213300705,Europe/Warsaw
8030,Phoenix Deer Valley Airport,Phoenix ,United States,DVT,KDVT,33.6883010864,-112.083000183,America/Phoenix
8031,Calgary / Springbank Airport,Calgary,Canada,,CYBW,51.103099823,-114.374000549,America/Edmonton
8032,Golden Airport,Golden,Canada,,CYGE,51.299196,-116.982002,America/Edmonton
8033,Revelstoke Airport,Revelstoke,Canada,YRV,CYRV,50.9667015076,-118.182998657,America/Vancouver
8034,Republic Airport,Farmingdale,United States,FRG,KFRG,40.7288017273,-73.4133987427,America/New_York
8035,Allstedt Airport,Allstedt,Germany,,EDBT,51.38055419921875,11.446666717529297,Europe/Berlin
8038,General Freire Airport,Curico,Chile,,SCIC,-34.96666717529297,-71.21639251708984,America/Santiago
8039,Peine-Eddesse Airport,Peine,Germany,,EDVP,52.402500152600005,10.228889465299998,Europe/Berlin
8042,South Texas Regional Airport at Hondo,Hondo,United States,,KHDO,29.35950088501,-99.176696777344,America/Chicago
8043,Zhongwei Shapotou Airport,Zhongwei,China,ZHY,ZLZW,37.573125,105.154454,Asia/Shanghai
8050,McKinley National Park Airport,McKinley Park,United States,MCL,PAIN,63.7326011658,-148.910995483,America/Anchorage
8051,Lake Hood Airport,Anchorage,United States,,PALH,61.186946,-149.965442,America/Anchorage
8052,Prospect Creek Airport,Prospect Creek,United States,PPC,PAPR,66.814102172852,-150.64399719238,America/Anchorage
8053,Khwai River Lodge Airport,Khwai River,Botswana,KHW,FBKR,-19.149999618530273,23.783000946044922,Africa/Gaborone
8054,Spremberg-Welzow Airport,Welzow,Germany,,EDCY,51.575557708740234,14.136943817138672,Europe/Berlin
8055,Taichung Airport,Taichung,Taiwan,TXG,RCLG,24.18630027770996,120.65399932861328,Asia/Taipei
8062,Wheeling Ohio County Airport,Wheeling,United States,HLG,KHLG,40.1749992371,-80.6463012695,America/New_York
8063,Fitzgerald Municipal Airport,Fitzgerald,United States,,KFZG,31.683700561523438,-83.27050018310547,America/New_York
8069,Ye Airport,Ye,Burma,XYE,VYYE,15.300000190734863,97.86699676513672,Asia/Rangoon
8070,Isla San Felix Airport,Isla San Felix,Chile,,SCFX,-26.293899536132812,-80.09619903564453,America/Santiago
8075,Shaibah Airport,Shaybah,Saudi Arabia,,OESB,22.51449966430664,53.9640998840332,Asia/Riyadh
8076,Al Maktoum International Airport,Dubai,United Arab Emirates,DWC,OMDW,24.896356,55.161389,Asia/Dubai
8077,Aransas County Airport,Rockport,United States,RKP,KRKP,28.0867996216,-97.0446014404,America/Chicago
8079,Megève Airport,Verdun,France,MVV,LFHM,45.82080078125,6.652219772338867,Europe/Paris
8080,Méribel Altiport,Ajaccio,France,MFX,LFKX,45.407003,6.577942,Europe/Paris
8082,Baise Youjiang Airport,Baise,China,AEB,ZGBS,23.7206001282,106.959999084,Asia/Shanghai
8083,Okaukuejo Airport,Okaukuejo,Namibia,OKF,FYOO,-19.149200439453125,15.91189956665039,Africa/Windhoek
8084,Mokuti Lodge Airport,Mokuti Lodge,Namibia,OKU,FYMO,-18.81279945373535,17.05940055847168,Africa/Windhoek
8085,Rotenburg (Wümme) Airport,Rotenburg Wuemme,Germany,,EDXQ,53.128334045410156,9.348610877990723,Europe/Berlin
8086,Wipperfürth-Neye Airport,Wipperfuerth,Germany,,EDKN,51.124168395996094,7.373610973358154,Europe/Berlin
8087,Osnabrück-Atterheide Airport,Osnabrueck,Germany,,EDWO,52.286388,7.969722,Europe/Berlin
8088,Flugplatz Ballenstedt,Ballenstedt,Germany,,EDCB,51.745834,11.229722,Europe/Berlin
8089,Flugplatz Hartenholm,Hasenmoor,Germany,,EDHM,53.915001,10.035556,Europe/Berlin
8090,Ganderkesee Atlas Airfield,Ganderkesee,Germany,,EDWQ,53.03611,8.505556,Europe/Berlin
8091,Nienburg-Holzbalge Airport,Nienburg Weser,Germany,,EDXI,52.709720611572266,9.162500381469727,Europe/Berlin
8092,Damme Airfield,Damme,Germany,,EDWC,52.487499,8.185556,Europe/Berlin
8093,Borkenberge Airport,Duelmen,Germany,,EDLB,51.779998779299994,7.28805589676,Europe/Berlin
8094,Obermehler-Schlotheim Airport,Obermehler,Germany,,EDCO,51.26777648925781,10.634721755981445,Europe/Berlin
8095,Hodenhagen Airport,Hodenhagen,Germany,,EDVH,52.761865,9.61056,Europe/Berlin
8096,Grube Airport,Grube,Germany,,EDHB,54.24444580078125,11.0247220993042,Europe/Berlin
8097,Tønder Airport,Toender,Denmark,,EKTD,54.9296989440918,8.840570449829102,Europe/Copenhagen
8098,Celle-Arloh Airport,Celle,Germany,,EDVC,52.68722152709961,10.11138916015625,Europe/Berlin
8099,Uelzen Airport,Uelzen,Germany,,EDVU,52.9838905334,10.4650001526,Europe/Berlin
8100,Hamm-Lippewiesen Airport,Hamm,Germany,,EDLH,51.689720153808594,7.816111087799072,Europe/Berlin
8101,Lüsse Airport,Luesse,Germany,,EDOJ,52.141109466552734,12.664722442626953,Europe/Berlin
8102,Porta Westfalica Airport,Bad Oeynhausen,Germany,,EDVY,52.22083282470703,8.859167098999023,Europe/Berlin
8103,Brilon/Hochsauerlandkreis Airfield,Brilon,Germany,,EDKO,51.4025,8.641667,Europe/Berlin
8104,Hameln-Pyrmont Airport,Bad Pyrmont,Germany,,EDVW,51.96666717529297,9.291666984558105,Europe/Berlin
8105,Nordholz-Spieka Airfield,Cuxhaven,Germany,,EDXN,53.767223,8.643611,Europe/Berlin
8106,Köthen Airport,Koethen,Germany,KOQ,EDCK,51.7211112976,11.952777862500001,Europe/Berlin
8107,St. Michaelisdonn Airport,Sankt Michaelisdonn,Germany,,EDXM,53.978057861328125,9.144721984863281,Europe/Berlin
8108,Salzgitter-Drütte Airport,Salzgitter,Germany,,EDVS,52.15444564819336,10.426667213439941,Europe/Berlin
8109,Karlshöfen Airport,Karlshoefen,Germany,,EDWK,53.33277893066406,9.028332710266113,Europe/Berlin
8110,Oldenburg-Hatten Airfield,Oldenburg,Germany,,EDWH,53.06889,8.313611,Europe/Berlin
8111,Rinteln Airport,Rinteln,Germany,,EDVR,52.17527770996094,9.053333282470703,Europe/Berlin
8112,Münster-Telgte Airport,Muenster,Germany,,EDLT,51.94444274902344,7.773889064788818,Europe/Berlin
8113,St. Peter-Ording Airport,Sankt Peter-Ording,Germany,PSH,EDXO,54.30888748168945,8.686944007873535,Europe/Berlin
8114,Lüchow-Rehbeck Airport,Luechow,Germany,,EDHC,53.016109466552734,11.144444465637207,Europe/Berlin
8115,Klietz/Scharlibbe Airport,Scharlibbe,Germany,,EDCL,52.709442138671875,12.073332786560059,Europe/Berlin
8116,Burg Airport,Burg,Germany,,EDBG,52.241668701171875,11.856110572814941,Europe/Berlin
8117,Crisp County Cordele Airport,Cordele,United States,,KCKF,31.98880005,-83.77390289,America/New_York
8118,Ormond Beach Municipal Airport,Ormond Beach,United States,,KOMN,29.300600051879883,-81.11360168457031,America/New_York
8119,Bad Neuenahr-Ahrweiler Airfield,Bad Neuenahr,Germany,,EDRA,50.557777,7.136389,Europe/Berlin
8120,Bad Dürkheim Airport,Bad Duerkheim,Germany,,EDRF,49.47305679321289,8.196389198303223,Europe/Berlin
8121,Portland Troutdale Airport,Troutdale,United States,TTD,KTTD,45.54940032959,-122.40100097656,America/Los_Angeles
8122,Portland Hillsboro Airport,Hillsboro,United States,HIO,KHIO,45.540401,-122.949997,America/Los_Angeles
8123,One Police Plaza Heliport,New York,United States,,NK39,40.71260070800781,-73.99960327148438,America/New_York
8124,Leverkusen Airport,Leverkusen,Germany,,EDKL,51.01527786254883,7.005556106567383,Europe/Berlin
8126,Wershofen/Eifel Airfield,Wershofen,Germany,,EDRV,50.451389,6.783333,Europe/Berlin
8127,Khost Airport,Khost,Afghanistan,KHT,OAKS,33.3334007263,69.952003479,Asia/Kabul
8130,Namtu Airport,Naypyidaw,Burma,NMT,VYNT,23.083,97.383003,Asia/Rangoon
8133,Bend Municipal Airport,Bend,United States,,KBDN,44.09479904,-121.2009964,America/Los_Angeles
8134,Christmas Valley Airport,Christmas Valley,United States,,K62S,43.23649978637695,-120.66600036621094,America/Los_Angeles
8135,Burns Municipal Airport,Burns,United States,BNO,KBNO,43.5918998718,-118.955001831,America/Los_Angeles
8136,Prineville Airport,Prineville,United States,PRZ,KS39,44.286998748779,-120.90399932861,America/Los_Angeles
8137,Red Bluff Municipal Airport,Red Bluff,United States,RBL,KRBL,40.1506996155,-122.251998901,America/Los_Angeles
8138,Marin County Airport - Gnoss Field,Novato,United States,NOT,KDVO,38.143600463867,-122.55599975586,America/Los_Angeles
8139,Lake County Airport,Lakeview,United States,LKV,KLKV,42.161098480199996,-120.399002075,America/Los_Angeles
8140,Tillamook Airport,Tillamook,United States,OTK,KTMK,45.4182014465,-123.814002991,America/Los_Angeles
8141,Ontario Municipal Airport,Ontario,United States,ONO,KONO,44.020500183105,-117.01399993896,America/Denver
8142,Columbia Gorge Regional the Dalles Municipal Airport,The Dalles,United States,DLS,KDLS,45.6184997559,-121.166999817,America/Los_Angeles
8143,Montgomery County Airpark,Gaithersburg,United States,GAI,KGAI,39.168300628699996,-77.1660003662,America/New_York
8146,Sharana Airstrip,Sharona,Afghanistan,OAS,OASA,33.12575,68.838517,Asia/Kabul
8147,Pembroke Airport,Pembroke,Canada,YTA,CYTA,45.86439895629883,-77.25170135498047,America/Toronto
8148,Tsumeb Airport,Tsumeb,Namibia,TSB,FYTM,-19.26189994812,17.732500076294,Africa/Windhoek
8149,Suffield Heliport,Suffield,Canada,YSD,CYSD,50.266700744628906,-111.18299865722656,America/Edmonton
8152,Blumenau Airport,BLUMENAU,Brazil,BNU,SSBL,-26.83060073852539,-49.090301513671875,America/Sao_Paulo
8156,Bolshoye Gryzlovo Airfield,Stupino,Russia,,UUDG,54.785,37.645,Europe/Moscow
8162,Charlevoix Municipal Airport,Charelvoix,United States,,KCVX,45.3047981262207,-85.2748031616211,America/New_York
8165,Mykines Heliport,Mykines,Faroe Islands,,EKMS,62.1021003723,-7.645919799800001,Atlantic/Faeroe
8177,Cornwall Regional Airport,Cornwall,Canada,YCC,CYCC,45.09280014038086,-74.56330108642578,America/Toronto
8178,Seppe Airfield,Bosschenhoofd,Netherlands,,EHSE,51.554699,4.5525,Europe/Amsterdam
8179,St Stephan Airport,St.Stephan,Switzerland,,LSTS,46.497398376464844,7.412569999694824,Europe/Zurich
8180,Zona da Mata Regional Airport,Juiz de Fora,Brazil,IZA,SDZY,-21.5130558014,-43.1730575562,America/Sao_Paulo
8181,IAR Gimbav Heliport,Brasov,Romania,,LRBG,45.686443,25.529058,Europe/Bucharest
8182,Flagler Executive Airport,Flagler,United States,,KXFL,29.4674,-81.206299,America/New_York
8187,Morrisville Stowe State Airport,Morrisville,United States,MVL,KMVL,44.53459930419999,-72.6139984131,America/New_York
8188,Dallas Executive Airport,Dallas,United States,RBD,KRBD,32.6809005737,-96.8682022095,America/Chicago
8189,Como (Idroscalo - Water Ad) Hidroport,Como,Italy,,LILY,45.814701,9.06972,Europe/Rome
8192,Krainiy Airport,Baikonur,Kazakhstan,BXY,UAOL,45.621994,63.210773,Asia/Qyzylorda
8194,Westerly State Airport,Washington County,United States,WST,KWST,41.3496017456,-71.8033981323,America/New_York
8195,Block Island State Airport,Block Island,United States,BID,KBID,41.1680984497,-71.577796936,America/New_York
8199,Nightmute Airport,Nightmute,United States,NME,PAGT,60.471000671387,-164.70100402832,America/Anchorage
8200,Toksook Bay Airport,Toksook Bay,United States,OOK,PAOO,60.54140091,-165.0870056,America/Anchorage
8208,Ittoqqortoormiit Heliport,Ittoqqortoormiit,Greenland,OBY,BGSC,70.4882288244,-21.971679925900002,America/Scoresbysund
8209,Vinnytsia/Gavyryshivka Airport,Vinnitsa,Ukraine,VIN,UKWW,49.242531,28.613778,Europe/Kiev
8215,Decatur County Industrial Air Park,Bainbridge,United States,BGE,KBGE,30.9715004,-84.63739777,America/New_York
8216,La Romaine Airport,La Romaine,Canada,ZGS,CTT5,50.259701,-60.679401,America/Blanc-Sablon
8217,Kegaska Airport,Kegaska,Canada,ZKG,CTK6,50.1958007812,-61.265800476100004,America/Blanc-Sablon
8218,Black Tickle Airport,Black Tickle,Canada,YBI,CCE4,53.4693984985,-55.784999847399995,America/Halifax
8219,Silver Springs Airport,Silver Springs,United States,,KSPZ,39.40299987792969,-119.2509994506836,America/Los_Angeles
8220,Whiteman Airport,Los Angeles,United States,WHP,KWHP,34.2593002319,-118.413002014,America/Los_Angeles
8221,Madera Municipal Airport,Madera,United States,MAE,KMAE,36.9886016846,-120.111999512,America/Los_Angeles
8223,Trail Airport,Trail,Canada,YZZ,CAD4,49.0555992126,-117.60900116,America/Vancouver
8224,Victoria Airport,Patricia Bay,Canada,,CAP5,48.6538920506,-123.450450897,America/Vancouver
8225,Old Arctic Bay Airport,Arctic Bay,Canada,YAB,CJX7,73.0058922479,-85.0325489044,America/Winnipeg
8227,Birchwood Airport,Belmopan,Belize,,PABV,61.41650009,-149.5070038,America/Anchorage
8228,Grand-Santi Airport,Grand-Santi,French Guiana,GSI,SOGS,4.285833,-54.373056,America/Cayenne
8229,Maripasoula Airport,Maripasoula,French Guiana,MPY,SOOA,3.6575,-54.037201,America/Cayenne
8230,Saint-Laurent-du-Maroni Airport,Saint-Laurent-du-Maroni,French Guiana,LDX,SOOM,5.48306,-54.034401,America/Cayenne
8233,Kanas Airport,Burqin,China,KJI,ZWKN,48.2223,86.9959,Asia/Shanghai
8234,Capurganá Airport,Capurgana,Colombia,CPB,SKCA,8.63333,-77.35,America/Bogota
8235,Sohag International Airport,Sohag,Egypt,HMB,HEMK,26.342778,31.742778,Africa/Cairo
8236,Presidente General Don Oscar D. Gestido International Airport,Rivera,Uruguay,RVY,SURV,-30.974599838256836,-55.476200103759766,America/Montevideo
8237,Patos de Minas Airport,Patos de Minas,Brazil,POJ,SNPD,-18.672800064086914,-46.4911994934082,America/Sao_Paulo
8238,Bauru - Arealva Airport,Bauru,Brazil,JTC,SJTC,-22.166859140899998,-49.0502866745,America/Sao_Paulo
8239,Ourilândia do Norte Airport,Ourilandia do Norte,Brazil,OIA,SDOW,-6.763100147250001,-51.0499000549,America/Belem
8240,Redenção Airport,Redencao,Brazil,RDC,SNDC,-8.033289909362793,-49.97990036010742,America/Belem
8241,São Félix do Xingu Airport,Sao Felix do Xingu,Brazil,SXX,SNFX,-6.6413,-51.9523,America/Belem
8242,Bonito Airport,Bointo,Brazil,BYO,SJDB,-21.247299,-56.452499,America/Campo_Grande
8243,São Félix do Araguaia Airport,Sao Felix do Araguaia,Brazil,SXO,SWFX,-11.632399559020996,-50.68960189819336,America/Campo_Grande
8244,Caçador Airport,Cacador,Brazil,CFC,SBCD,-26.78840065,-50.9398002625,America/Sao_Paulo
8245,Carauari Airport,Carauari,Brazil,CAF,SWCA,-4.871520042419434,-66.89749908447266,America/Boa_Vista
8246,Urucu Airport,Porto Urucu,Brazil,,SWUY,-4.88422012329,-65.3554000854,America/Boa_Vista
8247,Eirunepé Airport,Eirunepe,Brazil,ERN,SWEI,-6.639530181884766,-69.87979888916016,America/Boa_Vista
8248,Concórdia Airport,Concordia,Brazil,CCI,SSCK,-27.180599212646484,-52.05270004272461,America/Sao_Paulo
8249,Francisco Beltrão Airport,Francisco Beltrao,Brazil,FBE,SSFB,-26.059200286865234,-53.063499450683594,America/Sao_Paulo
8250,Confresa Airport,Confresa,Brazil,CFO,SJHG,-10.634400367736816,-51.5635986328125,America/Campo_Grande
8252,Apalachicola Regional Airport,Apalachicola,United States,AAF,KAAF,29.72750092,-85.02749634,America/New_York
8253,Umuarama Airport,Umuarama,Brazil,UMU,SSUM,-23.7987003326416,-53.31380081176758,America/Sao_Paulo
8254,Diamantina Airport,Diamantina,Brazil,DTI,SNDT,-18.232000351,-43.650398254399995,America/Sao_Paulo
8255,Fonte Boa Airport,Fonte Boa,Brazil,FBA,SWOB,-2.5326099395800004,-66.0831985474,America/Boa_Vista
8256,Senadora Eunice Micheles Airport,Sao Paulo de Olivenca,Brazil,OLC,SDCG,-3.46792950765,-68.9204120636,America/Boa_Vista
8257,Humaitá Airport,Humaita,Brazil,HUW,SWHT,-7.532120227810001,-63.072101593,America/Boa_Vista
8258,Tapuruquara Airport,Santa Isabel do Rio Negro,Brazil,IRZ,SWTP,-0.3786,-64.9923,America/Boa_Vista
8259,Oriximiná Airport,Oriximina,Brazil,ORX,SNOX,-1.7140799760818481,-55.83620071411133,America/Belem
8260,Hotel Transamérica Airport,Una,Brazil,UNA,SBTC,-15.355199813799999,-38.9990005493,America/Fortaleza
8265,Telfer Airport,Telfer,Australia,TEF,YTEF,-21.71500015258789,122.22899627685547,Australia/Perth
8266,Gazipaşa Airport,Alanya,Turkey,GZP,LTGP,36.299217,32.300598,Europe/Istanbul
8267,Shank Air Base,Shank,Afghanistan,OAA,OASH,33.9225,69.07722222219999,Asia/Kabul
8273,Douglas Municipal Airport,Douglas,United States,,KDQH,31.476699829101562,-82.8604965209961,America/New_York
8274,St Lucie County International Airport,Fort Pierce,United States,FPR,KFPR,27.49510002,-80.36830139,America/New_York
8276,Taunton Municipal King Field,Taunton,United States,,KTAN,41.8744010925293,-71.0166015625,America/New_York
8277,Plymouth Municipal Airport,Plymouth,United States,PYM,KPYM,41.909,-70.728798,America/New_York
8278,Quonset State Airport,North Kingstown,United States,NCO,KOQU,41.597099304199,-71.412101745605,America/New_York
8280,Norwood Memorial Airport,Norwood,United States,OWD,KOWD,42.1904983521,-71.1728973389,America/New_York
8281,Westfield-Barnes Regional Airport,Westfield,United States,BAF,KBAF,42.157799,-72.715599,America/New_York
8282,Windham Airport,Willimantic,United States,,KIJD,41.74399948120117,-72.1802978515625,America/New_York
8283,Orange County Airport,Montgomery,United States,MGJ,KMGJ,41.50999832,-74.26460266,America/New_York
8284,Capital City Airport,Harrisburg,United States,HAR,KCXY,40.2170982361,-76.85150146480001,America/New_York
8285,Marshfield Municipal George Harlow Field,Marshfield,United States,,KGHG,42.09830093383789,-70.67220306396484,America/New_York
8286,Danbury Municipal Airport,Danbury,United States,DXR,KDXR,41.371498107899995,-73.48220062259999,America/New_York
8287,Boire Field,Nashua,United States,ASH,KASH,42.7817001343,-71.51480102539999,America/New_York
8288,Lawrence Municipal Airport,Lawrence,United States,LWM,KLWM,42.717201232899995,-71.1233978271,America/New_York
8289,Waterbury Oxford Airport,Oxford,United States,OXC,KOXC,41.47859954834,-73.135200500488,America/New_York
8290,Fitchburg Municipal Airport,Fitchburg,United States,,KFIT,42.554100036621094,-71.75900268554688,America/New_York
8291,Earl L. Small Jr. Field/Stockmar Airport,Villa Rica,United States,,20GA,33.756500244099996,-84.88469696039999,America/New_York
8292,Cartersville Airport,Cartersville,United States,,KVPC,34.12310028076172,-84.84870147705078,America/New_York
8293,Centre-Piedmont-Cherokee County Regional Airport,Centre,United States,,KPYP,34.089977,-85.610069,America/Chicago
8294,Richard B Russell Airport,Rome,United States,RMG,KRMG,34.3506011963,-85.15799713130001,America/New_York
8295,Northeast Alabama Regional Airport,Gadsden,United States,GAD,KGAD,33.972599,-86.088996,America/Chicago
8296,Knoxville Downtown Island Airport,Knoxville,United States,,KDKX,35.96390151977539,-83.8739013671875,America/New_York
8297,Barrow County Airport,Winder,United States,WDR,KWDR,33.98289871,-83.66739655,America/New_York
8298,Plantation Airpark,Sylvania,United States,,KJYL,32.645301818847656,-81.59709930419922,America/New_York
8299,Dalton Municipal Airport,Dalton,United States,DNN,KDNN,34.72290039,-84.87020111,America/New_York
8300,West Georgia Regional O V Gray Field,Carrollton,United States,,KCTJ,33.63100051879883,-85.1520004272461,America/New_York
8302,LaGrange Callaway Airport,LaGrange,United States,LGC,KLGC,33.0089,-85.072601,America/New_York
8303,Baldwin County Regional Airport,Milledgeville,United States,,KMLJ,33.154202,-83.240701,America/New_York
8305,Harris County Airport,Pine Mountain,United States,PIM,KPIM,32.8406982422,-84.8824005127,America/New_York
8306,Peachtree City Falcon Field,Atlanta,United States,,KFFC,33.3572998046875,-84.5718002319336,America/New_York
8308,Lee Gilmer Memorial Airport,Gainesville,United States,GVL,KGVL,34.27259827,-83.8302002,America/New_York
8312,Harry Clever Field,New Philadelpha,United States,PHD,KPHD,40.470901489258,-81.419700622559,America/New_York
8313,Darlington County Airport,Darlington,United States,,KUDG,34.449401,-79.890098,America/New_York
8314,Hilton Head Airport,Hilton Head Island,United States,HHH,KHXD,32.2243995667,-80.6975021362,America/New_York
8318,Daniel Field,Augusta,United States,DNL,KDNL,33.4664993286,-82.0393981934,America/New_York
8319,Foothills Regional Airport,Morganton,United States,MRN,KMRN,35.820202,-81.611397,America/New_York
8320,Pike County-Hatcher Field,Pikeville,United States,PVL,KPBX,37.5617981,-82.56639862,America/New_York
8321,Mallards Landing Airport,Locust Grove,United States,,GA04,33.365699768066406,-84.16519927978516,America/New_York
8322,Toccoa Airport - R.G. Letourneau Field,Toccoa,United States,TOC,KTOC,34.59379959,-83.29579926,America/New_York
8323,Compton Abbas Aerodrome,Shaftesbury,United Kingdom,,EGHA,50.967201232910156,-2.1536099910736084,Europe/London
8328,Suprunovka Airport,Poltava,Ukraine,PLV,UKHP,49.568599700927734,34.39720153808594,Europe/Kiev
8331,Aweil Airport,Aweil,Sudan,,HSAW,8.767000198364258,27.399999618530273,Africa/Juba
8332,Wau Airport,Wau,Sudan,WUU,HSWW,7.7258300781199996,27.9750003815,Africa/Juba
8333,Humera Airport,Humera,Ethiopia,HUE,HAHU,14.25,36.58300018310547,Africa/Addis_Ababa
8334,Moyale Airport,Moyale,Kenya,OYL,HKMY,3.46972,39.101398,Africa/Nairobi
8335,Zagora Airport,Zagora,Morocco,OZG,GMAZ,30.3202991486,-5.86667013168,Africa/Casablanca
8336,Yengema Airport,Yengema,Sierra Leone,WYE,GFYE,8.610469818115234,-11.04539966583252,Africa/Freetown
8337,Gbangbatok Airport,Gbangbatok,Sierra Leone,GBK,GFGK,7.767000198364258,-12.383000373840332,Africa/Freetown
8340,Turukhansk Airport,Turukhansk,Russia,THX,UOTT,65.797203064,87.9353027344,Asia/Krasnoyarsk
8341,Podkamennaya Tunguska Airport,Bor,Russia,TGP,UNIP,61.589699,89.994003,Asia/Krasnoyarsk
8342,Fort Worth Alliance Airport,Fort Worth,United States,AFW,KAFW,32.9875984192,-97.31880187990001,America/Chicago
8343,East Troy Municipal Airport,East Troy,United States,,K57C,42.79719924926758,-88.37259674072266,America/Chicago
8344,Kolpashevo Airport,Kolpashevo,Russia,,UNLL,58.32529830932617,82.93250274658203,Asia/Krasnoyarsk
8347,Ali Al Salem Air Base,Kuwait,Kuwait,,OKAS,29.34670066833496,47.52080154418945,Asia/Kuwait
8348,Renmark Airport,Renmark,Australia,RMK,YREN,-34.1963996887207,140.6739959716797,Australia/Adelaide
8349,Leigh Creek Airport,Leigh Creek,Australia,LGH,YLEC,-30.59830093383789,138.42599487304688,Australia/Adelaide
8350,Warburton Airport,Warburton Community,Australia,,YWBR,-26.128299713134766,126.58300018310547,Australia/Perth
8351,Cunderdin Airport,Cunderdin,Australia,,YCUN,-31.62220001220703,117.21700286865234,Australia/Perth
8352,Rottnest Island Airport,Rottnest Island,Australia,RTS,YRTI,-32.006699,115.540001,Australia/Perth
8353,Forrest Airport,Forrest,Australia,FOS,YFRT,-30.83810043334961,128.11500549316406,Australia/Perth
8354,Ballarat Airport,Ballarat,Australia,,YBLT,-37.51169967651367,143.79100036621094,Australia/Hobart
8355,Keewaywin Airport,Keewaywin,Canada,KEW,CPV8,52.991100311299995,-92.8364028931,America/Winnipeg
8356,Marathon Airport,Marathon,Canada,YSP,CYSP,48.75529861450195,-86.34439849853516,America/Toronto
8357,Hearst René Fontaine Municipal Airport,Hearst,Canada,YHF,CYHF,49.71419906616211,-83.68609619140625,America/Toronto
8358,Hornepayne Municipal Airport,Hornepayne,Canada,YHN,CYHN,49.19309997558594,-84.75890350341797,America/Toronto
8359,Kirkland Lake Airport,Kirkland Lake,Canada,YKX,CYKX,48.21030044555664,-79.98139953613281,America/Toronto
8360,Manitouwadge Airport,Manitouwadge,Canada,YMG,CYMG,49.083900451660156,-85.86060333251953,America/Toronto
8361,Wawa Airport,Wawa,Canada,YXZ,CYXZ,47.96670150756836,-84.78669738769531,America/Toronto
8362,Manitoulin East Municipal Airport,Manitowaning,Canada,YEM,CYEM,45.84280014038086,-81.85810089111328,America/Toronto
8363,Slate Falls Airport,Slate Falls,Canada,,CKD9,51.130001068115234,-91.66560363769531,America/Winnipeg
8364,Collingwood Airport,Collingwood,Canada,,CNY3,44.4491996765,-80.1583023071,America/Toronto
8365,Brantford Municipal Airport,Brantford,Canada,,CYFD,43.13140106201172,-80.34249877929688,America/Toronto
8366,Lawrence Municipal Airport,Lawrence,United States,LWC,KLWC,39.01119995,-95.21659851,America/Chicago
8367,Wellington Municipal Airport,Wellington,United States,,KEGT,37.32360076904297,-97.38829803466797,America/Chicago
8379,Pompano Beach Airpark,Pompano Beach,United States,PPM,KPMP,26.247100830078,-80.111099243164,America/New_York
8380,Mallacoota Airport,Mallacoota,Australia,XMC,YMCO,-37.59830093383789,149.72000122070312,Australia/Hobart
8381,Majeed Bin Abdulaziz Airport,Al-Ula,Saudi Arabia,ULH,OEAO,26.48,38.1288888889,Asia/Riyadh
8394,Shelby County Airport,Alabaster,United States,,KEET,33.17699814,-86.78279877,America/Chicago
8395,Yuendumu Airport,Yuendumu ,Australia,YUE,YYND,-22.254199981689453,131.78199768066406,Australia/Darwin
8397,Sky Ranch At Carefree Airport,Carefree,United States,,18AZ,33.81809997558594,-111.89800262451172,America/Phoenix
8401,Lombok International Airport,Praya,Indonesia,LOP,WADL,-8.757322,116.276675,Asia/Makassar
8403,One Hundred Mile House Airport,One Hundred Mile House,Canada,,CAV3,51.64250183105469,-121.30699920654297,America/Vancouver
8404,South Cariboo Region / 108 Mile Airport,108 Mile Ranch,Canada,ZMH,CZML,51.736099243199995,-121.333000183,America/Vancouver
8405,Glasgow City Heliport,Glasgow,United Kingdom,,EGEG,55.86138916015625,-4.2969441413879395,Europe/London
8406,Yarram Airport,Yarram,Australia,,YYRM,-38.56669998168945,146.7550048828125,Australia/Hobart
8407,Handan Airport,Handan,China,HDG,ZBHD,36.5258333333,114.425555556,Asia/Shanghai
8409,Indianapolis Metropolitan Airport,Indianapolis,United States,,KUMP,39.93519974,-86.04499817,America/New_York
8410,London-Corbin Airport/Magee Field,London,United States,LOZ,KLOZ,37.0821990967,-84.08489990230001,America/New_York
8412,Simmons Army Air Field,Fredericksburg,United States,FBG,KFBG,35.13180161,-78.93669891,America/New_York
8414,Modlin Airport,Warsaw,Poland,WMI,EPMO,52.451099,20.6518,Europe/Warsaw
8417,Jixi Xingkaihu Airport,Jixi,China,JXA,ZYJX,45.293,131.193,Asia/Shanghai
8419,Jeongseok Airport,Seogwipo,South Korea,JDG,RKPD,33.3996009827,126.711997986,Asia/Seoul
8423,Gimli Industrial Park Airport,Gimli,Canada,YGM,CYGM,50.62810134887695,-97.04329681396484,America/Winnipeg
8426,Matheson Island Airport,Matheson Island,Canada,,CJT2,51.732200622558594,-96.93440246582031,America/Winnipeg
8427,Tura Mountain Airport,Tura,Russia,,UNIT,64.333511352539,100.4328918457,Asia/Krasnoyarsk
8428,Beloyarskiy Airport,Beloyarsky,Russia,EYK,USHY,63.686901,66.698601,Asia/Yekaterinburg
8430,John H Batten Airport,Racine,United States,RAC,KRAC,42.7606010437,-87.8152008057,America/Chicago
8431,Cesar Lim Rodriguez Airport,Taytay,Philippines,RZP,RPSD,10.81874,119.507697,Asia/Manila
8432,Gera-Leumnitz Airfield,Gera,Germany,,EDAJ,50.881668,12.135833,Europe/Berlin
8435,Kasimovo Airfield,Saint-Petersburg,Russia,,XLLN,60.198299,30.334999,Europe/Moscow
8438,Terlet Glider Field,Arnhem,Netherlands,,EHTL,52.057201,5.92444,Europe/Amsterdam
8442,Shigatse Air Base,Shigatse,China,RKZ,ZURK,29.3519,89.311401,Asia/Shanghai
8443,Redlands Municipal Airport,Redlands,United States,,KREI,34.08530044555664,-117.14600372314453,America/Los_Angeles
8445,Flabob Airport,Riverside,United States,,KRIR,33.98970031738281,-117.41100311279297,America/Los_Angeles
8446,Tacoma Narrows Airport,Tacoma,United States,TIW,KTIW,47.26789856,-122.5780029,America/Los_Angeles
8459,Oerlinghausen Airport,TELGTE,Germany,,EDLO,51.932220458984375,8.661666870117188,Europe/Berlin
8460,Jack Edwards Airport,Gulf Shores,United States,GUF,KJKA,30.29050064,-87.67179871,America/Chicago
8461,General Villamil Airport,Isabela,Ecuador,IBB,SEII,-0.942628026009,-90.9530029297,Pacific/Galapagos
8462,Balzers Heliport,Balzers,Switzerland,,LSXB,47.0681,9.48111,Europe/Vaduz
8467,Flugplatz Punitz,Punitz-Guessing,Austria,,LOGG,47.14653,16.316843,Europe/Vienna
8468,Khmelnytskyi Airport,Khmeinitskiy,Ukraine,HMJ,UKLH,49.359699,26.933399,Europe/Kiev
8469,Hiroshimanishi Airport,Hiroshima,Japan,HIW,RJBH,34.36690139770508,132.41400146484375,Asia/Tokyo
8472,Yalata Mission Airport,Yalata,Australia,KYI,YYTA,-31.470600128173828,131.8249969482422,Australia/Adelaide
8473,Hazleton Municipal Airport,Hazleton,United States,HZL,KHZL,40.986801147499996,-75.9949035645,America/New_York
8474,Greater Cumberland Regional Airport,Cumberland,United States,CBE,KCBE,39.615398407,-78.7609024048,America/New_York
8475,Sugar Loaf Shores Airport,Key West,United States,,7FA1,24.648799896240234,-81.57980346679688,America/New_York
8476,Wyndham Airport,Wyndham,Australia,WYN,YWYM,-15.51140022277832,128.1529998779297,Australia/Perth
8477,Bob Quinn Lake Airport,Bob Quinn Lake,Canada,YBO,CBW4,56.9667015076,-130.25,America/Vancouver
8480,Msembe Airport,Msembe,Tanzania,,HTMR,-7.684811,34.922282,Africa/Dar_es_Salaam
8482,Grabtsevo Airport,Kaluga,Russia,KLF,UUBC,54.5499992371,36.3666687012,Europe/Moscow
8493,Tri-County Regional Airport,Lone Rock,United States,LNR,KLNR,43.2117004395,-90.181602478,America/Chicago
8494,Price County Airport,Phillips,United States,,KPBH,45.70899963378906,-90.40249633789062,America/Chicago
8495,Monroe Municipal Airport,Monroe,United States,,KEFT,42.614898681640625,-89.59040069580078,America/Chicago
8496,Joliet Regional Airport,Joliet,United States,JOT,KJOT,41.51779938,-88.17549896,America/Chicago
8497,Illinois Valley Regional Airport-Walter A Duncan Field,Peru,United States,VYS,KVYS,41.351898,-89.153099,America/Chicago
8499,Jackson County Reynolds Field,Jackson,United States,JXN,KJXN,42.259799957300004,-84.45939636230001,America/New_York
8500,Fuerstenwalde Airport,Furstenwalde,Germany,,EDAL,52.3905982971,14.0972003937,Europe/Berlin
8501,Eberswalde-Finow Airport,Eberswalde,Germany,,EDAV,52.82722091674805,13.693611145019531,Europe/Berlin
8502,Joseph A. Hardy Connellsville Airport,Connellsville,United States,,KVVS,39.95920181,-79.65709686,America/New_York
8503,Bedford County Airport,Bedford,United States,,KHMZ,40.08530045,-78.5121994,America/New_York
8504,Wings Field,Philadelphia,United States,BBX,KLOM,40.1375007629,-75.2650985718,America/New_York
8505,Okeechobee County Airport,Okeechobee,United States,OBE,KOBE,27.262800216699997,-80.8498001099,America/New_York
8506,Sebring Regional Airport,Sebring,United States,SEF,KSEF,27.45639992,-81.3423996,America/New_York
8507,Avon Park Executive Airport,Avon Park,United States,AVO,KAVO,27.59119987,-81.52780151,America/New_York
8508,Winter Haven Regional Airport - Gilbert Field,Winter Haven,United States,GIF,KGIF,28.062901,-81.753304,America/New_York
8509,Zephyrhills Municipal Airport,Zephyrhills,United States,ZPH,KZPH,28.2282009125,-82.15589904790001,America/New_York
8510,Ocala International Airport - Jim Taylor Field,Ocala,United States,OCF,KOCF,29.17259979,-82.22419739,America/New_York
8511,Jesup Wayne County Airport,Jesup,United States,,KJES,31.55400085,-81.88249969,America/New_York
8512,Madison Municipal Airport,Madison,United States,,K52A,33.6120986938,-83.46040344240001,America/New_York
8513,Newnan Coweta County Airport,Newnan,United States,,KCCO,33.31159973144531,-84.7697982788086,America/New_York
8514,Thomson-McDuffie County Airport,Thomson,United States,,KHQU,33.52970123,-82.51650238,America/New_York
8515,Aiken Regional Airport,Aiken,United States,AIK,KAIK,33.649399,-81.684998,America/New_York
8516,Woodward Field,Camden,United States,CDN,KCDN,34.2835998535,-80.56490325930001,America/New_York
8517,Lumberton Regional Airport,Lumberton,United States,LBT,KLBT,34.6099014282,-79.05940246579999,America/New_York
8519,Moore County Airport,Pinehurst-Southern Pines,United States,SOP,KSOP,35.23740005,-79.3911972,America/New_York
8520,Richmond County Airport,Rockingham,United States,,KRCZ,34.8913,-79.759598,America/New_York
8524,Baraboo Wisconsin Dells Airport,Baraboo,United States,,KDLL,43.52270126,-89.77020264,America/Chicago
8526,Statesville Regional Airport,Statesville,United States,SVH,KSVH,35.765300750732,-80.953903198242,America/New_York
8528,Burlington Municipal Airport,Burlington,United States,,KBUU,42.69070053100586,-88.30460357666016,America/Chicago
8532,William T. Piper Memorial Airport,Lock Haven,United States,LHV,KLHV,41.13560104,-77.42230225,America/New_York
8538,Zelienople Municipal Airport,Zelienople,United States,,KPJC,40.80160141,-80.16069794,America/New_York
8542,Lorain County Regional Airport,Lorain-Elyria,United States,,KLPR,41.34429932,-82.17759705,America/New_York
8544,Burke Lakefront Airport,Cleveland,United States,BKL,KBKL,41.51750183105469,-81.68329620361328,America/New_York
8545,Chautauqua County-Dunkirk Airport,Dunkirk,United States,DKK,KDKK,42.49330139,-79.27200317,America/New_York
8548,South Jersey Regional Airport,Mount Holly,United States,LLY,KVAY,39.942901611299995,-74.845703125,America/New_York
8550,Linden Airport,Linden,United States,LDJ,KLDJ,40.617401123,-74.2445983887,America/New_York
8553,Tri State Steuben County Airport,Angola,United States,ANQ,KANQ,41.639702,-85.083504,America/New_York
8555,Warsaw Municipal Airport,Warsaw,United States,,KASW,41.27470016479492,-85.84010314941406,America/New_York
8556,Van Wert County Airport,Van Wert,United States,,KVNW,40.86470031738281,-84.6093978881836,America/New_York
8559,Brooks Field,Marshall,United States,,KRMY,42.25120162963867,-84.95549774169922,America/New_York
8560,Genesee County Airport,Batavia,United States,,KGVQ,43.03170013,-78.16760254,America/New_York
8565,Clearwater Air Park,Clearwater,United States,CLW,KCLW,27.9766998291,-82.7586975098,America/New_York
8577,Orlampa Inc Airport,Forties Alpha,United Kingdom,,FA08,28.166999816900002,-81.80809783939999,America/New_York
8593,Chicago Meigs Airport,Chicago,United States,CGX,KCGX,41.85879898071289,-87.60790252685547,America/Chicago
8601,Pickens County Airport,Jasper,United States,,KJZP,34.453399658203125,-84.4573974609375,America/New_York
8603,Saarmund Airport,Saarmund,Germany,,EDCS,52.30833435058594,13.100556373596191,Europe/Berlin
8604,Grand Strand Airport,North Myrtle Beach,United States,CRE,KCRE,33.8116989136,-78.72389984130001,America/New_York
8606,Lansing Municipal Airport,Lansing,United States,,KIGQ,41.5349006652832,-87.52950286865234,America/Chicago
8608,Ramona Airport,Ramona,United States,,KRNM,33.0392,-116.915001,America/Los_Angeles
8609,Pont Sur Yonne Airfield,Pont Sur Yonne,France,,LFGO,48.289172,3.247912,Europe/Paris
8610,St Florentin Cheu Airfield,St Florentin Cheu,France,,LFGP,47.98019,3.775583,Europe/Paris
8611,Saulieu Liernais Airfield,Saulieu,France,,LFEW,47.239399,4.26583,Europe/Paris
8612,Olten Airport,Olten,Switzerland,,LSPO,47.344398498535156,7.889440059661865,Europe/Zurich
8613,Buochs Airport,Buochs,Switzerland,BXO,LSZC,46.974444,8.396944,Europe/Zurich
8614,Ambri Airport,Quinto,Switzerland,,LSPM,46.512501,8.68978,Europe/Zurich
8615,Lodrino Air Base,Lodrino,Switzerland,,LSML,46.2958984375,8.992130279541016,Europe/Zurich
8616,Roudnice Airport,Roudnice nad Lebem,Czech Republic,,LKRO,50.41059875,14.2261,Europe/Prague
8617,Usti Nad Labem Airfield,Usti Nad Labem,Czech Republic,,LKUL,50.699699,13.9697,Europe/Prague
8618,Mauterndorf Airport,Mauterndorf,Austria,,LOSM,47.13249969482422,13.696900367736816,Europe/Vienna
8619,Nötsch Im Gailtal Airport,Notsch Im Gailtal,Austria,,LOKN,46.58110046386719,13.629199981689453,Europe/Vienna
8620,Sinsheim Airfield,Karlsruhe,Germany,,EDTK,49.2472,8.8938,Europe/Berlin
8621,Weinheim/Bergstraße Airport,Weinheim,Germany,,EDGZ,49.567501068115234,8.610555648803711,Europe/Berlin
8622,Meaux Esbly Airport,Meaux,France,,LFPE,48.927799224853516,2.835279941558838,Europe/Paris
8623,Château-Thierry - Belleau Airfield,Chateau-Thierry,France,,LFFH,49.0672,3.35694,Europe/Paris
8624,Branch County Memorial Airport,Coldwater,United States,,KOEB,41.9333992,-85.05259705,America/New_York
8625,Wilkes Barre Wyoming Valley Airport,Wilkes-Barre,United States,WBW,KWBW,41.2971992493,-75.8511962891,America/New_York
8626,Willoughby Lost Nation Municipal Airport,Willoughby,United States,LNN,KLNN,41.683998107899995,-81.3897018433,America/New_York
8627,Taoyuan Air Base,Taoyuan,Taiwan,,RCGM,25.05660057067871,121.2442626953125,Asia/Taipei
8628,Uummannaq Heliport,Uummannaq,Greenland,UMD,BGUM,70.6804279261,-52.111630439799995,America/Godthab
8630,Bayannur Tianjitai Airport,Bayannur,China,RLK,ZBYZ,40.926,107.7428,Asia/Shanghai
8631,Capital City Airport,Frankfort,United States,FFT,KFFT,38.18249893,-84.90470123,America/New_York
8632,Auburn Lewiston Municipal Airport,Lewiston,United States,LEW,KLEW,44.048500061,-70.2835006714,America/New_York
8633,Inowroclaw Military Air Base,Inowroclaw,Poland,,EPIR,52.8293991089,18.3306007385,Europe/Warsaw
8634,Pruszcz Gdanski Air Base,Pruszcz Gdansk,Poland,,EPPR,54.248001,18.6716,Europe/Warsaw
8639,Bloyer Field,Tomah,United States,,KY72,43.97499847,-90.48349762,America/Chicago
8641,Marco Island Executive Airport,Marco Island Airport,United States,MRK,KMKY,25.995001,-81.672501,America/New_York
8644,Drummond Island Airport,Drummond Island,United States,DRE,KDRM,46.0093002319,-83.74389648440001,America/New_York
8646,Gladwin Zettel Memorial Airport,Gladwin,United States,GDW,KGDW,43.9706001282,-84.47499847410002,America/New_York
8648,South Haven Area Regional Airport,South Haven,United States,,KLWA,42.351200103759766,-86.25569915771484,America/New_York
8653,Marshfield Municipal Airport,Marshfield,United States,MFI,KMFI,44.6369018555,-90.18930053710001,America/Chicago
8654,Alexander Field South Wood County Airport,Wisconsin Rapids,United States,ISW,KISW,44.3602981567,-89.83899688720001,America/Chicago
8655,Clinton Municipal Airport,Clinton,United States,CWI,KCWI,41.8311004639,-90.3291015625,America/Chicago
8658,Beverly Municipal Airport,Beverly,United States,BVY,KBVY,42.584201812699995,-70.91649627689999,America/New_York
8660,Nagaur Airport,Nagaur,India,,VI73,27.20829963684082,73.7114028930664,Asia/Calcutta
8661,Ostafyevo International Airport,Moscow,Russia,OSF,UUMO,55.511667,37.507222,Europe/Moscow
8663,Trois-Rivières Airport,Trois Rivieres,Canada,YRQ,CYRQ,46.35279846191406,-72.67939758300781,America/Toronto
8664,Poplar Bluff Municipal Airport,Poplar Bluff,United States,POF,KPOF,36.773899078369,-90.324897766113,America/Chicago
8665,Somerset Airport,Somerville,United States,,KSMQ,40.625999450683594,-74.67019653320312,America/New_York
8666,Eastport Municipal Airport,Eastport,United States,,KEPM,44.910099029541016,-67.01270294189453,America/New_York
8667,Keokuk Municipal Airport,Keokuk,United States,EOK,KEOK,40.459899902299995,-91.4284973145,America/Chicago
8669,Perth/Scone Airport,Perth,United Kingdom,PSL,EGPT,56.43920135498047,-3.372220039367676,Europe/London
8670,Caernarfon Airport,Caernarfon,United Kingdom,,EGCK,53.101819,-4.337614,Europe/London
8671,Grefrath-Niershorst Airport,Grefrath,Germany,,EDLF,51.33388900756836,6.3594441413879395,Europe/Berlin
8681,St Paul Downtown Holman Field,St. Paul,United States,STP,KSTP,44.93450164794922,-93.05999755859375,America/Chicago
8682,Söderhamn Airport,Soderhamn,Sweden,SOO,ESNY,61.26150131225586,17.09910011291504,Europe/Stockholm
8683,Newcastle Aerodrome,Newcastle,Ireland,,EINC,53.07109832763672,-6.0452799797058105,Europe/Dublin
8684,Saravane Airport,Saravane,Laos,VNA,VLSV,15.709439207700001,106.410698891,Asia/Vientiane
8689,Segeletz Airport,Segeletz,Germany,,EDAI,52.82666778564453,12.541943550109863,Europe/Berlin
8690,Fuentemilanos Airport,Segovia,Spain,,LEFM,40.888610839799995,-4.23750019073,Europe/Madrid
8691,Akeno Airport,Akeno,Japan,,RJOE,34.53329849243164,136.6719970703125,Asia/Tokyo
8692,Ust-Kamchatsk Airport,Ust Kamchatsk,Russia,,UHPK,56.23860168457031,162.68800354003906,Asia/Anadyr
8693,Oconomowoc Airport,Oconomowoc,United States,,0WI8,43.13890075683594,-88.47229766845703,America/Chicago
8694,Kozyrevsk Airport,Kozyrevsk,Russia,,UHPO,56.09000015258789,159.8766632080078,Asia/Anadyr
8695,Dikson Airport,Dikson,Russia,DKS,UODD,73.51780700683594,80.37966918945312,Asia/Krasnoyarsk
8696,Beverley Airport,Mine Site,Australia,,YBEE,-30.18670082092285,139.55799865722656,Australia/Adelaide
8698,Bantry Aerodrome,Bantry,Ireland,BYT,EIBN,51.66859817504883,-9.484169960021973,Europe/Dublin
8700,Aliwal North Airport,Aliwal North,South Africa,,FAAN,-30.68000030517578,26.729999542236328,Africa/Johannesburg
8701,Alkantpan Copper Airport,Alkantpan,South Africa,,FACO,-29.906400680541992,22.316699981689453,Africa/Johannesburg
8702,Alldays Airport,Alldays,South Africa,ADY,FAAL,-22.6790008545,29.0555000305,Africa/Johannesburg
8703,Bredasdorp Airport,Barberton,South Africa,,FABR,-34.665,20.0628,Africa/Johannesburg
8706,Butler Co Regional Airport - Hogan Field,Hamilton,United States,HAO,KHAO,39.363800048799995,-84.5220031738,America/New_York
8707,Bungoma Airport,Bungoma,Kenya,,HKBU,0.5762079954147339,34.55345153808594,Africa/Nairobi
8708,Bura East Airport,Bura,Kenya,,HKBR,-1.100000023841858,39.95000076293945,Africa/Nairobi
8709,Busia Airport,Busia,Kenya,,HKBA,0.4570850133895874,34.130279541015625,Africa/Nairobi
8710,Embu Airport,Embu,Kenya,,HKEM,-0.57327,37.49726,Africa/Nairobi
8711,Garba Tula Airport,Garba Tula,Kenya,,HKGT,0.533333,38.516667,Africa/Nairobi
8712,Garissa Airport,Garissa,Kenya,GAS,HKGA,-0.4635080099105835,39.64830017089844,Africa/Nairobi
8713,Hola Airport,Hola,Kenya,HOA,HKHO,-1.5219999551773071,40.00400161743164,Africa/Nairobi
8714,Homa Bay Airport,Homa Bay,Kenya,,HKHB,-0.6000000238418579,34.46699905395508,Africa/Nairobi
8715,Isiolo Airport,Isiolo,Kenya,,HKIS,0.33817094564437866,37.59169387817383,Africa/Nairobi
8717,Kericho Airport,Kericho,Kenya,KEY,HKKR,-0.3899,35.242093,Africa/Nairobi
8718,Kilaguni Airport,Kilaguni,Kenya,ILU,HKKL,-2.9106099605560303,38.06520080566406,Africa/Nairobi
8721,Antsirabe Airport,Antsirabe,Madagascar,ATJ,FMME,-19.8392214824,47.063713073699994,Indian/Antananarivo
8722,Bekily Airport,Bekily,Madagascar,OVA,FMSL,-24.235694754699995,45.3045272827,Indian/Antananarivo
8723,Ust-Tsylma Airport,Ust-Tsylma,Russia,UTS,UUYX,65.43729400630001,52.20033645629999,Europe/Moscow
8740,Gorno-Altaysk Airport,Gorno-Altaysk,Russia,RGK,UNBG,51.9667015076,85.8332977295,Asia/Krasnoyarsk
8742,Fond du Lac County Airport,Fond du Lac,United States,FLD,KFLD,43.7711982727,-88.48840332030001,America/Chicago
8743,Waupaca Municipal Airport,Waupaca,United States,,KPCZ,44.33330154,-89.01979828,America/Chicago
8744,Stevens Point Municipal Airport,Stevens Point,United States,STE,KSTE,44.5452003479,-89.530296325684,America/Chicago
8745,Mys Shmidta Airport,Mys Shmidta,Russia,,UHMI,68.86830139160156,-179.3730010986328,Asia/Anadyr
8746,Moma Airport,Honuu,Russia,MQJ,UEMA,66.450861,143.261551,Asia/Srednekolymsk
8747,Luce County Airport,Newberry,United States,,KERY,46.31119918823242,-85.4572982788086,America/New_York
8750,Peenemünde Airport,Peenemunde,Germany,PEF,EDCP,54.1577796936,13.774443626399998,Europe/Berlin
8751,Góraszka Airport,Goraszka,Poland,,EPGO,52.18444061279297,21.281110763549805,Europe/Warsaw
8752,Nusawiru Airport,Nusawiru,Indonesia,CJN,WI1A,-7.719895,108.488995,Asia/Jakarta
8759,Galion Municipal Airport,Galion,United States,GQQ,KGQQ,40.7533988953,-82.7238006592,America/New_York
8761,Tiputini Airport,Tiputini,Ecuador,TPN,SETI,-0.7761110067367554,-75.52639770507812,America/Guayaquil
8762,Rio Amazonas Airport,Pastaza,Ecuador,PTZ,SESM,-1.5052399635299998,-78.0626983643,America/Guayaquil
8763,Clarksville–Montgomery County Regional Airport,Clarksville,United States,CKV,KCKV,36.6218986511,-87.4150009155,America/Chicago
8771,Lompoc Airport,Lompoc,United States,LPC,KLPC,34.665599823,-120.468002319,America/Los_Angeles
8772,Chester County G O Carlson Airport,Coatesville,United States,CTH,KMQS,39.97900009,-75.8655014,America/New_York
8773,Bost Airport,Lashkar Gah,Afghanistan,BST,OABT,31.55970001220703,64.36499786376953,Asia/Kabul
8774,Lankaran International Airport,Lankaran,Azerbaijan,LLK,UBBL,38.746398925799994,48.8180007935,Asia/Baku
8775,Gabala International Airport,Qabala,Azerbaijan,GBB,UBBQ,40.826667,47.7125,Asia/Baku
8776,Zaqatala International Airport,Zaqatala,Azerbaijan,ZTU,UBBY,41.562222,46.667221,Asia/Baku
8777,Lake Placid Airport,Lake Placid,United States,LKP,KLKP,44.2644996643,-73.96189880370001,America/New_York
8779,Typliy Klyuch Airport,Khandyga,Russia,KDY,UEMH,62.7890014648,136.854995728,Asia/Yakutsk
8780,Magan Airport,Yakutsk,Russia,GYG,UEMM,62.103484,129.545288,Asia/Yakutsk
8781,Qianjiang Wulingshan Airport,Qianjiang,China,JIQ,ZUQJ,29.5133333333,108.831111111,Asia/Shanghai
8782,Cooma Hospital Helipad,Yuzhno-Kurilsk,Russia,,YXCM,-36.242155,149.130147,Australia/Sydney
8784,Lima Allen County Airport,Lima,United States,AOH,KAOH,40.706902,-84.026703,America/New_York
8785,Sondok Airport,Hamhung,North Korea,DSO,ZKSD,39.745201,127.473999,Asia/Pyongyang
8789,Malcolm McKinnon Airport,Brunswick,United States,SSI,KSSI,31.15180016,-81.39129639,America/New_York
8790,Beaver County Airport,Beaver Falls,United States,BFP,KBVI,40.7724990845,-80.39140319820001,America/New_York
8792,Georgetown County Airport,Georgetown,United States,GGE,KGGE,33.3116989136,-79.3196029663,America/New_York
8793,Hardwick Field,Cleveland,United States,HDI,KHDI,35.22010040283203,-84.8323974609375,America/New_York
8796,Renton Municipal Airport,Renton,United States,RNT,KRNT,47.4930992126,-122.216003418,America/Los_Angeles
8798,Brackett Field,La Verne,United States,POC,KPOC,34.091598510742,-117.78199768066,America/Los_Angeles
8801,Cross City Airport,Cross City,United States,CTY,KCTY,29.6354999542,-83.10479736330001,America/New_York
8802,Oconee County Regional Airport,Clemson,United States,CEU,KCEU,34.6719017,-82.8864975,America/New_York
8804,Beech Factory Airport,Wichita,United States,BEC,KBEC,37.694499969499994,-97.21499633790002,America/Chicago
8807,Tabing Airport,Padang,Indonesia,,WIMG,-0.874989,100.351997,Asia/Jakarta
8808,Tom B. David Field,Calhoun,United States,,KCZL,34.45539856,-84.93920135,America/New_York
8809,Habersham County Airport,Cornelia,United States,,KAJR,34.49990082,-83.55670166,America/New_York
8811,Georgetown Municipal Airport,Georgetown,United States,,KGTU,30.678800582885742,-97.67939758300781,America/Chicago
8812,Old Rhinebeck Airport,Rhinebeck,United States,,NY94,41.9715004,-73.86289978,America/New_York
8813,Duxford Aerodrome,Duxford,United Kingdom,QFO,EGSU,52.090801,0.131944,Europe/London
8815,Sidney Municipal-Lloyd W Carr Field,Sidney,United States,SNY,KSNY,41.10129929,-102.9850006,America/Denver
8816,Newnan Hospital Heliport,Bengassi,Mali,,GA46,33.38090133666992,-84.8010025024414,Africa/Bamako
8820,Great Keppel Is Airport,Great Keppel Island,Australia,GKL,YGKL,-23.1833000183,150.942001343,Australia/Brisbane
8821,Roper Bar Airport,Roper Bar,Australia,RPB,YRRB,-14.734814,134.525485,Australia/Darwin
8822,Mount Garnet Airport,Mount Garnet,Australia,,YMRT,-17.700000762939453,145.14999389648438,Australia/Brisbane
8823,Innisfail Airport,Innisfail,Australia,IFL,YIFL,-17.55940055847168,146.01199340820312,Australia/Brisbane
8824,Kalaeloa Airport,Kapolei,United States,JRF,PHJR,21.3074,-158.070009,Pacific/Honolulu
8825,Bamiyan Airport,Bamyan,Afghanistan,BIN,OABN,34.81700134277344,67.81700134277344,Asia/Kabul
8826,Changbaishan Airport,Baishan,China,NBS,ZYBS,42.066944,127.602222,Asia/Shanghai
8830,Orang Airport,Chongjin,North Korea,RGO,ZKHM,41.428538,129.647555,Asia/Pyongyang
8831,Moomba Airport,Moomba,Australia,MOO,YOOM,-28.09939956665039,140.19700622558594,Australia/Adelaide
8832,Lublin Airport,Lublin,Poland,LUZ,EPLB,51.240278,22.713611,Europe/Warsaw
8833,Iosco County Airport,East Tawas,United States,ECA,K6D9,44.312801,-83.422302,America/New_York
8834,Madison County Executive Airport-Tom Sharp Jr Field,Huntsville,United States,,KMDQ,34.8614006,-86.55750275,America/Chicago
8835,Leesburg Executive Airport,Leesburg,United States,,KJYO,39.077999,-77.557503,America/New_York
8838,Anoka County-Blaine (Janes Field) Airport,Anoka,United States,,KANE,45.145,-93.211401,America/Chicago
8839,Robinson Crusoe Airport,San Juan Bautista,Chile,,SCIR,-33.6650009155,-78.9297027588,America/Santiago
8840,Villa Airport,Maamigili,Maldives,VAM,VRMV,3.47055555556,72.8358333333,Indian/Maldives
8845,Lingling Airport,Yongzhou,China,LLF,ZGLG,26.338661,111.610043,Asia/Shanghai
8846,Lošinj Island Airport,Mali Losinj,Croatia,LSZ,LDLO,44.5657997131,14.3930997849,Europe/Zagreb
8847,Onslow Airport,Onslow,Australia,ONS,YOLW,-21.668300628662,115.1129989624,Australia/Perth
8848,Theodore Airport,Theodore,Australia,TDR,YTDR,-24.99329948425293,150.09300231933594,Australia/Brisbane
8850,Williamson Sodus Airport,Williamson,United States,,KSDC,43.234699,-77.121,America/New_York
8853,Fairoaks Airport,Fairoaks,United Kingdom,,EGTF,51.3480987549,-0.558888971806,Europe/London
8854,Boulder Municipal Airport,Boulder,United States,WBU,KBDU,40.0393981934,-105.225997925,America/Denver
8855,Neustadt-Glewe Airport,Neustadt-Glewe,Germany,,EDAN,53.35972213745117,11.615278244018555,Europe/Berlin
8859,Goetsenhoven Air Base,GOETSENHOVEN,Belgium,,EBTN,50.781700134277344,4.957779884338379,Europe/Brussels
8860,Tutow Airport,Wildenrath,Germany,,EDUW,53.92194366455078,13.218889236450195,Europe/Berlin
8861,Bremgarten Airport,Bremgarten,Germany,,EDTG,47.9027786255,7.6177778244,Europe/Berlin
8862,Bitburg Airport,Birburg,Germany,BBJ,EDRB,49.945278,6.565,Europe/Berlin
8864,Palo Alto Airport of Santa Clara County,Palo Alto,United States,PAO,KPAO,37.461101532,-122.114997864,America/Los_Angeles
8866,Ust-Nera Airport,Ust-Nera,Russia,USR,UEMT,64.550003051758,143.11500549316,Asia/Vladivostok
8867,Letiště Vysoké Mýto,Vysoke Myto,Czech Republic,,LKVM,49.926899,16.185801,Europe/Prague
8868,Spa (la Sauvenière) Airfield,Spa,Belgium,,EBSP,50.482498,5.9103,Europe/Brussels
8869,Falcon Field,Mesa,United States,MSC,KFFZ,33.4608001709,-111.727996826,America/Phoenix
8870,Coolidge Municipal Airport,Cooldige,United States,,KP08,32.9359016418457,-111.427001953125,America/Phoenix
8871,Cottonwood Airport,Cottonwood,United States,,KP52,34.7299995422,-112.035003662,America/Phoenix
8872,Namur-Suarlée Airfield,Namur,Belgium,,EBNM,50.487999,4.76892,Europe/Brussels
8873,Kiewit Airfield Hasselt,Hasselt,Belgium,,EBZH,50.970001,5.37507,Europe/Brussels
8874,Ak-Chin Regional Airport,Phoenix,United States,,KA39,32.990806,-111.918528,America/Phoenix
8875,Wickenburg Municipal Airport,Wickenburg,United States,,KE25,33.96889877,-112.7990036,America/Phoenix
8876,Yangzhou Taizhou Airport,Yangzhou,China,YTY,ZSYA,32.5634,119.7198,Asia/Shanghai
8877,Oakland County International Airport,Pontiac,United States,PTK,KPTK,42.665500640869,-83.420097351074,America/New_York
8880,Kissidougou Airport,Kissidougou,Guinea,KSI,GUKU,9.1605596542358,-10.124400138855,Africa/Conakry
8888,Dillant Hopkins Airport,Keene,United States,EEN,KEEN,42.898399353027344,-72.27079772949219,America/New_York
8889,Tianshui Maijishan Airport,Tianshui,China,THQ,ZLTS,34.5593986511,105.86000061,Asia/Shanghai
8890,Kawama Airport,Kawama,Cuba,VRO,MUKW,23.1240005493,-81.3015975952,America/Havana
8892,Kooddoo Airport,Kooddoo,Maldives,GKK,VRMO,0.7324,73.4336,Indian/Maldives
8893,Glasgow Industrial Airport,Glasgow,United States,,07MT,48.42110061645508,-106.52799987792969,America/Denver
8894,Rochester Airport,Rochester,United Kingdom,RCS,EGTO,51.351898193359375,0.5033329725265503,Europe/London
8914,Termas de Río Hondo international Airport,Rio Hondo,Argentina,RHD,SANR,-27.4966,-64.93595,America/Cordoba
8918,Keetmanshoop Airport,Keetmanshoop,Namibia,KMP,FYKT,-26.5398006439209,18.111400604248047,Africa/Windhoek
8921,Kangding Airport,Kangding,China,KGT,ZUKD,30.1575,101.734722,Asia/Shanghai
8924,Velikiy Ustyug Airport,Veliky Ustyug,Russia,VUS,ULWU,60.788299560546875,46.2599983215332,Europe/Moscow
8925,Iowa City Municipal Airport,Iowa City,United States,IOW,KIOW,41.639198303200004,-91.5465011597,America/Chicago
8926,Turpan Jiaohe Airport,Turpan,China,TLQ,ZWTP,43.0308,89.0987,Asia/Shanghai
8927,Lorenzo Airport,Morro de Sao Paulo,Brazil,,SNCL,-13.389444351196289,-38.90999984741211,America/Fortaleza
8928,Windom Municipal Airport,Windom,United States,,KMWM,43.91339874267578,-95.1093978881836,America/Chicago
8931,Longview Ranch Airport,Longview,United States,,OG39,44.66170120239258,-119.6520004272461,America/Los_Angeles
8932,Rothera Research Station,Rothera Research Station,United Kingdom,,EGAR,-67.5675,-68.1274027778,Antarctica/South_Pole
8933,Sortavala Airport,Sortavala,Russia,,ULPW,61.73609924316406,30.673599243164062,Europe/Moscow
8935,Lee Airport,Annapolis,United States,ANP,KANP,38.942902,-76.568398,America/New_York
8943,Cuamba Airport,Cuamba,Mozambique,FXO,FQCB,-14.815,36.529999,Africa/Maputo
8944,Bodaybo Airport,Bodaibo,Russia,ODO,UIKB,57.866100311299995,114.242996216,Asia/Irkutsk
8946,Zhytomyr Airport,Zhytomyr,Ukraine,ZTR,UKKV,50.270556,28.738611,Europe/Kiev
8948,Paluknys Airport,Paluknys,Lithuania,,EYVP,54.48484802246094,24.98737335205078,Europe/Vilnius
8949,Mattala Rajapaksa International Airport,Mattala,Sri Lanka,HRI,VCRI,6.284467,81.124128,Asia/Colombo
8950,Pecos Municipal Airport,Pecos,United States,PEQ,KPEQ,31.382400512695,-103.51100158691,America/Chicago
8951,Hattiesburg Bobby L Chain Municipal Airport,Hattiesburg,United States,HBG,KHBG,31.26479912,-89.25279999,America/Chicago
8952,Botucatu - Tancredo de Almeida Neves Airport,Botucatu,Brazil,QCJ,SDBK,-22.939501,-48.467999,America/Sao_Paulo
8953,Base Aérea Airport,Anapolis,Brazil,,SBAN,-16.2292,-48.964298,America/Sao_Paulo
8954,Mário Pereira Lopes–São Carlos Airport,Sao Carlos,Brazil,QSC,SDSC,-21.875401,-47.903703,America/Sao_Paulo
8958,Chan Gurney Municipal Airport,Yankton,United States,YKN,KYKN,42.916698455811,-97.385902404785,America/Chicago
8961,Sir Bani Yas Airport,Sir Bani Yas Island,United Arab Emirates,XSB,OMBY,24.283611,52.580278,Asia/Dubai
8963,Bromont (Roland Desourdy) Airport,Bromont,Canada,ZBM,CZBM,45.2907981873,-72.74140167239999,America/Toronto
8965,Beccles Airport,Beccles,United Kingdom,,EGSM,52.435298919699996,1.6183300018300002,Europe/London
8966,Kratie Airport,Kratie,Cambodia,KTI,VDKT,12.48799991607666,106.05500030517578,Asia/Phnom_Penh
8967,Caldera Airport,Caldera,Chile,,SCCL,-27.078100204467773,-70.79530334472656,America/Santiago
8968,San Pedro de Atacama Airport,San Pedro de Atacama,Chile,,SCPE,-22.92169952392578,-68.15840148925781,America/Santiago
8969,Copacabana Airport,Copacabana,Bolivia,,SLCC,-16.191099166870117,-69.09559631347656,America/La_Paz
8971,Guyuan Liupanshan Airport,Guyuan,China,GYU,ZLGY,36.0788888889,106.216944444,Asia/Shanghai
8972,RAF Brawdy,Brawdy,United Kingdom,,EGDA,51.88375,-5.119972,Europe/London
8974,Changhai Airport,Changhai,China,CNI,ZYCH,39.2666666667,122.666944444,Asia/Shanghai
8975,Redhill Aerodrome,Redhill,United Kingdom,KRH,EGKR,51.2136001587,-0.138611003757,Europe/London
8979,Jiagedaqi Airport,Jiagedaqi District,China,JGD,ZYJD,50.371389,124.1175,Asia/Shanghai
8980,Chinchilla Airport,Chinchilla,Australia,CCL,YCCA,-26.774999618530273,150.61700439453125,Australia/Brisbane
8982,Hayward Executive Airport,Hayward,United States,HWD,KHWD,37.659198761,-122.122001648,America/Los_Angeles
8983,Motueka Airport,Motueka,New Zealand,MZP,NZMK,-41.12329864501953,172.98899841308594,Pacific/Auckland
8984,Shute Harbour Airport,Shute Harbour,Australia,JHQ,YSHR,-20.277221,148.755556,Australia/Brisbane
8985,Enstone Aerodrome,Enstone,United Kingdom,,EGTN,51.928166666699994,-1.4285,Europe/London
8989,Ann Arbor Municipal Airport,Ann Arbor,United States,ARB,KARB,42.2229995728,-83.74559783939999,America/New_York
8994,Shepparton Airport,Shepparton,Australia,SHT,YSHT,-36.42890167236328,145.39300537109375,Australia/Hobart
8995,Temora Airport,Temora,Australia,TEM,YTEM,-34.4213981628418,147.51199340820312,Australia/Sydney
8996,Gayndah Airport,Gayndah,Australia,GAH,YGAY,-25.61440086364746,151.61900329589844,Australia/Brisbane
8998,Wilcannia Airport,Wilcannia,Australia,WIO,YWCA,-31.526399612426758,143.375,Australia/Sydney
9001,Ivanhoe Airport,Ivanhoe,Australia,,YIVO,-32.88330078125,144.30999755859375,Australia/Sydney
9002,Menindee Airport,Menindee,Australia,,YMED,-32.36669921875,142.40499877929688,Australia/Sydney
9004,Pooncarie Airport,Pooncarie,Australia,,YPCE,-33.36669921875,142.58799743652344,Australia/Sydney
9006,Tilpa Airport,Tilpa,Australia,,YTLP,-30.933300018310547,144.41700744628906,Australia/Sydney
9008,Reichenbach Air Base,Reichenbach im Kandertal,Switzerland,,LSGR,46.61360168457031,7.6777801513671875,Europe/Zurich
9025,Bijie Feixiong Airport,Bijie,China,BFJ,ZUBJ,27.267066,105.472097,Asia/Shanghai
9026,Lensk Airport,Lensk,Russia,ULK,UERL,60.7206001282,114.825996399,Asia/Yakutsk
9042,Kavalerovo Airport,Kavalerovo,Russia,KVR,UHWK,44.2726,135.029,Asia/Vladivostok
9043,Iğdır Airport,Igdir,Turkey,IGD,LTCT,39.9766273499,43.8766479492,Europe/Istanbul
9044,Şanlıurfa GAP Airport,Sanliurfa,Turkey,GNY,LTCS,37.445663,38.895592,Europe/Istanbul
9045,Zafer Airport,Kutahya,Turkey,KZR,LTBZ,39.113079,30.128111,Europe/Istanbul
9048,Velikiye Luki Airport,Velikiye Luki,Russia,VLU,ULOL,56.381099700927734,30.60810089111328,Europe/Moscow
9053,Yelahanka Air Force Station,Bangalore,India,,VOYK,13.135499954223633,77.60600280761719,Asia/Calcutta
9054,Yeltsovka Airport,Novosibirsk,Russia,,UNNE,55.09239959716797,83.00450134277344,Asia/Krasnoyarsk
9062,Kodinsk Airport,Kodinsk,Russia,,UNKI,58.479400634765625,99.09390258789062,Asia/Krasnoyarsk
9065,Lake Macquarie Airport,Lake Macquarie,Australia,BEO,YPEC,-33.0667,151.647995,Australia/Sydney
9066,Henry County Airport,Hampton,United States,,K4A7,33.389099,-84.332397,America/New_York
9068,Brampton Island Airport,Brampton Island,Australia,BMP,YBPI,-20.803300857543945,149.27000427246094,Australia/Brisbane
9071,Alameda Naval Air Station,Alameda,United States,NGZ,KNGZ,37.78889846801758,-122.31999969482422,America/Los_Angeles
9075,Endelave Flyveplads,Endelage,Denmark,,EKEL,55.7565,10.2485,Europe/Copenhagen
9076,St. Johann In Tirol Airport,St. Johann in Tirol,Austria,,LOIJ,47.5201,12.4497,Europe/Vienna
9079,Thalmässing-Waizenhofen Airport,Thalmaessing,Germany,,EDPW,49.06416702270508,11.209166526794434,Europe/Berlin
9088,Cochrane Airport,Cochrane,Canada,YCN,CYCN,49.10559844970703,-81.01360321044922,America/Toronto
9089,Estadual Arthur Siqueira Airport,Braganca Paulista,Brazil,BJP,SBBP,-22.979162,-46.537508,America/Sao_Paulo
9090,Busselton Regional Airport,Brusselton,Australia,BQB,YBLN,-33.6884231567,115.401596069,Australia/Perth
9091,Srednekolymsk Airport,Srednekolymsk,Russia,SEK,UESK,67.4805,153.7364,Asia/Srednekolymsk
9093,Comarapa Airport,Salt Lake City,United States,,SLCR,-17.91360092163086,-64.5177993774414,America/La_Paz
9095,Inverell Airport,Inverell,Australia,IVR,YIVL,-29.888299942,151.143997192,Australia/Sydney
9096,Glen Innes Airport,Glen Innes,Australia,GLI,YGLI,-29.674999237060547,151.68899536132812,Australia/Sydney
9100,Ansbach-Petersdorf Airport,Ansbach,Germany,,EDQF,49.361111,10.669444,Europe/Berlin
9102,Immokalee Regional Airport,Immokalee ,United States,IMM,KIMM,26.43320084,-81.40100098,America/New_York
9103,Maranggo Airport,Sulawesi Tenggara,Indonesia,TQQ,WA44,-5.7645702362061,123.91699981689,Asia/Makassar
9104,Rancho San Simeon Airport,Cambria,United States,,66CA,35.60770034790039,-121.11000061035156,America/Los_Angeles
9107,Yichun Mingyueshan Airport,Yichun,China,YIC,ZSYC,27.8025,114.3062,Asia/Shanghai
9120,Dinwiddie County Airport,Petersburg,United States,PTB,KPTB,37.183799743652,-77.507400512695,America/New_York
9123,Kasongo Airport,Kasongo,Congo (Kinshasa),,FZOK,-4.5329999923706055,26.617000579833984,Africa/Lubumbashi
9124,McMurdo Station Pegasus Field,McMurdo Station,Antarctica,,NZPG,-77.9634017944336,166.52499389648438,Antarctica/South_Pole
9125,Klatovy Airport,Klatovy,Czech Republic,,LKKT,49.41830062866211,13.321900367736816,Europe/Prague
9126,Sheboygan County Memorial Airport,Sheboygan,United States,SBM,KSBM,43.76959991,-87.85140228,America/Chicago
9127,Fortescue - Dave Forrest Aerodrome,Cloudbreak,Australia,KFE,YFDF,-22.290754,119.437143,Australia/Perth
9129,Kangel Danda Airport,Kangel Danda,Nepal,,VNKL,27.4106333137,86.6465950012,Asia/Katmandu
9132,Bajura Airport,Bajura,Nepal,BJU,VNBR,29.50200080871582,81.66899871826172,Asia/Katmandu
9134,Chara Airport,Chara,Russia,,UIAR,56.913333892822266,118.2699966430664,Asia/Yakutsk
9136,Herning Airport,Herning,Denmark,,EKHG,56.18470001220703,9.044449806213379,Europe/Copenhagen
9137,Oberschleißheim Airfield,Schleissheim,Germany,,EDNX,48.239445,11.561389,Europe/Berlin
9138,Pinal Airpark,Marana,United States,MZJ,KMZJ,32.5106010437,-111.32800293,America/Phoenix
9139,Glendale Municipal Airport,Glendale,United States,,KGEU,33.52690124511719,-112.29499816894531,America/Phoenix
9140,Safford Regional Airport,Safford,United States,SAD,KSAD,32.85480118,-109.6350021,America/Phoenix
9141,Verden-Scharnhorst Airfield,Verden,Germany,,EDWV,52.965279,9.282778,Europe/Berlin
9146,Solomon Airport,Solomon,Australia,SLJ,YSOL,-22.2554,117.7627,Australia/Perth
9147,Nittenau-Bruck Airport,Nittenau,Germany,,EDNM,49.22249984741211,12.296667098999023,Europe/Berlin
9148,Kerama Airport,Kerama,Japan,KJP,ROKR,26.168300628699996,127.292999268,Asia/Tokyo
9149,Americana Airport,Americana,Brazil,,SDAI,-22.755800247192383,-47.26940155029297,America/Sao_Paulo
9156,Ekibastuz Airport,Ekibastuz,Kazakhstan,EKB,UASB,51.590999603271484,75.21499633789062,Asia/Qyzylorda
9162,Adamovka,Adamovka,Russia,,UWOD,51.5,59.936111,Asia/Yekaterinburg
9163,Kvarkeno,Kvarkeno,Russia,,UWOH,52.078333,59.683333,Asia/Yekaterinburg
9164,Sikeston Memorial Municipal Airport,Sikeston,United States,SIK,KSIK,36.898899078369,-89.561798095703,America/Chicago
9175,Tetiaroa Airport,Tetiaroa,French Polynesia,TTI,NTTE,-17.0132999420166,-149.58700561523438,Pacific/Tahiti
9178,Floyd Bennett Memorial Airport,Queensbury,United States,GFL,KGFL,43.3412017822,-73.6102981567,America/New_York
9179,Saratoga County Airport,Ballston Spa,United States,,K5B2,43.05130005,-73.86119843,America/New_York
9182,Crystal River Airport,Crystal River,United States,,KCGC,28.867300033569336,-82.57129669189453,America/New_York
9183,Martin State Airport,Baltimore,United States,MTN,KMTN,39.325699,-76.413803,America/New_York
9184,Lincoln Regional Karl Harder Field,Lincoln,United States,,KLHM,38.90919876098633,-121.35099792480469,America/Los_Angeles
9185,Fostoria Metropolitan Airport,Fostoria,United States,,KFZI,41.19079971,-83.39450073,America/New_York
9186,Eastern Slopes Regional Airport,Fryeburg,United States,FRY,KIZG,43.991100311299995,-70.9478988647,America/New_York
9187,Coral Creek Airport,Placida,United States,,FA54,26.85449981689453,-82.2511978149414,America/New_York
9188,Lakefront Airport,New Orleans,United States,NEW,KNEW,30.042400360107,-90.028297424316,America/Chicago
9189,Coeur D'Alene - Pappy Boyington Field,Coeur d'Alene,United States,COE,KCOE,47.77429962,-116.8199997,America/Los_Angeles
9190,Beaumont Municipal Airport,Beaumont,United States,BMT,KBMT,30.0706996918,-94.21579742430002,America/Chicago
9191,Vermilion Regional Airport,Danville,United States,DNV,KDNV,40.19919968,-87.59590149,America/Chicago
9193,Coonabarabran Airport,Coonabarabran,Australia,COJ,YCBB,-31.332500457763672,149.26699829101562,Australia/Sydney
9199,Space Coast Regional Airport,Titusville,United States,TIX,KTIX,28.514799118042,-80.799201965332,America/New_York
9205,Bumi Airport,Bumi Hills,Zimbabwe,BZH,FVBM,-16.8169994354,28.3500003815,Africa/Harare
9207,Warnervale Airport,Warnervale Airport,Australia,,YWVA,-33.240278,151.429722,Australia/Sydney
9215,Bouarfa Airport,Bouarfa,Morocco,UAR,GMFB,32.5143055556,-1.98305555556,Africa/Casablanca
9218,Nyeri Airport,NYERI,Kenya,NYE,HKNI,-0.3644140064716339,36.978485107421875,Africa/Nairobi
9225,Andrau Airpark,Houston,United States,AAP,KAAP,29.722499847399998,-95.58830261230001,America/Chicago
9226,Flying Cloud Airport,Eden Prairie,United States,FCM,KFCM,44.8272018433,-93.45709991460001,America/Chicago
9227,Likoma Island Airport,Likoma Island,Malawi,LIX,FWLK,-12.075833,34.737222,Africa/Blantyre
9228,Johnson County Executive Airport,Olathe,United States,OJC,KOJC,38.84759903,-94.73760223,America/Chicago
9229,Sigiriya Air Force Base,Sigiriya,Sri Lanka,GIU,VCCS,7.956669807430001,80.7285003662,Asia/Colombo
9232,Neumünster Airport,Neumuenster,Germany,EUM,EDHN,54.079444885253906,9.941389083862305,Europe/Berlin
9233,Tak Airport,Tak,Thailand,TKT,VTPT,16.895999908447266,99.25330352783203,Asia/Bangkok
9236,Barrie-Orillia (Lake Simcoe Regional Airport),Barrie-Orillia,Canada,YLK,CYLS,44.4852981567,-79.55560302730001,America/Toronto
9237,Huronia Airport,Midland,Canada,,CYEE,44.6833000183,-79.9282989502,America/Toronto
9238,Markham Airport,Markham,Canada,,CNU8,43.93579864501953,-79.26219940185547,America/Toronto
9239,Stanhope Municipal Airport,Haliburton,Canada,,CND4,45.1108333333,-78.64,America/Toronto
9240,Kawartha Lakes (Lindsay) Airport,Lindsay,Canada,,CNF4,44.3647,-78.783897,America/Toronto
9241,Niagara District Airport,Saint Catherines,Canada,YCM,CYSN,43.19169998168945,-79.17169952392578,America/Toronto
9243,Edenvale Aerodrome,Edenvale,Canada,,CNV8,44.441101,-79.962799,America/Toronto
9244,Orillia Airport,Orillia,Canada,,CNJ4,44.67765578389999,-79.31021690370001,America/Toronto
9245,Holland Landing Airpark,Holland Landing,Canada,,CLA4,44.08940124511719,-79.49500274658203,America/Toronto
9247,Parry Sound Area Municipal Airport,Parry Sound,Canada,YPD,CNK4,45.2575,-79.829697,America/Toronto
9248,Hanover / Saugeen Municipal Airport,Hanover,Canada,,CYHS,44.158298,-81.062798,America/Toronto
9249,Brandywine Airport,West Goshen Township,United States,,KOQN,39.9901008605957,-75.58190155029297,America/New_York
9251,Manassas Regional Airport/Harry P. Davis Field,Manassas,United States,MNZ,KHEF,38.72140121,-77.51540375,America/New_York
9252,Texas Gulf Coast Regional Airport,Angleton,United States,LJN,KLBX,29.1086006165,-95.462097168,America/Chicago
9253,Bubovice Airport,Bubovice,Czech Republic,,LKBU,49.97439956665039,14.178099632263184,Europe/Prague
9255,Rakkestad Astorp Airport,Rakkestad,Norway,,ENRK,59.397499,11.3469,Europe/Oslo
9272,Bingöl Çeltiksuyu Airport,Bingol,Turkey,BGG,LTCU,38.8592605591,40.5959625244,Europe/Istanbul
9273,Kastamonu Airport,Kastamonu,Turkey,KFS,LTAL,41.31420135498047,33.795799255371094,Europe/Istanbul
9276,Elstree Airfield,Elstree,United Kingdom,,EGTR,51.6557998657,-0.325832992792,Europe/London
9277,Sandtoft Airfield,Sandtoft,United Kingdom,,EGCF,53.559700012200004,-0.8583329916,Europe/London
9290,Torit Airport,Torit,South Sudan,,HSTR,4.400000095367432,32.58300018310547,Africa/Juba
9305,Shelby County Airport,Shelbyville,United States,,K2H0,39.410400390599996,-88.8453979492,America/Chicago
9308,Lüliang Airport,Lvliang,China,LLV,ZBLL,37.683333,111.142778,Asia/Shanghai
9310,Daocheng Yading Airport,Daocheng,China,DCY,ZUDC,29.323056,100.053333,Asia/Shanghai
9311,Gannan Xiahe Airport,Xiahe city,China,GXH,ZLXH,34.8105,102.6447,Asia/Shanghai
9317,Vängsö Airport,Vangso,Sweden,,ESSZ,59.10110092163086,17.21109962463379,Europe/Stockholm
9327,Comiso Airport,Comiso,Italy,CIY,LICB,36.994601,14.607182,Europe/Rome
9348,Enumclaw Airport,Enumclaw,United States,,WA77,47.195701599121094,-122.02200317382812,America/Los_Angeles
9371,Markovo Airport,Markovo,Russia,KVM,UHMO,64.667,170.417007,Asia/Anadyr
9372,Seymchan Airport,Seymchan,Russia,,UHMS,62.920780181884766,152.4227752685547,Asia/Srednekolymsk
9373,Zyryanka Airport,Zyryanka,Russia,ZKP,UESU,65.7485,150.8889,Asia/Srednekolymsk
9374,Susuman Airport,Susuman,Russia,,UHMH,62.766666412353516,148.14666748046875,Asia/Srednekolymsk
9376,Ust-Maya Airport,Ust-Maya,Russia,UMS,UEMU,60.356998443604,134.43499755859,Asia/Yakutsk
9377,Aldan Airport,Aldan,Russia,ADH,UEEA,58.60279846191406,125.40899658203125,Asia/Yakutsk
9378,Olyokminsk Airport,Olekminsk,Russia,OLZ,UEMO,60.397499,120.471001,Asia/Yakutsk
9379,Vitim Airport,Vitim,Russia,,UERT,59.458,112.563004,Asia/Yakutsk
9380,Pellworm Field,Pellworm,Germany,,EDHP,54.5363883972,8.68000030518,Europe/Berlin
9386,Xinyuan Nalati Airport,Xinyuan,China,NLT,ZWNL,43.4318,83.3786,Asia/Shanghai
9387,Port Alsworth Airport,Port alsworth,United States,PTA,PALJ,60.201681,-154.325863,America/Anchorage
9388,Fontaine Airport,Belfort,France,BOR,LFSQ,47.655601501465,7.0108299255371,Europe/Paris
9390,Fairfield County Airport,Winnsboro,United States,,KFDW,34.31549835205078,-81.10880279541016,America/New_York
9391,Obock Airport,Obock,Djibouti,OBC,HDOB,11.967000007629395,43.266998291015625,Africa/Djibouti
9392,Tadjoura Airport,Tadjoura,Djibouti,TDJ,HDTJ,11.782999992370605,42.91699981689453,Africa/Djibouti
9393,Santa Cruz del Quiche Airport,Santa Cruz des Quiche,Guatemala,AQB,MGQC,15.012200355529785,-91.15059661865234,America/Guatemala
9394,Norðfjörður Airport,Nordfjordur,Iceland,NOR,BINF,65.13189697265625,-13.746399879455566,Atlantic/Reykjavik
9395,Bursa Airport,Bursa,Turkey,BTZ,LTBE,40.233299255371094,29.009199142456055,Europe/Istanbul
9396,Skyhaven Airport,Rochester,United States,,KDAW,43.28409957885742,-70.9292984008789,America/New_York
9397,Waris Airport,Waris-Papua Island,Indonesia,WAR,WAJR,-3.235,140.994,Asia/Jayapura
9399,Newton City-County Airport,Newton,United States,EWK,KEWK,38.058200836199994,-97.2744979858,America/Chicago
9400,La Ferté Alais Airfield,La Ferte Alais,France,,LFFQ,48.498652,2.338867,Europe/Paris
9402,Bairnsdale Airport,Bairnsdale,Australia,BSJ,YBNS,-37.88750076293945,147.5679931640625,Australia/Hobart
9403,Taszár Air Base,Columbus,United States,TZR,LHTA,46.39310073852539,17.917499542236328,Europe/Budapest
9406,Fort Bridger Airport,Fort Bridger,United States,FBR,KFBR,41.3918991089,-110.406997681,America/Denver
9407,Prosser Airport,Prosser,United States,,KS40,46.21340179,-119.7910004,America/Los_Angeles
9408,Chehalis Centralia Airport,Chehalis,United States,CLS,KCLS,46.676998138399995,-122.983001709,America/Los_Angeles
9409,Desert Aire Regional Airport,Mattawa,United States,,KM94,46.687401,-119.920998,America/Los_Angeles
9411,Evanston-Uinta County Airport-Burns Field,Evanston,United States,EVW,KEVW,41.27479935,-111.0350037,America/Denver
9412,Sabetha Municipal Airport,Sabetha,United States,,KK83,39.90420150756836,-95.77940368652344,America/Chicago
9413,Mt Pleasant Regional-Faison field,Mount Pleasant,United States,,KLRO,32.89780045,-79.78289795,America/New_York
9414,Jimmy Carter Regional Airport,Americus,United States,,KACJ,32.110802,-84.188904,America/New_York
9415,Weedon Field,Eufala,United States,EUF,KEUF,31.9512996674,-85.1288986206,America/Chicago
9416,Saluda County Airport,Saluda,United States,,K6J4,33.92679977416992,-81.79460144042969,America/New_York
9417,Dare County Regional Airport,Manteo,United States,MEO,KMQI,35.91899872,-75.69550323,America/New_York
9418,Auburn University Regional Airport,Auburn,United States,AUO,KAUO,32.615101,-85.433998,America/Chicago
9419,Tri Cities Airport,Endicott,United States,,KCZG,42.078499,-76.096296,America/New_York
9428,Bessemer Airport,Bessemer,United States,,KEKY,33.31290054,-86.92590332,America/Chicago
9429,Colorado Springs East Airport,Ellicott,United States,,KA50,38.8744010925293,-104.41000366210938,America/Denver
9447,Crystal Airport,Crystal,United States,,KMIC,45.0620002746582,-93.35389709472656,America/Chicago
9448,Clarke County Airport,Quitman,United States,,K23M,32.0849,-88.738897,America/Chicago
9450,W H 'Bud' Barron Airport,Dublin,United States,DBN,KDBN,32.56439972,-82.98529816,America/New_York
9474,Pukarua Airport,Pukarua,French Polynesia,PUK,NTGQ,-18.29560089111328,-137.01699829101562,\N
9475,Kabale Airport,Kabale,Uganda,,HUKB,-1.226111,29.96,Africa/Kampala
9481,Guatuso Airport,Marigot,France,,MRGT,10.683333396911621,-84.83333587646484,America/Costa_Rica
9484,Central Bolívar Airport,Sevilla,Spain,,SVSJ,8.916666984558105,-71.93333435058594,America/Caracas
9488,Corvallis Municipal Airport,Corvallis,United States,CVO,KCVO,44.49720001,-123.2900009,America/Los_Angeles
9492,Tuzla Romania Airport,Tuzla,Romania,,LRTZ,43.98419952392578,28.609699249267578,Europe/Bucharest
9500,El Almendro Airport,Scranton,United States,,SCRT,-35.96055603027344,-71.7933349609375,America/Santiago
9511,San Agustin Airport,Morristown,United States,,MRST,10.066666603088379,-84.88333129882812,America/Costa_Rica
9521,Samambaia Heliport,Saint Denis,Reunion,,SDNS,-22.462499618530273,-43.13055419921875,America/Sao_Paulo
9528,Fazenda Campo Verde Airport,Sihanoukville,Cambodia,,SNKV,1.04278004169,-50.516700744599994,America/Fortaleza
9532,Prominent Hill Airport,Prominent Hill,Australia,PXH,YPMH,-29.716,135.5244,Australia/Adelaide
9533,Cowra Airport,Chatsworth,Australia,CWT,YCWR,-33.84469985961914,148.6490020751953,Australia/Sydney
9542,Coral Bay Airport,Coral Bay,Australia,,YCOY,-23.1299991607666,113.7770004272461,Australia/Perth
9543,Ogden Hinckley Airport,Ogden,United States,OGD,KOGD,41.195899963379,-112.0120010376,America/Denver
9544,Lake Country Regional Airport,Clarksville,United Arab Emirates,,KW63,36.5957984924,-78.56009674070002,America/New_York
9545,Robert S Kerr Airport,Poteau,United States,,KRKR,35.02159881591797,-94.62129974365234,America/Chicago
9546,Colorado Plains Regional Airport,Akron,United States,AKO,KAKO,40.1755981445,-103.222000122,America/Denver
9547,Sanderson Field,Shelton,United States,SHN,KSHN,47.233600616455,-123.14800262451,America/Los_Angeles
9739,Napakiak Airport,Napakiak,United States,WNA,PANA,60.69029998779297,-161.97900390625,America/Anchorage
9744,Napaskiak Airport,Napaskiak,United States,PKA,PAPK,60.70289993,-161.7779999,America/Anchorage
9746,Tok Airport,Tok,United States,,PATJ,63.303333,-143.001111,America/Anchorage
9749,Bedwell Harbour Seaplane Base,Bedwell Harbour,Canada,YBW,CAB3,48.75,-123.233001709,America/Vancouver
9751,Washabo Airport,Washabo,Suriname,WSO,SMWS,5.215277,-57.185302,America/Paramaribo
9753,Popham Airfield,Popham,United Kingdom,,EGHP,51.193901,-1.23472,Europe/London
9754,Causey Airport,Liberty,United States,,K2A5,35.911800384521484,-79.61759948730469,America/New_York
9759,Abaco I Walker C Airport,Walker's Cay,Bahamas,WKR,MYAW,27.266700744628906,-78.39969635009766,\N
9760,Black Point Airstrip,Black Point,Bahamas,,MYEB,24.089488448799997,-76.3979172707,America/Nassau
9761,Bartica A Airport,Bartica,Guyana,GFO,SYBT,6.358864,-58.655207,America/Guyana
9763,Doylestown Airport,Doylestown,United States,DYL,KDYL,40.3330001831,-75.1222991943,America/New_York
9766,Cape Town Waterfort Heliport,Cap Town,South Africa,,FADW,0,0,Africa/Johannesburg
9768,Tingo Maria Airport,Tingo Maria,Peru,TGI,SPGM,-9.133000373840332,-75.94999694824219,America/Lima
9769,Plínio Alarcom Airport,Tres Lagoas,Brazil,TJL,SSTL,-20.754199981689,-51.684200286865,America/Campo_Grande
9770,Zhangye Ganzhou Airport,Zhangye,China,YZY,ZLZY,38.8018989563,100.675003052,Asia/Shanghai
9771,Cacoal Airport,Cacoal,Brazil,OAL,SSKW,-11.496,-61.4508,America/Boa_Vista
9772,Warren Field,Washington,United States,OCW,KOCW,35.570499420166,-77.049797058105,America/New_York
9773,Hyde County Airport,Engelhard,United States,,K7W6,35.562400817871094,-75.9552001953125,America/New_York
9774,Mocopulli Airport,Castro,Chile,MHC,SCPQ,-42.340388,-73.715693,America/Santiago
9776,Stillwater Regional Airport,Stillwater,United States,SWO,KSWO,36.161201477051,-97.08570098877,America/Chicago
9777,Okmulgee Regional Airport,Okmulgee,United States,OKM,KOKM,35.668098449707,-95.948699951172,America/Chicago
9778,Cushing Municipal Airport,Cushing,United States,CUH,KCUH,35.9499015808,-96.7731018066,America/Chicago
9779,Clinton Sherman Airport,Clinton,United States,CSM,KCSM,35.3398017883,-99.20050048830001,America/Chicago
9780,Strother Field,Winfield,United States,WLD,KWLD,37.168598175,-97.0375976562,America/Chicago
9781,Wiley Post Airport,Oklahoma City,United States,PWA,KPWA,35.53419876,-97.64710236,America/Chicago
9782,Shreveport Downtown Airport,Shreveport,United States,DTN,KDTN,32.5401992798,-93.7450027466,America/Chicago
9783,Stephenville Clark Regional Airport,Stephenville,United States,SEP,KSEP,32.215301513672,-98.177696228027,America/Chicago
9784,Perry Municipal Airport,Perry,United States,,KF22,36.38560104370117,-97.2771987915039,America/Chicago
9786,Hamilton Municipal Airport,Hamilton,United States,,KMNZ,31.6658992767334,-98.14859771728516,America/Chicago
9787,Ada Regional Airport,Ada,United States,ADT,KADH,34.804298,-96.671303,America/Chicago
9788,Mesquite Metro Airport,Misquite,United States,,KHQZ,32.74700164794922,-96.53040313720703,America/Chicago
9789,Denton Municipal Airport,Denton,United States,,KDTO,33.2006988525,-97.19799804690001,America/Chicago
9790,Austin Executive Airport,Austin,United States,,KEDC,30.3974931,-97.5663935,America/Chicago
9791,Lago Vista Tx Rusty Allen Airport,Lago Vista,United States,,KRYW,30.498600006103516,-97.96949768066406,America/Chicago
9792,Brenham Municipal Airport,Brenham,United States,,K11R,30.21899986,-96.3742981,America/Chicago
9793,Lakeway Airpark,Lakeway,United States,,K3R9,30.357500076293945,-97.99449920654297,America/Chicago
9794,Iraan Municipal Airport,Iraan,United States,IRB,K2F0,30.9057006836,-101.891998291,America/Chicago
9795,Kestrel Airpark,San Antonio,United States,,K1T7,29.812700271606445,-98.42530059814453,America/Chicago
9796,Elliot Lake Municipal Airport,ELLIOT LAKE,Canada,YEL,CYEL,46.351398468,-82.5614013672,America/Toronto
9797,Wilkes County Airport,North Wilkesboro,United States,IKB,KUKF,36.2228012085,-81.09829711910001,America/New_York
9798,Charleston Executive Airport,Charleston,United States,,KJZI,32.70090103149414,-80.00289916992188,America/New_York
9799,Danville Regional Airport,Danville,United States,DAN,KDAN,36.572898864746094,-79.33609771728516,America/New_York
9800,Brookneal/Campbell County Airport,Brookneal,United States,,K0V4,37.141700744599994,-79.01640319820001,America/New_York
9805,Yerbogachen Airport,Yerbogachen,Russia,ERG,UIKE,61.2750015259,108.029998779,Asia/Irkutsk
9806,Cheraw Municipal Airport/Lynch Bellinger Field,Cheraw,United States,HCW,KCQW,34.71289825,-79.95700073,America/New_York
9808,Wauchula Municipal Airport,Wuchula,United States,,KCHN,27.51490020752,-81.880500793457,America/New_York
9818,Lilydale Airport,Lilydale,Australia,,YLIL,-37.69169998168945,145.36700439453125,Australia/Hobart
9819,Beni Mellal Airport,Beni Mellal,Morocco,BEM,GMMD,32.401895,-6.315905,Africa/Casablanca
9820,Şırnak Şerafettin Elçi Airport,Cizre,Turkey,NKT,LTCV,37.3647,42.0582,Europe/Istanbul
9821,Suntar Airport,Suntar,Russia,SUY,UENS,62.185001373291,117.63500213623,Asia/Yakutsk
9824,Tazadit Airport,Zouerat,Mauritania,OUZ,GQPZ,22.756399154663086,-12.483599662780762,Africa/Nouakchott
9825,Asaba International Airport,Asaba,Nigeria,ABB,DNAS,6.204167,6.665278,Africa/Lagos
9826,Akwa Ibom International Airport,Uyo,Nigeria,QUO,DNAI,4.8725,8.093,Africa/Lagos
9828,Kasama Airport,Kasama,Zambia,KAA,FLKS,-10.216699600219727,31.13330078125,Africa/Lusaka
9829,Mbeya Airport,Mbeya,Tanzania,,HTMB,-8.919444,33.463889,Africa/Dar_es_Salaam
9830,Mpanda Airport,Mpanda,Tanzania,,HTMP,-6.355374,31.084116,Africa/Dar_es_Salaam
9831,Songea Airport,Songea,Tanzania,SGX,HTSO,-10.682999610900879,35.58300018310547,Africa/Dar_es_Salaam
9832,Morogoro Airport,Morogoro,Tanzania,,HTMG,-6.797220230102539,37.653099060058594,Africa/Dar_es_Salaam
9843,Jiuhuashan Airport,Chizhou,China,JUH,ZSJH,30.7403,117.6856,Asia/Shanghai
9844,Anshan Air Base,Anshan,China,AOG,ZYAS,41.105301,122.853996,Asia/Shanghai
9845,Saertu Airport,Daqing,China,DQA,ZYDQ,46.7463888889,125.140555556,Asia/Shanghai
9846,Zunyi Xinzhou Airport,Zunyi,China,ZYI,ZUZY,27.5895,107.0007,Asia/Shanghai
9847,Conway Horry County Airport,Conway,United States,,KHYW,33.82849884,-79.12220001,America/New_York
9848,Lindu Airport,Yinchun,China,LDS,ZYLD,47.7520555556,129.019125,Asia/Shanghai
9849,Anshun Huangguoshu Airport,Anshun,China,AVA,ZUAS,26.2605555556,105.873333333,Asia/Shanghai
9850,Sikasso Airport,Sikasso,Mali,KSS,GASK,11.333000183105469,-5.699999809265137,Africa/Bamako
9853,Toowoomba Wellcamp Airport,Toowoomba,Australia,WTB,YBWW,-27.558332,151.793335,Australia/Brisbane
9854,Tonghua Sanyuanpu Airport,Tonghua,China,TNH,ZYTN,42.2538888889,125.703333333,Asia/Shanghai
9857,Suzhou Guangfu Airport,Suzhou,China,SZV,ZSSZ,31.2631,120.401001,Asia/Shanghai
9860,City Airport Manchester,Manchester,United Kingdom,,EGCB,53.471698761,-2.38971996307,Europe/London
9861,Sleap Airport,Shrewsbury,United Kingdom,,EGCV,52.833900451699996,-2.77167010307,Europe/London
9862,Tatenhill Airfield,Burton-on-Trent,United Kingdom,,EGBM,52.814701080300004,-1.76110994816,Europe/London
9863,Full Sutton Airfield,York,United Kingdom,,EGNU,53.980598,-0.864722,Europe/London
9864,Sherburn-In-Elmet Airfield,Leeds,United Kingdom,,EGCJ,53.788458,-1.216877,Europe/London
9866,Beringin Airport,Muara Teweh,Indonesia,,WAOM,-0.940325021744,114.893875122,Asia/Jakarta
9868,Mulia Airport,Mulia,Indonesia,LII,WAJM,-3.7018,137.957,Asia/Jayapura
9872,Stenkol Airport,Bintuni,Indonesia,NTI,WASB,-2.1033,133.5164,Asia/Jayapura
9873,Wasior Airport,Wasior,Indonesia,WSR,WASW,-2.721,134.5061,Asia/Jayapura
9874,Silangit Airport,Siborong-Borong,Indonesia,DTB,WIMN,2.25973,98.991898,Asia/Jakarta
9875,Lasikin Airport,Sinabang,Indonesia,,WITG,2.4102799892425537,96.32559967041016,Asia/Jakarta
9886,Seunagan Airport,Nagan Raya,Indonesia,MEQ,WITC,4.25,96.21700286865234,\N
9887,Betoambari Airport,Bau-Bau,Indonesia,BUW,WAWB,-5.486879825592041,122.56900024414062,\N
9888,Kao Airport,Kao,Indonesia,KAZ,WAMK,1.1852799654006958,127.89600372314453,\N
9889,Melangguane Airport,Melonguane,Indonesia,MNA,WAMN,4.00694,126.672997,\N
9890,Sanggata/Sangkimah Airport,Sanggata,Indonesia,SGQ,WRLA,0.3847,117.543,\N
9891,Muara Bungo Airport,Muara Bungo,Indonesia,BUU,WIPI,-1.1278,102.135,\N
9892,Selayar/Aroepala Airport,Selayar,Indonesia,,WAWH,-6.1751,120.4362,\N
9897,Illaga Airport,Illaga,Indonesia,ILA,WABL,-3.97648,137.6225,\N
9898,Oksibil Airport,Oksibil,Indonesia,OKL,WAJO,-4.9071,140.6277,\N
9899,Kokonau Airport,Kokonau,Indonesia,KOX,WABN,-4.71075,136.43515,\N
9901,Clermont Airport,Clermont,Australia,CMQ,YCMT,-22.773099899291992,147.62100219726562,\N
9902,Warrnambool Airport,Warrnambool,Australia,WMB,YWBL,-38.2952995300293,142.44700622558594,\N
9904,Richmond Airport,Richmond,Australia,RCM,YRMD,-20.701900482177734,143.11500549316406,\N
9905,RAAF Base Curtin,Derby,Australia,DCN,YCIN,-17.5813999176,123.82800293,\N
9935,Kualanamu International Airport,Medan,Indonesia,KNO,WIMM,3.642222,98.885278,Asia/Jakarta
9937,Gratiot Community Airport,Kamloops,Canada,AMN,KAMN,43.322101593,-84.68800354,\N
9938,Asheboro Regional Airport,Asheboro,United States,,KHBI,35.65449905,-79.8946991,\N
9939,Seosan Air Base,Seosan,South Korea,HMY,RKTP,36.703999,126.486,\N
9942,Henderson Field,Wallace,United States,,KACZ,34.717899322509766,-78.00360107421875,\N
9943,Emporia Greensville Regional Airport,Emporia,United States,,KEMV,36.6869010925293,-77.48280334472656,\N
10017,San Gabriel Valley Airport,El Monte,United States,EMT,KEMT,34.086102,-118.035004,\N
10057,Farah Airport,Farah,Afghanistan,FAH,OAFR,32.367000579833984,62.18299865722656,\N
10061,Pasighat Airport,Pasighat,India,IXT,VEPG,28.066099166870117,95.33560180664062,\N
10062,Kee Field,Pineville,United States,,KI16,37.600399017333984,-81.5593032836914,\N
10069,Kramatorsk Airport,Kramatorsk,Ukraine,KRQ,UKCK,48.70560073852539,37.62889862060547,\N
10080,Kautokeino Air Base,Kautokeino,Norway,QKX,ENKA,69.04029846191406,23.034000396728516,\N
10089,Lille/Marcq-en-Baroeul Airport,Marcq En Baroeul,France,,LFQO,50.687198638916016,3.0755600929260254,\N
10096,Kawass Airport,Kamsar,Guinea,,GUKR,10.651000022888,-14.533599853516,\N
10102,Stinson Municipal Airport,Stinson,United States,SSF,KSSF,29.336999893188,-98.471099853516,\N
10103,Sallisaw Municipal Airport,Sallisaw,United States,,KJSV,35.4382019,-94.80280304,\N
10104,Jasper County Airport-Bell Field,Jasper,United States,JAS,KJAS,30.88570023,-94.03489685,\N
10105,El Dorado Springs Memorial Airport,El dorado springs,United States,,K87K,37.8567008972168,-93.99909973144531,\N
10106,Marfa Municipal Airport,Marfa,United States,MRF,KMRF,30.371099,-104.017997,\N
10107,Alpine Casparis Municipal Airport,Alpine,United States,ALE,KE38,30.384199142499998,-103.683998108,\N
10110,Bubaque Airport,Bubaque,Guinea-Bissau,BQE,GGBU,11.297355651855469,-15.838079452514648,\N
10114,Chichen Itza International Airport,Chichen Itza,Mexico,CZA,MMCT,20.6413002014,-88.4461975098,America/Mexico_City
10116,Bunbury Airport,Bunbury,Australia,BUY,YBUN,-33.378299713134766,115.677001953125,\N
10117,Cable Airport,Upland,United States,CCB,KCCB,34.1115989685,-117.68800354,\N
10121,Mount Sterling Montgomery County Airport,Mount Sterling,United States,,KIOB,38.05810165,-83.979599,\N
10122,Elkhart Municipal Airport,Elkhart,United States,EKI,KEKM,41.7193984985,-86.00319671630001,\N
10123,Nappanee Municipal Airport,Nappanee ,United States,,KC03,41.44620132446289,-85.93479919433594,\N
10128,Jim Hamilton L.B. Owens Airport,Columbia,United States,CUB,KCUB,33.970500946,-80.9952011108,\N
10129,Grove Municipal Airport,Grove,United States,,KGMJ,36.60680008,-94.73860168,\N
10130,Mc Pherson Airport,Mc Pherson,United States,,KMPR,38.35240173,-97.69129944,\N
10131,Donaldson Field Airport,Greenville,United States,GDC,KGYH,34.758301,-82.376404,\N
10132,Perry Houston County Airport,Perry,United States,,KPXE,32.51060104370117,-83.76730346679688,\N
10133,Hartsville Regional Airport,Hartsville,United States,HVS,KHVS,34.4030990601,-80.11920166019999,\N
10134,Horace Williams Airport,Chapel Hill,United States,,KIGX,35.935001,-79.065902,\N
10135,San Cristobal de las Casas Airport,San Cristobal de las Casas,Mexico,SZT,MMSC,16.690299987793,-92.530097961426,America/Mexico_City
10137,Dunnville Airport,Dunnville,Canada,DU9,CDU9,42.872200012200004,-79.5958023071,\N
10138,Brunswick County Airport,Oak Island,United States,,KSUT,33.9292984,-78.07499695,\N
10139,Chesterfield County Airport,Richmond,United States,,KFCI,37.40650177,-77.52500153,\N
10140,Atherton Airport,Atherton,Australia,,YATN,-17.2616996765,145.51499939,\N
10141,Bagdarin Airport,Bagdarin,Russia,,UIUB,54.36920166015625,113.47899627685547,Asia/Irkutsk
10142,Scarlett Martinez International Airport,Rio Hato,Panama,RIH,MPRH,8.375880241394,-80.127899169922,\N
10144,Henderson Oxford Airport,Oxford,United States,,KHNZ,36.36159897,-78.52919769,\N
10145,Leesburg International Airport,Leesburg,United States,LEE,KLEE,28.82309914,-81.80870056,\N
10148,Semyazino Airport,Vladimir,Russia,,UUBL,56.12670135498047,40.314998626708984,Europe/Moscow
10149,Witberg Tswalu Airport,Dedeben,South Africa,,FATW,-27.204999923706055,22.48189926147461,\N
10151,Mana Pools Airport,Mana Pools,Zimbabwe,,FVMN,-15.768735,29.385617,\N
10154,Pouso Alegre Airport,Pouso Alegre,Brazil,PPY,SNZA,-22.289199829101562,-45.91910171508789,\N
10155,Brigadeiro Cabral Airport,Divinopolis,Brazil,DIQ,SNDV,-20.180700302124,-44.870899200439,\N
10156,Yeysk Airport,Eysk,Russia,EIK,URKE,46.68,38.21,Europe/Moscow
10157,Berdyansk Airport,Berdyansk,Ukraine,ERD,UKDB,46.814998626708984,36.75809860229492,\N
10158,Blimbingsari Airport,Banyuwangi,Indonesia,BWX,WARB,-8.31015,114.3401,\N
10160,Erenhot Saiwusu International Airport,Erenhot,China,ERL,ZBER,43.4225,112.096667,\N
10161,Shobdon Aerodrome,Shobdon,United Kingdom,,EGBS,52.2416992188,-2.8811099529299997,\N
10162,Chino Airport,Chino,United States,CNO,KCNO,33.97470093,-117.637001,\N
10163,Kamigoto Airport,Shin-kamigoto,Japan,,RJDK,33.0130996704,129.192001343,\N
10164,Ojika Airport,Odika,Japan,,RJDO,33.1907997131,129.089996338,\N
10165,Chofu Airport,Tokyo,Japan,,RJTF,35.67169952392578,139.5279998779297,\N
10166,Hateruma Airport,Taketomi,Japan,HTR,RORH,24.0589008331,123.805999756,\N
10169,Madison County Airport,London,United States,,KUYF,39.93270111,-83.46199799,\N
10171,Las Brujas Airport,Cayo Santa Maria,Cuba,BWW,MUBR,22.621299743699996,-79.1472015381,\N
10173,Digby (General Hospital) Heliport,Tremblay-en-France,France,,CDG2,44.6161003112793,-65.76190185546875,\N
10178,Thun Airport,Thun,Switzerland,,LSZW,46.756401062,7.60056018829,\N
10184,Lavrentiya Airport,Lavrentiya,Russia,,UHML,65.58000183105469,-170.99667358398438,Asia/Anadyr
10185,Paso Robles Municipal Airport,Paso Robles,United States,PRB,KPRB,35.67290115,-120.6269989,\N
10186,N 104 Helipad,Ulleung,South Korea,,RKDU,37.479166666699996,130.895555556,\N
10209,Beijing Daxing International Airport,Beijing,China,PKX,ZBAD,39.509945,116.41092,\N
10295,Kymi Airport,Kotka,Finland,,EFKY,60.5713996887207,26.896099090576172,\N
10360,Half Moon Bay Airport,Half Moon Bay,United States,HAF,KHAF,37.513401031499995,-122.500999451,\N
10363,Hechi Jinchengjiang Airport,Hechi,China,HCJ,ZGHC,24.805,107.6997,\N
10370,Kadina Airport,Kadina,Australia,,YKDI,-33.97669982910156,137.66000366210938,\N
10371,General WM J Fox Airfield,Lancaster,United States,WJF,KWJF,34.74110031,-118.2190018,\N
10378,Coondewanna Airport,Coondewanna,Australia,CJF,YCWA,-22.96669960022,118.81300354004,\N
10544,Guarapari Airport,Guarapari,Brazil,GUZ,SNGA,-20.646499633800005,-40.491901397700005,\N
10545,Ubatuba Airport,Ubatuba,Brazil,UBT,SDUB,-23.441099166870117,-45.075599670410156,\N
10611,Ali Air Base,Nasiriyah,Iraq,,ORTL,30.935800552368164,46.0900993347168,\N
10617,Ota Air Base,Ota,Portugal,,LPOT,39.087502,-8.96278,\N
10618,Borroloola Airport,Borroloola,Australia,BOX,YBRL,-16.075300216674805,136.302001953125,\N
10723,Elsenthal Grafe Airport,Elsenthal,Germany,,EDNF,48.822498,13.3675,\N
10744,Newtownards Airport,Newtownards,United Kingdom,,EGAD,54.5811004639,-5.69193983078,\N
10745,Lashenden (Headcorn) Airfield,Headcorn,United Kingdom,,EGKH,51.156898,0.641667,\N
10746,Panshanger Aerodrome,Panshanger,United Kingdom,,EGLG,51.80250167849999,-0.158056005836,\N
10747,Thurrock Airfield,Thurrock,United Kingdom,,EGMT,51.537505,0.367634,\N
10748,Stapleford Aerodrome,Stapleford,United Kingdom,,EGSG,51.652500152600005,0.155833005905,\N
10750,HAL Airport,Bangalore,India,,VOBG,12.9499998093,77.6681976318,\N
10751,Chichester/Goodwood Airport,Goodwood,United Kingdom,QUG,EGHR,50.85940170288086,-0.7591670155525208,\N
10752,Omarama Glider Airport,Omarama,New Zealand,,NZOA,-44.486698150634766,169.98599243164062,\N
10753,Haast Aerodrome,Haast,New Zealand,,NZHT,-43.865299224853516,169.04100036621094,\N
10776,Meschede-Schüren Airport,Meschede,Germany,,EDKM,51.30277633666992,8.239167213439941,\N
10792,Jumandy Airport,Tena,Ecuador,TNW,SEJD,-1.059722,-77.583333,\N
10794,Morro da Urca Heliport,Rio de Janeiro,Brazil,,SDHU,-22.95166778564453,-43.16583251953125,\N
10800,Dongji Aiport,Fuyuan,China,FYJ,ZYFY,48.199494,134.366447,\N
10802,Skúvoy Heliport,Skuvoy,Faroe Islands,,EKSY,61.76959991455078,-6.803410053253174,\N
10803,Stóra Dímun Heliport,Stora Dimun,Faroe Islands,,EKSR,61.685298919677734,-6.758500099182129,\N
10804,Frooba Heliport,Frooba,Faroe Islands,,EKFA,61.543701171875,-6.774419784545898,\N
10831,Person County Airport,Roxboro,United States,,KTDF,36.28490067,-78.98419952,\N
10934,Zulu Inyala Airport,Phinda,South Africa,PZL,FADQ,-27.84939956665039,32.30970001220703,\N
10937,Liupanshui Yuezhao Airport,Liupanshui,China,LPF,ZUPS,26.609417,104.979,\N
10938,Kaili Airport,Kaili,China,KJH,ZUKJ,26.972,107.988,\N
10939,Shennongjia Hongping Airport,Shennongjia,China,HPG,ZHSN,31.626,110.34,\N
10940,Zhangjiakou Ningyuan Airport,Zhangjiakou,China,ZQZ,ZBZJ,40.7386016846,114.930000305,\N
10941,Arxan Yi'ershi Airport,Arxan,China,YIE,ZBES,47.3106,119.9117,\N
10942,Hengyang Nanyue Airport,Hengyang,China,HNY,ZGHY,26.9053,112.627998,\N
10943,Hongyuan Airport,Ngawa,China,AHJ,ZUHY,32.53154,102.35224,\N
10949,Wonsan Kalma International Airport,Wonsan,North Korea,WOS,ZKWS,39.166801,127.486,\N
10951,Mestia Queen Tamar Airport,Mestia,Georgia,,UGMS,43.053597,42.749012,\N
10952,Magas Airport,Magas,Russia,IGT,URMS,43.322299957300004,45.0125999451,Europe/Moscow
11004,Talladega Municipal Airport,Talladega,United States,ASN,KASN,33.569900512699995,-86.05090332030001,\N
11005,Greenville Downtown Airport,Greenville,United States,GMU,KGMU,34.847900390599996,-82.34999847410002,\N
11008,Mankato Regional Airport,Mankato,United States,,KMKT,44.22159958,-93.91870117,\N
11009,Captain Auguste George Airport,Anegada,British Virgin Islands,NGD,TUPA,18.72719955444336,-64.32969665527344,\N
11010,Troy Municipal Airport at N Kenneth Campbell Field,Troy,United States,TOI,KTOI,31.860399,-86.012101,\N
11011,Merkel Field Sylacauga Municipal Airport,Sylacauga,United States,,KSCD,33.17179870605469,-86.30549621582031,\N
11012,Enterprise Municipal Airport,Enterprise,United States,ETS,KEDN,31.29969978,-85.89990234,\N
11017,Ryan Field,Tucson,United States,,KRYN,32.1422004699707,-111.17500305175781,\N
11018,Efogi Airport,Efogi,Papua New Guinea,EFG,AYEF,-9.15380555556,147.659805556,\N
11019,Kagi Airport,Kagi,Papua New Guinea,KGW,AYKQ,-9.135916666670001,147.669444444,\N
11020,Nadunumu Airport,Nadunumu,Papua New Guinea,NDN,AYNC,-9.14355555556,147.68425,\N
11021,Bodinumu Airport,Bodinumu,Papua New Guinea,BNM,AYBD,-9.107777777779999,147.666722222,\N
11022,Thomas C Russell Field,Alexander City,United States,ALX,KALX,32.914699554399995,-85.9629974365,\N
11030,Port Keats Airport,Wadeye,Australia,PKT,YPKT,-14.25,129.5290069580078,\N
11031,Garden Point Airport,Pirlangimpi,Australia,GPN,YGPT,-11.40250015258789,130.4219970703125,\N
11032,Stade Airport,Stade,Germany,,EDHS,53.56111145019531,9.499167442321777,\N
11035,Meriden Markham Municipal Airport,Meriden,United States,,KMMK,41.50870132446289,-72.82949829101562,\N
11038,Flinders Island Airport,Elliston,Australia,,YFLS,-33.730989,134.501,\N
11048,Luzern-Beromunster Airport,Lucerne,Switzerland,,LSZO,47.189998626708984,8.204719543457031,\N
11049,La Grand'combe Airport,La Grand'Combe,France,,LFTN,44.24440002441406,4.0122199058532715,\N
11051,Hamad International Airport,Doha,Qatar,DOH,OTHH,25.273056,51.608056,\N
11053,Fort Mackay / Horizon Airport,Wood Buffalo,Canada,HZP,CYNR,57.3816986084,-111.700996399,\N
11054,Canmore Municipal Heliport,Canmore,Canada,,CEW9,51.07780075069999,-115.337997437,\N
11055,Krasnokamensk Airport,Krasnokamensk,Russia,,UIAE,50.03310775756836,118.06114196777344,\N
11067,Ridgely Airpark,Ridgely,United States,,KRJD,38.97010040283203,-75.86630249023438,\N
11068,New Castle Henry Co. Municipal Airport,New Castle,United States,,KUWL,39.87590027,-85.32649994,\N
11069,Scott City Municipal Airport,Scott City,United States,,KTQK,38.474300384521484,-100.88500213623047,\N
11070,Brewster Field,Holdredge,United States,HDE,KHDE,40.452099,-99.336502,\N
11071,Pratt Regional Airport,Pratt,United States,PTT,KPTT,37.70159912,-98.74690247,\N
11072,Yubileyniy Airfield,Baikonur,Kazakhstan,,UAON,46.05500030517578,63.25,\N
11073,Wahoo Municipal Airport,Wahoo,United States,,KAHQ,41.2412986755,-96.59400177,\N
11074,Jim Kelly Field,Lexington,United States,LXN,KLXN,40.791000366199995,-99.7772979736,\N
11075,Sublette Municipal Airport,Sublette,United States,,K19S,37.49140167,-100.8300018,\N
11076,Council Bluffs Municipal Airport,Council Bluffs,United States,CBF,KCBF,41.2592010498,-95.760597229,\N
11077,Kokomo Municipal Airport,Kokomo,United States,OKK,KOKK,40.528198242188,-86.05899810791,\N
11078,Neodesha Municipal Airport,Neodesha,United States,,K2K7,37.43539810180664,-95.64610290527344,\N
11079,King Ranch Airport,Sutton,United States,,AK59,61.79560089111328,-148.35499572753906,\N
11080,Elkhart Morton County Airport,Elkhart,United States,,KEHA,37.000702,-101.879997,\N
11081,Front Range Airport,Denver,United States,,KFTG,39.785301208496094,-104.54299926757812,\N
11082,Galesburg Municipal Airport,Galesburg,United States,GBG,KGBG,40.937999725299996,-90.431098938,\N
11084,Guymon Municipal Airport,Guymon,United States,GUY,KGUY,36.6851005554,-101.508003235,\N
11086,Meade Municipal Airport,Meade,United States,,KMEJ,37.27690124511719,-100.35600280761719,\N
11087,Turkey Mountain Estates Airport,Shell Knob,United States,,MO00,36.59170150756836,-93.66690063476562,\N
11088,Ulysses Airport,Ulysses,United States,,KULS,37.60400009,-101.3740005,\N
11089,Flagler Aerial Spraying Inc Airport,Flagler,United States,,CO00,39.279998779296875,-103.06700134277344,\N
11090,Independence Municipal Airport,Independence,United States,IDP,KIDP,37.1584014893,-95.77839660640001,\N
11091,Augusta Municipal Airport,Augusta,United States,,K3AU,37.671600341796875,-97.0779037475586,\N
11092,Larned Pawnee County Airport,Larned,United States,,KLQR,38.20859909,-99.08599854,\N
11093,Lampasas Airport,Lampasas,United States,,KLZZ,31.106199264526367,-98.1958999633789,\N
11094,Bay City Municipal Airport,Bay City,United States,BBC,KBYY,28.9733009338,-95.8635025024,\N
11095,Cox Field,Paris,United States,PRX,KPRX,33.636600494385,-95.450798034668,\N
11096,Coffeyville Municipal Airport,Coffeyville,United States,CFV,KCFV,37.09400177,-95.5718994141,\N
11097,The Farm Airport,Summit,United States,,24SC,33.93579864501953,-81.42970275878906,\N
11098,Greeley–Weld County Airport,Greeley,United States,GXY,KGXY,40.4374008179,-104.633003235,\N
11099,General Dewitt Spain Airport,Memphis,United States,,KM01,35.20069885,-90.05400085,\N
11100,Oryol Yuzhny Airport,Oakley,United States,OEL,UUOR,52.934700012200004,36.0022010803,\N
11101,Fremont Municipal Airport,Fremont,United States,FET,KFET,41.44910049,-96.52020264,\N
11102,La Grande/Union County Airport,La Grande,United States,LGD,KLGD,45.2901992798,-118.007003784,\N
11103,Olsztyn-Mazury Airport,Szczytno-Szymany,Poland,SZY,EPSY,53.481899,20.9377,\N
11110,Pocono Mountains Municipal Airport,Mount Pocono,United States,MPO,KMPO,41.137503,-75.378897,\N
11111,Quakertown Airport,Quakertown,United States,UKT,KUKT,40.435199737549,-75.381896972656,\N
11127,Banff Airport,Banff,Canada,YBA,CYBA,51.207340469900004,-115.541861057,\N
11129,Nordborg Flyveplads,Nordborg,Denmark,,EKNB,55.07485,9.753379,\N
11131,Banning Municipal Airport,Banning,United States,BNG,KBNG,33.9230995178,-116.850997925,\N
11132,Gießen-Lützellinden Airport,Giessen,Germany,,EDFL,50.543888092041016,8.590277671813965,\N
11133,Tököl Airport,Budapest,Hungary,,LHTL,47.345298767100005,18.980800628699996,\N
11134,Karl Stefan Memorial Airport,Norfolk  Nebraska,United States,OFK,KOFK,41.985500335693,-97.435096740723,\N
11139,Kotido Airport,Kotido,Uganda,,HUKO,2.953,34.1232,\N
11140,Kajjansi Airfield,Kampala,Uganda,,HUKJ,0.1968,32.55297,\N
11141,Arlington Municipal Airport,Arlington,United States,,KAWO,48.16070175,-122.1589966,\N
11142,Paracatu Airport,Paracatu,Brazil,,SNZR,-17.242599487304688,-46.88309860229492,\N
11143,Das Bandeirinhas Airport,Conselheiro Lafaiete,Brazil,,SNKF,-20.738585,-43.797444,\N
11144,Janaúba Airport,Janauba,Brazil,,SNAP,-15.732,-43.323102,\N
11145,Juscelino Kubitscheck Airport,Teofilo Otoni,Brazil,TFL,SNTO,-17.89229965209961,-41.51359939575195,\N
11146,Cristiano Ferreira Varella Airport,Muriae,Brazil,,SNBM,-21.126100540161133,-42.39440155029297,\N
11153,Peter O Knight Airport,Tampa,United States,TPF,KTPF,27.915599822998,-82.44930267334,\N
11170,Lure Malbouhans Air Base,Malbouhans,France,,LFYL,47.7047,6.54583,\N
11175,Parati Airport,Paraty,Brazil,,SDTK,-23.2243995667,-44.720298767100005,\N
11176,Umberto Modiano Airport,Buzios,Brazil,BZC,SBBZ,-22.770999908447266,-41.96289825439453,\N
11177,Angra dos Reis Airport,Angra dos Reis,Brazil,,SDAG,-22.975299835205078,-44.307098388671875,\N
11178,Itaperuna Airport,Itaperuna,Brazil,ITP,SDUN,-21.219299316399997,-41.8759002686,\N
11179,Maricá Airport,Marica,Brazil,,SDMC,-22.9195,-42.830898,\N
11180,Resende Airport,Resende,Brazil,REZ,SDRS,-22.4785003662,-44.4803009033,\N
11181,Saquarema Airport,Saquarema,Brazil,,SDSK,-22.92972183227539,-42.50694274902344,\N
11182,Drumheller Municipal Airport,Drumheller,Canada,,CEG4,51.49639892578125,-112.7490005493164,\N
11193,Mwene-Ditu Airport,Mwene-Ditu,Congo (Kinshasa),,FZWE,-6.982999801635742,23.08300018310547,\N
11194,Tunta Airport,Kabinda,Congo (Kinshasa),KBN,FZWT,-6.132999897,24.4829998016,\N
11195,Ikela Airport,Ikela,Congo (Kinshasa),IKL,FZGV,-1.048109,23.372501,\N
11198,Aripuanã Airport,Aripuana,Brazil,AIR,SWRP,-10.188278,-59.457273,\N
11199,Juruena Airport,Juruena,Brazil,JRN,SWJU,-10.305832862854004,-58.489444732666016,\N
11200,Juína Airport,Juina,Brazil,JIA,SWJN,-11.419444,-58.701668,\N
11201,Vila Rica Airport,Vila Rica,Brazil,VLP,SWVC,-9.979443550109863,-51.1422233581543,\N
11202,Inácio Luís do Nascimento Airport,Juara,Brazil,JUA,SIZX,-11.2966,-57.5495,\N
11203,Cáceres Airport,Caceres,Brazil,CCX,SWKC,-16.04360008239746,-57.62990188598633,\N
11204,Posto Leonardo Vilas Boas Airport,Chapada dos Guimaraes,Brazil,,SWPL,-12.198332786560059,-53.38166809082031,\N
11205,Tangará da Serra Airport,Tangara da Serra,Brazil,TGQ,SWTS,-14.661999702500001,-57.4435005188,\N
11206,Canarana Airport,Canarana,Brazil,CQA,SWEK,-13.574443817138672,-52.27055740356445,\N
11207,Vila Bela da Santíssima Trindade Airport,Vila Bela da Santissima Trindade ,Brazil,MTG,SWVB,-14.9942,-59.9458,\N
11208,Bumbar Airport,Bumba,Congo (Kinshasa),BMB,FZFU,2.18278,22.481701,\N
11209,Sobral Airport,Sobral,Brazil,,SNOB,-3.67889,-40.336802,\N
11210,Arapiraca Airport,Arapiraca,Brazil,APQ,SNAL,-9.775360107421875,-36.62919998168945,\N
11211,Cangapara Airport,Floriano,Brazil,FLB,SNQG,-6.8463897705078125,-43.077301025390625,\N
11212,Picos Airport,Picos,Brazil,PCS,SNPC,-7.0620598793029785,-41.52370071411133,\N
11229,Beni Airport,Beni,Congo (Kinshasa),BNC,FZNP,0.575,29.4739,\N
11230,Boende Airport,Boende,Congo (Kinshasa),BNB,FZGN,-0.21699999272823334,20.850000381469727,\N
11243,Montauk Airport,Montauk,United States,MTP,KMTP,41.0765,-71.920797,\N
11255,Porter County Municipal Airport,Valparaiso IN,United States,VPZ,KVPZ,41.45399857,-87.00710297,\N
11257,Dharavandhoo Airport,DHARAVANDHOO,Maldives,DRV,VRMD,5.1561,73.1302,\N
11258,Saumlaki/Olilit Airport,Saumlaki,Indonesia,SXK,WAPI,-7.9886097908,131.305999756,\N
11268,Cerro Largo International Airport,Melo,Uruguay,MLZ,SUMO,-32.33789825439453,-54.21670150756836,\N
11269,Tydeo Larre Borges Airport,Paysandu,Uruguay,PDU,SUPU,-32.36330032348633,-58.0619010925293,\N
11270,Artigas International Airport,Artigas ,Uruguay,ATI,SUAG,-30.400699615478516,-56.50790023803711,\N
11272,Murray Bridge Airport,Murray Bridge,Australia,,YMBD,-35.06669998168945,139.2270050048828,\N
11273,Horsham Airport,Horsham,Australia,HSM,YHSM,-36.669700622558594,142.17300415039062,\N
11274,Swan Hill Airport,Swan Hill,Australia,SWH,YSWH,-35.37580108642578,143.5330047607422,\N
11277,Turtle Island Seaplane Base,Turtle Island,Fiji,TTL,NFUL,-16.966,177.368,\N
11288,Dewadaru - Kemujan Island,Karimunjawa,Indonesia,KWB,WARU,-5.80091,110.47838,\N
11290,Kongolo Airport,Kongolo,Congo (Kinshasa),KOO,FZRQ,-5.39444,26.99,\N
11291,Attopeu Airport,Attopeu,Laos,AOU,VLAP,14.814715357,106.821699142,\N
11292,Kahemba Airport,Kahemba,Congo (Kinshasa),,FZCF,-7.333000183105469,19.017000198364258,\N
11293,Francisco de Miranda Airport,Caracas,Venezuela,,SVFM,10.485033035299999,-66.8435134888,\N
11295,São Miguel do Oeste Airport,Sao Miguel do Oeste,Brazil,SQX,SSOE,-26.781600952148438,-53.503501892089844,\N
11299,Mason County Airport,Ludington,United States,LDM,KLDM,43.96250153,-86.40789795,\N
11312,Reid-Hillview Airport of Santa Clara County,San Jose,United States,RHV,KRHV,37.332901001,-121.819000244,\N
11328,Sohar Airport,Sohar,Oman,OHS,OOSH,24.38604,56.62541,\N
11331,Kadanwari Airport,Kadanwari,Pakistan,KCF,OPKW,27.1667003632,69.31670379639999,\N
11332,Sawan Airport,Sindh,Pakistan,RZS,OPSW,26.9662,68.878098,\N
11352,Thamkharka Airport,Thamkharka,Nepal,,VNTH,27.04787,86.858022,\N
11353,Thimarafushi Airport,Thimarafushi,Maldives,TMF,VRNT,2.211,73.1533,\N
11354,Ifuru Airport,Ifuru,Maldives,IFU,VREI,5.7083,73.025,\N
11355,Kaintiba Airport,Kieta,Papua New Guinea,KZF,AYKT,-7.50025,146.033833333,\N
11356,Ordu Giresun Airport,Ordu-Giresun,Turkey,OGU,LTCB,40.966047,38.080994,\N
11357,Hakkari Yüksekova Airport,Hakkari,Turkey,YKO,LTCW,37.5497,44.2381,\N
11386,Jelenia Góra Glider Airport,Jelenia Gora,Poland,,EPJG,50.89889907836914,15.785599708557129,\N
11389,Bathpalathang Airport,Jakar,Bhutan,BUT,VQBT,27.5622,90.7471,\N
11401,Sultan Bantilan Airport,Toli-Toli,Indonesia,TLI,WAMI,1.123428,120.793658,\N
11406,Vuktyl Airport,Vuktyl,Russia,,UUYK,63.823299407958984,57.279998779296875,\N
11407,Berezniki Airport,Berezniki,Russia,,USPT,59.57954788208008,56.85768127441406,\N
11431,San Sebastián Airport,San Sebastian,Chile,,SCSS,-53.31700134277344,-68.6500015258789,\N
11433,Tolwin Observatory Airport,Tolhuin,Argentina,,SAWL,-54.521900177,-67.1989974976,\N
11436,Tarko-Sale Airport,Tarko-Sale,Russia,TQL,USDS,64.9308013916,77.81809997559999,\N
11438,Camarillo Airport,Camarillo - CA,United States,,KCMA,34.21369934082031,-119.09400177001953,\N
11452,Leopoldsburg Airfield,Leopoldsburg,Belgium,,EBLE,51.12,5.3072222,\N
11473,Jinchuan Airport,Jinchuan,China,JIC,ZLJC,38.542222222199996,102.348333333,\N
11479,Omtepe Airport,Moyogalpa,Nicaragua,,MNLP,11.523616,-85.702995,\N
11498,Alashankou Bole (Bortala) airport,Bole,China,BPL,ZWAX,44.895,82.3,\N
11499,Fuyun Koktokay Airport,Fuyun,China,FYN,ZWFY,46.804169,89.512006,\N
11524,Achinsk Airport,Achinsk,Russia,ACS,UNKS,56.2682991027832,90.57080078125,\N
11545,Linfen Qiaoli Airport,LINFEN,China,LFQ,ZBLF,36.132629,111.641236,\N
11583,Hinton/Jasper-Hinton Airport,Hinton,Canada,YJP,CEC4,53.3191986084,-117.752998352,\N
11638,Watsonville Municipal Airport,Watsonville,United States,WVI,KWVI,36.9356994629,-121.790000916,\N
11644,Gelephu Airport,Gelephu,Bhutan,GLU,VQGP,26.88456,90.46412,\N
11648,Hollister Municipal Airport,Hollister,United States,HLI,KCVH,36.8932991028,-121.410003662,\N
11649,Williamsburg Jamestown Airport,Williamsburg,United States,,KJGG,37.239200592041016,-76.71610260009766,\N
11658,Dulkaninna Airport,Dulkaninna,Australia,DLK,YDLK,-29.0132999420166,138.4810028076172,\N
11673,William Creek Airport,William Creek,Australia,,YWMC,-28.906700134277344,136.3419952392578,\N
11684,Kenora Seaplane Base,Kenora,Canada,,CJM9,49.767424,-94.49274,\N
11685,Rumbula Air Base,Riga,Latvia,,EVRC,56.8833007812,24.2266998291,\N
11700,Siquijor Airport,Siquijor,Philippines,,RPVZ,9.214203223190001,123.472251892,\N
11702,Opapimiskan Lake Airport,Musselwhite Mine,Canada,YBS,CKM8,52.6067008972,-90.3768997192,\N
11713,Rizhao Shanzihe Airport,Rizhao,China,RIZ,ZSRZ,35.405033,119.324403,\N
11714,Shaxian Airport,Sanming,China,SQJ,ZSSM,26.4263,117.8336,\N
11717,Taroom Airport,Taroom,Australia,XTO,YTAM,-25.801700592041016,149.89999389648438,\N
11718,Gelnhausen Airport,Gelnhausen,Germany,,EDFG,50.19722366333008,9.170000076293945,\N
11719,Ærø Airport,Aero,Denmark,,EKAE,54.85279846191406,10.456399917602539,\N
11720,Lauterbach Airport,Lauterbach-Wernges,Germany,,EDFT,50.683334,9.410833,\N
11721,Aschaffenburg Airport,Aschaffenburg,Germany,,EDFC,49.93888854980469,9.063888549804688,\N
11722,Squamish Airport,Squamish,Canada,YSE,CYSE,49.7817001343,-123.162002563,\N
11735,Reichelsheim Airport,Reichelsheim,Germany,,EDFB,50.33583450317383,8.878055572509766,\N
11737,Marburg-Schönstadt Airport,Schoenstadt,Germany,,EDFN,50.87444305419922,8.8149995803833,\N
11738,Lauenbrück Airport,Lauenbrueck,Germany,,EDHU,53.20750045776367,9.573332786560059,\N
11739,Hüttenbusch Airport,Huettenbusch,Germany,,EDXU,53.28666687011719,8.947221755981445,\N
11740,Vrsar Crljenka Airport,Vsar,Croatia,,LDPV,45.141700744628906,13.630599975585938,\N
11742,Union County Airport,Marysville,United States,,KMRT,40.224700927734375,-83.35160064697266,\N
11743,La Grande-4 Airport,La Grande-4,Canada,YAH,CYAH,53.754699707,-73.6753005981,\N
11744,Alert Bay Airport,Alert Bay,Canada,YAL,CYAL,50.58219909667969,-126.91600036621094,\N
11745,Liverpool South Shore Regional Airport,Liverpool,Canada,,CYAU,44.2303009033,-64.85610198970001,\N
11747,Nipawin Airport,Nipawin,Canada,,CYBU,53.33250045776367,-104.00800323486328,\N
11748,Centralia / James T. Field Memorial Aerodrome,Centralia,Canada,YCE,CYCE,43.285599,-81.508301,\N
11749,Blue River Airport,Blue River,Canada,,CYCP,52.11669921875,-119.28299713134766,\N
11750,Chetwynd Airport,Chetwynd,Canada,YCQ,CYCQ,55.687198638916016,-121.62699890136719,\N
11751,Ross River Airport,Ross River,Canada,XRR,CYDM,61.9706001282,-132.42300415,\N
11752,Dolbeau St Felicien Airport,Dolbeau-St-Félicien,Canada,YDO,CYDO,48.778499603271,-72.375,\N
11753,Amos/Magny Airport,Amos,Canada,YEY,CYEY,48.563903,-78.249702,\N
11754,Goderich Airport,Goderich,Canada,,CYGD,43.7668991089,-81.7106018066,\N
11755,Hope Airport,Hope,Canada,YHE,CYHE,49.3683013916,-121.498001099,\N
11756,Haines Junction Airport,Haines Junction,Canada,YHT,CYHT,60.78919982910156,-137.54600524902344,\N
11757,Digby / Annapolis Regional Airport,Digby,Canada,YDG,CYID,44.5458450365,-65.7854247093,\N
11758,Fort Liard Airport,Fort Liard,Canada,YJF,CYJF,60.235801696799996,-123.46900177,\N
11759,Key Lake Airport,Key Lake,Canada,YKJ,CYKJ,57.256099700927734,-105.61799621582031,\N
11760,Leaf Rapids Airport,Leaf Rapids,Canada,YLR,CYLR,56.513301849365234,-99.98529815673828,\N
11761,Matane Airport,Matane,Canada,YME,CYME,48.85689926147461,-67.45330047607422,\N
11762,Charlevoix Airport,Charlevoix,Canada,YML,CYML,47.59749984741211,-70.2238998413086,\N
11763,Nejanilini Lake Airport,Nejanilini Lake,Canada,,CYNN,59.4874992371,-97.78029632570001,\N
11764,Owen Sound / Billy Bishop Regional Airport,Owen Sound,Canada,YOS,CYOS,44.5903015137,-80.8375015259,\N
11765,Port Hawkesbury Airport,Port Hawkesbury,Canada,YPS,CYPD,45.6567001343,-61.3680992126,\N
11766,St Thomas Municipal Airport,St Thomas,Canada,YQS,CYQS,42.77000045776367,-81.11080169677734,\N
11767,Ottawa / Rockcliffe Airport,Ottawa,Canada,YRO,CYRO,45.4603004456,-75.64610290530001,\N
11768,Ottawa / Carp Airport,Ottawa,Canada,,CYRP,45.3191986084,-76.0222015381,\N
11769,Smiths Falls-Montague (Russ Beach) Airport,Smiths Falls,Canada,YSH,CYSH,44.94580078125,-75.94059753417969,\N
11770,St Leonard Airport,St Leonard,Canada,YSL,CYSL,47.157501220703125,-67.83470153808594,\N
11771,Virden/R.J. (Bob) Andrew Field Regional Aerodrome,Virden,Canada,,CYVD,49.8782997131,-100.917999268,\N
11772,Vernon Airport,Vernon,Canada,YVE,CYVK,50.24810028076172,-119.33100128173828,\N
11773,Beaver Creek Airport,Beaver Creek,Canada,YXQ,CYXQ,62.410301208496094,-140.86700439453125,\N
11774,Shuswap Regional Airport,Salmon Arm,Canada,YSN,CZAM,50.682802,-119.228996,\N
11775,Kelsey Airport,Kelsey,Canada,KES,CZEE,56.0374984741,-96.50969696039999,\N
11776,Pukatawagan Airport,Pukatawagan,Canada,XPK,CZFG,55.7491989136,-101.26599884,\N
11777,Grand Forks Airport,Grand Forks,Canada,ZGF,CZGF,49.01559829711914,-118.43099975585938,\N
11778,Jenpeg Airport,Jenpeg,Canada,ZJG,CZJG,54.51890182495117,-98.04609680175781,\N
11779,Thicket Portage Airport,Thicket Portage,Canada,YTD,CZLQ,55.31890106201172,-97.70780181884766,\N
11780,Pikwitonei Airport,Pikwitonei,Canada,PIW,CZMN,55.58890151977539,-97.16419982910156,\N
11781,Poplar River Airport,Poplar River,Canada,XPP,CZNG,52.9965258788,-97.2741937637,\N
11782,Pincher Creek Airport,Pincher Creek,Canada,WPC,CZPC,49.520599365200006,-113.997001648,\N
11783,Stewart Airport,Stewart,Canada,ZST,CZST,55.935410448,-129.982434511,\N
11784,Ignace Municipal Airport,Ignace,Canada,ZUC,CZUC,49.4296989440918,-91.7177963256836,\N
11785,Neubrandenburg Airport,Neubrandenburg,Germany,FNB,EDBN,53.6022,13.306,\N
11786,Airport Bamberg-Breitenau,Bamberg,Germany,,EDQA,49.920403,10.914233,\N
11787,Zerbst Airport,Zerbst/Anhalt,Germany,,EDUZ,52.000832,12.148611,\N
11788,RAF Spadeadam,Spadeadam,United Kingdom,,EGOM,55.0499992371,-2.54999995232,\N
11789,RAF Kinloss,Kinloss,United Kingdom,FSS,EGQK,57.6493988037,-3.56064009666,\N
11790,Biała Podlaska Airfield,Biała Podlaska,Poland,BXP,EPBP,52.00078,23.1325278,\N
11791,Cewice Air Base,Lębork,Poland,,EPCE,54.416,17.7633,\N
11792,Deblin Military Air Base,Dęblin,Poland,,EPDE,51.551399231,21.8936004639,\N
11793,Leczyca Military Air Base,Leczyca,Poland,,EPLY,52.004699707,19.1455993652,\N
11794,Minsk Mazowiecki Military Air Base,,Poland,,EPMM,52.1954994202,21.6558990479,\N
11795,Powidz Military Air Base,,Poland,,EPPW,52.379398,17.853901,\N
11796,Tomaszow Mazowiecki Military Air Base,Tomaszów Mazowiecki,Poland,,EPTM,51.584400177,20.0977993011,\N
11797,Björkvik Air Base,Björkvik,Sweden,,ESKX,58.79079818725586,16.571199417114258,\N
11798,Ljungbyhed Airport,Ljungbyhed,Sweden,,ESTL,56.082801818847656,13.212499618530273,\N
11799,Daugavpils Intrenational Airport,Daugavpils,Latvia,DGP,EVDA,55.944721221900004,26.6650009155,\N
11800,Jēkabpils Air Base,Jēkabpils,Latvia,,EVKA,56.534698,25.8925,\N
11801,Jūrmala Airport,Tukums,Latvia,,EVTA,56.9422,23.2239,\N
11802,Kėdainiai Air Base,Kėdainiai,Lithuania,,EYKD,55.31169891357422,23.95639991760254,\N
11803,Lime Acres Finsch Mine Airport,Lime Acres,South Africa,LMR,FALC,-28.36009979248047,23.43910026550293,\N
11804,Sua Pan Airport,Sowa,Botswana,SXN,FBSN,-20.5534,26.115801,\N
11805,Lusaka City Airport,Lusaka,Zambia,,FLLC,-15.4138002396,28.3306999207,\N
11806,Sumbe Airport,Sumbe,Angola,NDD,FNSU,-11.167900085449219,13.84749984741211,\N
11807,Mangochi Airport,Mangochi,Malawi,MAI,FWMG,-14.482999801635742,35.266998291015625,\N
11808,Arandis Airport,Arandis,Namibia,ADI,FYAR,-22.462200164794922,14.979999542236328,\N
11809,Mariental Airport,Mariental,Namibia,,FYML,-24.60540008544922,17.925399780273438,\N
11810,Almaza Air Force Base,Cairo,Egypt,,HEAZ,30.091800689697266,31.360000610351562,\N
11811,Beni Suef Air Base,Beni Suef,Egypt,,HEBS,29.20829963684082,31.016599655151367,\N
11812,Jiyanklis Air Base,Jiyanklis,Egypt,,HEGS,30.819799423217773,30.191200256347656,\N
11813,Merowe New Airport,Merowe,Sudan,MWE,HSMN,18.4433333333,31.8433333333,\N
11814,St Louis Regional Airport,Alton/St Louis,United States,ALN,KALN,38.89030075069999,-90.0459976196,\N
11815,Chandler Field,Alexandria,United States,AXN,KAXN,45.8662986755,-95.39469909670001,\N
11816,Columbus Municipal Airport,Columbus,United States,CLU,KBAK,39.2619018555,-85.8963012695,\N
11817,Curtis Field,Brady,United States,BBD,KBBD,31.1793003082,-99.3238983154,\N
11818,Eastern Sierra Regional Airport,Bishop,United States,BIH,KBIH,37.3731002808,-118.363998413,\N
11819,Baker City Municipal Airport,Baker City,United States,BKE,KBKE,44.837299346900004,-117.808998108,\N
11820,Miley Memorial Field,Big Piney,United States,BPI,KBPI,42.58509827,-110.1110001,\N
11821,Ozark Regional Airport,Mountain Home,United States,WMH,KBPK,36.3689002991,-92.47049713130001,\N
11822,W K Kellogg Airport,Battle Creek,United States,BTL,KBTL,42.307300567599995,-85.2515029907,\N
11823,Burley Municipal Airport,Burley,United States,BYI,KBYI,42.542598724399994,-113.772003174,\N
11824,Northeast Iowa Regional Airport,Charles City,United States,CCY,KCCY,43.0726013184,-92.6108016968,\N
11825,Chanute Martin Johnson Airport,Chanute,United States,CNU,KCNU,37.668800354,-95.4850997925,\N
11826,Jacksonville Executive at Craig Airport,Jacksonville,United States,CRG,KCRG,30.3362998962,-81.51439666750001,\N
11827,Crossville Memorial Whitson Field,Crossville,United States,CSV,KCSV,35.9513015747,-85.08499908450001,\N
11828,Davison Army Air Field,Fort Belvoir,United States,DAA,KDAA,38.715000152600005,-77.1809997559,\N
11829,Barstow Daggett Airport,Daggett,United States,DAG,KDAG,34.85369873,-116.7870026,\N
11830,Deming Municipal Airport,Deming,United States,DMN,KDMN,32.262298584,-107.721000671,\N
11831,Desert Rock Airport,Mercury,United States,DRA,KDRA,36.6194,-116.032997,\N
11832,Needles Airport,Needles,United States,EED,KEED,34.7663002014,-114.623001099,\N
11833,Duke Field,Crestview,United States,EGI,KEGI,30.65040016,-86.52290344,\N
11834,Murray Field,Eureka,United States,EKA,KEKA,40.803398132299996,-124.112998962,\N
11835,San Marcos Regional Airport,San Marcos,United States,,KHYI,29.8927,-97.862999,\N
11836,Sawyer County Airport,Hayward,United States,HYR,KHYR,46.025199890100005,-91.44429779050002,\N
11837,Kimble County Airport,Junction,United States,JCT,KJCT,30.5112991333,-99.7634963989,\N
11838,Monticello Municipal Ellis Field,Monticello,United States,,KLLQ,33.6385994,-91.75099945,\N
11839,Derby Field,Lovelock,United States,LOL,KLOL,40.0663986206,-118.565002441,\N
11840,Mobridge Municipal Airport,Mobridge,United States,MBG,KMBG,45.54650116,-100.4079971,\N
11841,Mc Comb/Pike County Airport/John E Lewis Field,Mc Comb,United States,MCB,KMCB,31.17849922,-90.47190094,\N
11842,Southern Illinois Airport,Carbondale/Murphysboro,United States,MDH,KMDH,37.778099060058594,-89.25199890136719,\N
11843,Mc Entire Joint National Guard Base,Eastover,United States,MMT,KMMT,33.92079926,-80.80130005,\N
11844,Brunswick Executive Airport,Brunswick,United States,NHZ,KNHZ,43.89220047,-69.93859863,\N
11845,Naval Station Mayport (Admiral David L. Mcdonald Field),Mayport,United States,NRB,KNRB,30.39109993,-81.42469788,\N
11846,Orangeburg Municipal Airport,Orangeburg,United States,OGB,KOGB,33.456798553467,-80.859497070312,\N
11847,Columbus Municipal Airport,Columbus,United States,,KOLU,41.44800186,-97.34259796,\N
11848,Ottumwa Regional Airport,Ottumwa,United States,OTM,KOTM,41.10660172,-92.44789886,\N
11849,Cairns AAF (Fort Rucker) Air Field,Fort Rucker/Ozark,United States,OZR,KOZR,31.27569962,-85.71340179,\N
11850,Ralph Wenz Field,Pinedale,United States,PWY,KPNA,42.79550171,-109.8069992,\N
11851,Dutchess County Airport,Poughkeepsie,United States,POU,KPOU,41.6265983581543,-73.88420104980469,\N
11852,New Richmond Regional Airport,New Richmond,United States,,KRNH,45.14830017,-92.5381012,\N
11853,Russell Municipal Airport,Russell,United States,RSL,KRSL,38.872100830078,-98.811798095703,\N
11854,Redwood Falls Municipal Airport,Redwood Falls,United States,RWF,KRWF,44.54719925,-95.08229828,\N
11855,Salinas Municipal Airport,Salinas,United States,SNS,KSNS,36.662799835205,-121.60600280762,\N
11856,Sonora Municipal Airport,Sonora,United States,,KSOA,30.585699081421,-100.6490020752,\N
11857,Saline County Regional Airport,Benton,United States,,KSUZ,34.59059906,-92.47940063,\N
11858,Tonopah Airport,Tonopah,United States,TPH,KTPH,38.06019974,-117.086998,\N
11859,Aurora State Airport,Aurora,United States,,KUAO,45.247100830078125,-122.7699966430664,\N
11860,Ukiah Municipal Airport,Ukiah,United States,UKI,KUKI,39.125999450684,-123.20099639893,\N
11861,University Oxford Airport,Oxford,United States,UOX,KUOX,34.384300231934,-89.536796569824,\N
11862,Huntsville Regional Airport,Huntsville,United States,HTV,KUTS,30.7469005585,-95.5871963501,\N
11863,Miller Field,Valentine,United States,VTN,KVTN,42.85779953,-100.5479965,\N
11864,Winnemucca Municipal Airport,Winnemucca,United States,WMC,KWMC,40.8965988159,-117.805999756,\N
11865,West Woodward Airport,Woodward,United States,WWR,KWWR,36.438,-99.5226667,\N
11866,Cape Canaveral AFS Skid Strip,Cocoa Beach,United States,,KXMR,28.4675998688,-80.56659698490002,\N
11867,Homey (Area 51) Airport,Groom Lake,United States,,KXTA,37.23500061035156,-115.81099700927734,\N
11868,Zanesville Municipal Airport,Zanesville,United States,ZZV,KZZV,39.9444007874,-81.89209747310001,\N
11869,Gjadër Air Base,Gjadër,Albania,,LAGJ,41.895199,19.5987,\N
11870,Kukës Airport,Kukës,Albania,,LAKU,42.033699035599994,20.4158992767,\N
11871,Kuçovë Air Base,Kuçovë,Albania,,LAKV,40.77190017700195,19.901899337768555,\N
11872,Vlorë Air Base,Vlorë,Albania,,LAVL,40.47610092163086,19.474199295043945,\N
11873,Haskovo Malevo Airport,Haskovo,Bulgaria,,LBHS,41.976398,25.5898,\N
11874,Gabrovnitsa Air Base,Gabrovnitsa,Bulgaria,,LBMG,43.5443000793457,23.272499084472656,\N
11875,Graf Ignatievo Air Base,Graf Ignatievo,Bulgaria,,LBPG,42.290401458740234,24.714000701904297,\N
11876,Dolna Mitropoliya Air Base,Dolna Mitropoliya,Bulgaria,,LBPL,43.451401,24.5028,\N
11877,Balchik Air Base,Balchik,Bulgaria,,LBWB,43.42380142211914,28.181299209594727,\N
11878,Cuatro Vientos Airport,Madrid,Spain,ECV,LECU,40.370701,-3.78514,\N
11879,Castellón-Costa Azahar Airport,Castellón de la Plana,Spain,CDT,LEDS,40.213889,0.073333,\N
11880,Teruel Airport,Teruel,Spain,TEV,LETL,40.403,-1.2183,\N
11881,Blois-Le Breuil Airport,Blois/Le Breuil,France,,LFOQ,47.678502,1.20884,\N
11882,Trento-Mattarello Airport,Trento (TN),Italy,,LIDT,46.0214,11.1242,\N
11883,Alessandria Airport,Alessandria,Italy,,LILA,44.925201,8.62513,\N
11884,Biella-Cerrione Airport,Biella (BI),Italy,,LILE,45.4953,8.10278,\N
11885,Vercelli Airport,Vercelli,Italy,,LILI,45.310233,8.417935,\N
11886,Casale Monferrato Airport,Casale Monferrato,Italy,,LILM,45.111198,8.45603,\N
11887,Varese-Venegono Airport,Varese,Italy,,LILN,45.742199,8.888233,\N
11888,Novi Ligure Airport,Novi Ligure,Italy,,LIMR,44.779999,8.78639,\N
11889,Sarzana-Luni Air Base,Sarzana (SP),Italy,QLP,LIQW,44.088001,9.98795,\N
11890,Câmpia Turzii Air Base,Câmpia Turzii,Romania,,LRCT,46.50230026245117,23.885900497436523,\N
11891,Mărculeşti International Airport,Mărculeşti,Moldova,,LUBM,47.862701416015625,28.212799072265625,\N
11892,Cahul International Airport,Cahul,Moldova,,LUCH,45.8437995911,28.263700485199998,\N
11893,Tiraspol Airport,Tiraspol,Moldova,,LUTR,46.868099212646484,29.590599060058594,\N
11894,Batajnica Air Base,Batajnica,Serbia,BJY,LYBT,44.935299,20.2575,\N
11895,Rubelsanto Airport,Rubelsanto,Guatemala,RUV,MGRB,15.991999626159668,-90.44529724121094,\N
11896,Coronel Enrique Soto Cano Air Base,Comayagua,Honduras,XPL,MHSC,14.3824,-87.621201,\N
11897,Upala Airport,Upala,Costa Rica,UPL,MRUP,10.8922,-85.016197,\N
11898,San Nicolas De Bari Airport,San Nicolás,Cuba,QSN,MUNB,22.756099700927734,-81.9208984375,\N
11899,San Julian Air Base,Pinar Del Rio,Cuba,SNJ,MUSJ,22.095300674438477,-84.1520004272461,\N
11900,King Salman Abdulaziz Airport,,Saudi Arabia,DWD,OEDM,24.4499,44.121201,\N
11901,King Khaled Air Base,,Saudi Arabia,KMX,OEKM,18.297300338745117,42.80350112915039,\N
11902,Riyadh Air Base,Riyadh,Saudi Arabia,XXN,OERY,24.709800720214844,46.72520065307617,\N
11903,Jam Airport,Kangan,Iran,KNR,OIBJ,27.820499420166016,52.35219955444336,\N
11904,Hamadan Air Base,Hamadan,Iran,,OIHS,35.21160125732422,48.65340042114258,\N
11905,Payam International Airport,Karaj,Iran,PYK,OIIP,35.776100158691,50.826698303223,\N
11906,Ahmed Al Jaber Air Base,Ahmed Al Jaber AB,Kuwait,XIJ,OKAJ,28.9347991943,47.791900634799994,\N
11907,Rayak Air Base,Rayak,Lebanon,,OLRA,33.850799560546875,35.987701416015625,\N
11908,Mirpur Khas Air Base,Mirpur Khas,Pakistan,,OPMK,25.682501,69.0728,\N
11909,Minhas Air Base,Kamra,Pakistan,ATG,OPMS,33.8690986633,72.4009017944,\N
11910,Rafiqui Air Base,Shorkot,Pakistan,,OPRQ,30.758100509643555,72.28250122070312,\N
11911,Faisal Air Base,Karachi,Pakistan,,OPSF,24.87420082092285,67.11849975585938,\N
11912,Mushaf Air Base,Sargodha,Pakistan,SGI,OPSR,32.04859924316406,72.66500091552734,\N
11913,Qayyarah West Airport,Qayyarah,Iraq,RQW,ORQW,35.76720047,43.125099182099994,\N
11914,Al Sahra Army Air Field,Tikrit,Iraq,,ORSH,34.67319869995117,43.542999267578125,\N
11915,Tall Afar Army Air Field,Tall Afar,Iraq,,ORTF,36.28310012817383,42.40299987792969,\N
11916,Al Taji Army Air Field,Taji,Iraq,,ORTI,33.52389907836914,44.25669860839844,\N
11917,Ubaydah Bin Al Jarrah Airport,Al Cut,Iraq,,ORUB,32.481998443603516,45.75709915161133,\N
11918,Nenana Municipal Airport,Nenana,United States,ENN,PANN,64.54730224609375,-149.07400512695312,\N
11919,Wasilla Airport,Wasilla,United States,WWA,PAWS,61.5717010498,-149.539993286,\N
11920,Gangshan Air Force Base,Gangshan,Taiwan,,RCAY,22.782499313354492,120.26300048828125,\N
11921,Asahikawa Airfield,,Japan,,RJCA,43.794734,142.365432,\N
11922,Iwakuni Marine Corps Air Station,Iwakuni,Japan,IWK,RJOI,34.143902,132.235992,\N
11923,Utsunomiya Airport,,Japan,,RJTU,36.5145,139.87101,\N
11924,Jungwon Air Base/Chungju Airport,,South Korea,,RKTI,37.03024,127.886353,\N
11925,Ie Jima Airport,Ie,Japan,IEJ,RORE,26.7220001221,127.785003662,\N
11926,Allah Valley Airport,Surallah,Philippines,AAV,RPMA,6.366819858551025,124.7509994506836,\N
11927,Bislig Airport,,Philippines,BPH,RPMF,8.19594955444336,126.3219985961914,\N
11928,Mati National Airport,,Philippines,MXI,RPMQ,6.949091,126.27368,\N
11929,Presidente Néstor Kirchner Regionsl Airport,Villa Maria,Argentina,,SAOV,-32.3201,-63.22663,\N
11930,Chafei Amsei Airport,Barretos,Brazil,BAT,SBBT,-20.584499359131,-48.594100952148,\N
11931,Base de Aviação de Taubaté Airport,Taubaté,Brazil,QHP,SBTA,-23.04010009765625,-45.51599884033203,\N
11932,Barriles Airport,Tocopilla,Chile,TOQ,SCBE,-22.14109992980957,-70.06289672851562,\N
11933,Schroeder's field,Cochrane,Chile,,SCHR,35.071718,-91.738801,\N
11934,Chañaral Airport,Chañaral,Chile,CNR,SCRA,-26.332500457763672,-70.6072998046875,\N
11935,Panguilemo Airport,Talca,Chile,TLX,SCTL,-35.37779998779297,-71.60169982910156,\N
11936,Victoria Airport,Victoria,Chile,ZIC,SCTO,-38.245601654052734,-72.34860229492188,\N
11937,Las Breas Airport,Taltal,Chile,TTC,SCTT,-25.564300537109375,-70.37590026855469,\N
11938,Gomez Nino Apiay Air Base,Apiay,Colombia,API,SKAP,4.07607,-73.5627,\N
11939,Coveñas Airport,Coveñas,Colombia,CVE,SKCV,9.40092,-75.6913,\N
11940,German Olano Air Base,La Dorada,Colombia,PAL,SKPQ,5.48361,-74.6574,\N
11941,Paz De Ariporo Airport,Paz De Ariporo,Colombia,PZA,SKPZ,5.87615,-71.8866,\N
11942,Tunja Airport,Tunja,Colombia,,SKTJ,5.54138,-73.3445,\N
11943,Tres Esquinas Air Base,Tres Esquinas,Colombia,TQS,SKTQ,0.7459,-75.234,\N
11944,Marandúa Air Base,Marandúa,Colombia,,SKUA,5.52448,-68.6856,\N
11945,Juan Simons Vela Airport,Rioja,Peru,RIJ,SPJA,-6.067860126495361,-77.16000366210938,\N
11946,Shumba Airport,Jaén,Peru,JAE,SPJE,-5.59248,-78.774002,\N
11947,Metropolitano Airport,,Venezuela,,SVMP,10.133169174194336,-66.78782653808594,\N
11948,Issyk-Kul International Airport,Tamchy,Kyrgyzstan,IKU,UAFL,42.58792,76.713046,\N
11949,Kant Air Base,Kant,Kyrgyzstan,,UAFW,42.85319900512695,74.84649658203125,\N
11950,Ayaguz Airport,Ayaguz,Kazakhstan,,UASA,47.91859817504883,80.45279693603516,\N
11951,Chelkar Airport,Chelkar,Kazakhstan,,UATR,47.904998779296875,59.619998931884766,\N
11952,Kyzyl-Syr Airport,Kyzyl-Syr,Russia,,UENK,63.8849983215332,122.7770004272461,\N
11953,Vilyuisk Airport,Vilyuisk,Russia,VYI,UENW,63.75666809082,121.69333648682,\N
11954,Belaya Gora Airport,,Russia,BGN,UESG,68.556602,146.231506,\N
11955,Dzhermuk Airport,Dzhermuk,Armenia,,UGEJ,39.8240013123,45.673999786399996,\N
11956,Kamenny Ruchey Naval Air Base,Sovetskaya Gavan,Russia,,UHKG,49.23570251464844,140.19309997558594,\N
11957,Maygatka Airport.,Sovetskaya Gavan,Russia,GVN,UHKM,48.926998138399995,140.033996582,\N
11958,Omsukchan Airport,Omsukchan,Russia,,UHMF,62.457000732421875,155.7449951171875,\N
11959,Chaybukha Airport,Chaybukha,Russia,,UHMG,61.834999084472656,160.54800415039062,\N
11960,Keperveem Airport,Keperveem,Russia,,UHMK,67.8450012207,166.13999939,\N
11961,Magadan-13 Airport,Magadan,Russia,,UHMT,59.62329864501953,150.9219970703125,\N
11962,Nikolayevsk-na-Amure Airport,Nikolayevsk-na-Amure Airport,Russia,NLI,UHNN,53.154999,140.649994,\N
11963,Palana Airport,Palana,Russia,,UHPL,59.08169937133789,159.88800048828125,\N
11964,Zheleznogorsk Airport,Zheleznogorsk-Ilimsky,Russia,,UIBV,56.487701416015625,104.10600280761719,\N
11965,Gvardeyskoe Air Base,Sarabuz,Ukraine,,UKFG,45.1150016784668,33.97700119018555,\N
11966,Saki Air Base,Saki,Ukraine,,UKFI,45.09299850463867,33.595001220703125,\N
11967,Dzhankoy Airport,Dzhankoy,Ukraine,,UKFY,45.70090103149414,34.41889953613281,\N
11968,Ozerne Air Base,Zhytomyr,Ukraine,,UKKO,50.158298,28.7383,\N
11969,Severomorsk-1 Naval Air Base,Severomorsk,Russia,,ULAK,69.03166961669922,33.418331146240234,\N
11970,Pushkin Airport,St. Petersburg,Russia,,ULLP,59.685001,30.338301,\N
11971,Siversky Air Base,Siversky,Russia,,ULLS,59.3567008972168,30.036699295043945,\N
11972,Staraya Russa Air Base,Staraya Russa,Russia,,ULNR,57.961399,31.384399,\N
11973,Peski Airport,Petrozavodsk,Russia,,ULPP,61.83194351196289,34.295555114746094,\N
11974,Baranavichi Air Base,Baranavichi,Belarus,,UMMA,53.099998474121094,26.049999237060547,\N
11975,Babruisk Air Base,Babruisk,Belarus,,UMNB,53.105,29.205,\N
11976,Severo-Eniseysk Airport,Severo-Eniseysk,Russia,,UNIS,60.37329864501953,93.01170349121094,\N
11977,Sharypovo Airport,Sharypovo,Russia,,UNKO,55.454914093,89.1738815308,\N
11978,Omsk Severny Airport,Omsk,Russia,,UNOS,54.9749984741,73.5550003052,\N
11979,Nagurskoye,Murmansk,Russia,,UODN,80.803207,47.663586,\N
11980,Svetlogorsk Airport,Svetlogorsk,Russia,,UOIG,66.83999633789062,88.40333557128906,\N
11981,Valek Airport,Valek,Russia,,UOOW,69.39690399169922,88.35368347167969,\N
11982,Khanskaya Air Base,Maykop,Russia,,URKH,44.68,40.035,\N
11983,Dudinka Airport,Dudinka,Russia,,UROD,69.375,86.15666961669922,\N
11984,Volgodonsk Airport,,Russia,VLK,URRY,47.682098388671875,42.07279968261719,\N
11985,Tashkent East Airport,Tashkent,Uzbekistan,,UTTP,41.31269836425781,69.39140319824219,\N
11986,Myachkovo Airport,Moscow,Russia,,UUBM,55.5600013733,37.9850006104,\N
11987,Tretyakovo Airport,Lukhovitsy,Russia,,UUMT,54.904998779299994,39.02666854859999,\N
11988,Yermolino Airport,Balabanovo,Russia,,UUWE,55.2283325195,36.6083335876,\N
11989,Inta Airport,Inta,Russia,INA,UUYI,66.0548324584961,60.110321044921875,\N
11990,Izhma Airport,Izhma,Russia,,UUYV,65.03170013427734,53.970001220703125,\N
11991,Borisoglebskoye Airport,Kazan,Russia,,UWKG,55.86669921875,49.13330078125,\N
11992,Zhigansk Airport,Zhigansk,Russia,ZIX,UWKV,66.7965011597,123.361000061,\N
11993,Maksimovka Airport,Ufa,Russia,,UWUM,54.83000183105469,56.16830062866211,\N
11994,Buguruslan Severny Airport,Buguruslan,Russia,,UWWB,53.71839904789999,52.3718986511,\N
11995,Bezymyanka Airfield,Samara,Russia,,UWWG,53.220001220703125,50.32500076293945,\N
11996,Ratnagiri Airport,,India,RTC,VARG,17.013599,73.327797,\N
11997,Hingurakgoda Air Force Base,Polonnaruwa Town,Sri Lanka,HIM,VCCH,8.04981,80.9814,\N
11998,Kazi Nazrul Islam Airport,Durgapur,India,RDP,VEDG,23.6225,87.243,\N
11999,Ambala Air Force Station,,India,,VIAM,30.368099212646484,76.81670379638672,\N
12000,Sirsa Air Force Station,,India,,VISA,29.56060028076172,75.006103515625,\N
12001,Udhampur Air Force Station,,India,,VIUX,32.902198791503906,75.15619659423828,\N
12002,Sri Sathya Sai Airport,Puttaparthi,India,PUT,VOPN,14.1492996216,77.7910995483,\N
12003,Meiktila Air Base,Meiktila,Burma,,VYML,20.88640022277832,95.89279174804688,\N
12004,Changi Air Base (East),Singapore,Singapore,,WSAC,1.3441400528,104.009002686,\N
12005,Soltsy-2 Air Base,Soltsy,Russia,,XLLL,58.139545,30.33042,\N
12006,Severomorsk-3 Naval Air Base,Severomorsk,Russia,,XLMV,68.866669,33.716667,\N
12007,Fedotovo Naval Air Base,Kipelovo,Russia,,XLWF,59.193031,39.129411,\N
12008,Lebyazhye Air Base,Kamyshin,Russia,,XRWL,50.201698303200004,45.2083015442,\N
12009,Smolensk North Airport,Smolensk,Russia,LNX,XUBS,54.824,32.025,\N
12010,Rtishchevo Air Base,Rtishchevo,Russia,,XWPR,52.297317,43.7241,\N
12011,Alpha Airport,Alpha,Australia,ABH,YAPH,-23.646099,146.584,\N
12012,Ararat Airport,,Australia,ARY,YARA,-37.30939865112305,142.98899841308594,\N
12013,Benalla Airport,,Australia,BLN,YBLA,-36.55189895629883,146.0070037841797,\N
12014,Balranald Airport,,Australia,BZD,YBRN,-34.623600006103516,143.5780029296875,\N
12015,Brewarrina Airport,,Australia,BWQ,YBRW,-29.973899841308594,146.81700134277344,\N
12016,Cleve Airport,,Australia,CVC,YCEE,-33.70970153808594,136.5050048828125,\N
12017,Corowa Airport,,Australia,CWW,YCOR,-35.99470138549805,146.35699462890625,\N
12018,Corryong Airport,,Australia,CYG,YCRG,-36.18280029296875,147.88800048828125,\N
12019,Cootamundra Airport,,Australia,CMD,YCTM,-34.6239013671875,148.0279998779297,\N
12020,Dirranbandi Airport,,Australia,DRN,YDBI,-28.591699600219727,148.2169952392578,\N
12021,Deniliquin Airport,Deniliquin,Australia,DNQ,YDLQ,-35.5593986511,144.945999146,\N
12022,Dysart Airport,,Australia,DYA,YDYS,-22.62220001220703,148.36399841308594,\N
12023,Echuca Airport,,Australia,ECH,YECH,-36.15719985961914,144.76199340820312,\N
12024,Forbes Airport,Forbes,Australia,FRB,YFBS,-33.363602,147.934998,\N
12025,Gunnedah Airport,,Australia,GUH,YGDH,-30.96109962463379,150.25100708007812,\N
12026,Hay Airport,,Australia,HXX,YHAY,-34.53139877319336,144.8300018310547,\N
12027,Hopetoun Airport,,Australia,HTU,YHPN,-35.715301513671875,142.36000061035156,\N
12028,Kerang Airport,,Australia,KRA,YKER,-35.751399993896484,143.93899536132812,\N
12029,Kempsey Airport,,Australia,KPS,YKMP,-31.074399948120117,152.77000427246094,\N
12030,Kingaroy Airport,,Australia,KGY,YKRY,-26.580799102783203,151.84100341796875,\N
12031,Latrobe Valley Airport,Morwell,Australia,TGN,YLTV,-38.207199,146.470001,\N
12032,Mareeba Airport,,Australia,MRG,YMBA,-17.06920051574707,145.41900634765625,\N
12033,Ngukurr Airport,,Australia,RPM,YNGU,-14.722800254821777,134.7469940185547,\N
12034,Narromine Airport,,Australia,QRM,YNRM,-32.214698791503906,148.22500610351562,\N
12035,Port Pirie Airport,,Australia,PPI,YPIR,-33.23889923095703,137.9949951171875,\N
12036,Smithton Airport,,Australia,SIO,YSMI,-40.834999084472656,145.08399963378906,\N
12037,Snake Bay Airport,,Australia,SNB,YSNB,-11.422800064086914,130.6540069580078,\N
12038,Stawell Airport,,Australia,SWC,YSWL,-37.07170104980469,142.74099731445312,\N
12039,Tibooburra Airport,,Australia,TYB,YTIB,-29.451099395751953,142.05799865722656,\N
12040,Tumut Airport,,Australia,TUM,YTMU,-35.26279830932617,148.24099731445312,\N
12041,Wangaratta Airport,,Australia,WGT,YWGT,-36.41579818725586,146.3070068359375,\N
12042,Warracknabeal Airport,,Australia,WKB,YWKB,-36.32109832763672,142.41900634765625,\N
12043,Warren Airport,,Australia,QRR,YWRN,-31.733299255371094,147.80299377441406,\N
12044,West Sale Airport,Sale,Australia,SXE,YWSL,-38.090827,146.965335,\N
12045,West Wyalong Airport,West Wyalong,Australia,WWY,YWWL,-33.9371986389,147.190994263,\N
12046,Young Airport,,Australia,NGA,YYNG,-34.25559997558594,148.2480010986328,\N
12047,Guangzhou MR Air Base,Guanghua,China,LHK,ZHGH,32.389400482177734,111.69499969482422,\N
12048,Shiyan Wudangshan Airport,Shiyan,China,WDS,ZHSY,32.591667,110.907778,\N
12049,Sunchon Air Base,Sunchon,North Korea,,ZKSC,39.415699,125.894997,\N
12050,Huatugou Airport,Mengnai,China,HTT,ZLHX,38.201984,90.841495,\N
12051,Baruun Urt Airport,,Mongolia,UUN,ZMBU,46.660301208496094,113.28500366210938,\N
12052,Bengbu Airport,Bengbu,China,BFU,ZSBB,32.8477333333,117.320244444,\N
12053,Rugao Air Base,Rugao,China,RUG,ZSRG,32.25788497924805,120.50165557861328,\N
12054,Wuhu Air Base,Wuhu,China,WHU,ZSWU,31.3906,118.408997,\N
12055,Shanshan Airport,Shanshan,China,SXJ,ZWSS,42.91170120239258,90.24749755859375,\N
12056,Yingkou Lanqi Airport,Yingkou,China,YKH,ZYYK,40.542524,122.3586,\N
12057,Shenyang Dongta Airport,Shenyang,China,,ZYYY,41.784400939941406,123.49600219726562,\N
12058,Bogorodskoye Airport,Bogorodskoe,Russia,BQG,UHNB,52.38,140.448,\N
12059,Itapiranga Airport,Itapiranga,Brazil,,SSYT,-27.142499923706055,-53.68579864501953,\N
12069,Aguas Calientes Airport,Aguas Calientes,Peru,,SPAT,-8.833330154418945,-74.68329620361328,\N
12087,Rajiv Gandhi International Airport,Hyderabad,India,HYD,VOHS,17.2313175201,78.4298553467,\N
12090,Vancouver International Seaplane Base,Vancouver,Canada,,CAM9,49.177047,-123.168154,\N
12096,Bressaucourt Airport,Bressaucourt-Porrentruy,Switzerland,,LSZQ,47.392677,7.028648,\N
12104,Parakou Airport,Parakou,Benin,PKO,DBBP,9.35768985748291,2.609679937362671,\N
12106,Kandi Airport,Kandi,Benin,KDC,DBBK,11.14479,2.940381,\N
12109,Sokodé Airport,Sokode,Togo,,DXSK,8.994275,1.153004,\N
12110,Sansanné-Mango Airport,Mango,Togo,,DXMG,10.373010635375977,0.47138214111328125,\N
12133,Arnbruck Airport,Arnbruck,Germany,,EDNB,49.12472152709961,12.985555648803711,\N
12163,Jacarepaguá - Roberto Marinho Airport,Rio de Janeiro,Brazil,,SBJR,-22.987499,-43.369999,\N
12165,Hacaritama Airport,Aguachica,Colombia,,SKAG,8.247,-73.5814,\N
12172,Hermannsburg Airport,Hermannsburg,Australia,HMG,YHMB,-23.93000030517578,132.80499267578125,\N
12182,Mount Davies Airport,Pipalyatjara,Australia,,YMDV,-26.16670036315918,129.13299560546875,\N
12183,Areyonga Airport,Areyonga,Australia,,YARN,-24.066699981689453,132.26699829101562,\N
12185,Tracy Municipal Airport,Tracy,United States,,KTCY,37.68899917602539,-121.44200134277344,\N
12217,Mount Allan Airport,Yuelamu,Australia,,YMNA,-22.274999618530273,132.2169952392578,\N
12218,Everard Park Airport,Mimili,Australia,,YEVP,-27.016700744628906,132.7169952392578,\N
12219,Warrabri Airport,Ali-Curung,Australia,,YWBI,-21,134.39700317382812,\N
12310,Krefeld-Egelsberg Airport,Krefeld,Germany,,EDLK,51.3849983215332,6.587778091430664,\N
12311,Baidoa Airport,Baidoa,Somalia,BIB,HCMB,3.102220058441162,43.62860107421875,\N
12340,Ampilatwatja Airport,Ampilatwatja,Australia,,YAMJ,-21.655000686645508,135.22999572753906,\N
12360,Kings Creek Airport,Petermann,Australia,KCS,YKCS,-24.42329978942871,131.8350067138672,\N
12361,Harts Range Airport,Harts Range,Australia,,YHTS,-22.985000610351562,134.91799926757812,\N
12391,Elliott Airport,Elliott,Australia,,YELL,-17.527429580688477,133.52989196777344,\N
12392,Papunya Airport,Papunya,Australia,,YPAY,-23.246700286865234,131.9029998779297,\N
12444,Fregon Airport,Fregon,Australia,,YFRG,-26.774999618530273,132.01699829101562,\N
12445,Mount Liebig Airport,Mt Liebig,Australia,,YLBG,-23.24329948425293,131.25999450683594,\N
12469,Bolton Field,Columbus,United States,,KTZR,39.90119934082031,-83.13690185546875,\N
12470,Baltrum Airport,Baltrum,Germany,BMR,EDWZ,53.72472381591797,7.373332977294922,\N
12528,Skagit Regional Airport,Skagit,United States,MVW,KBVS,48.4709014893,-122.42099762,\N
12618,Goondiwindi Airport,Goondiwindi,Australia,GOO,YGDI,-28.521400451660156,150.32000732421875,\N
12619,Liman Airfield,Odesa,Ukraine,,UKOE,46.57851,30.703053,\N
12640,Lognes Emerainville Airport,Lognes,France,,LFPL,48.821028,2.625967,\N
12672,Marion County Brown Field,Jasper,United States,APT,KAPT,35.060699,-85.585297,\N
12673,Evergreen Regional Airport/Middleton Field,Evergreen,United States,,KGZH,31.4158,-87.043999,\N
12675,Pryor Field Regional Airport,Decatur,United States,DCU,KDCU,34.652698516799994,-86.94539642330001,\N
12676,Glasgow Municipal Airport,Glasgow,United States,GLW,KGLW,37.03179932,-85.9536972,\N
12796,Danielson Airport,Danielson,United States,,KLZD,41.819698333740234,-71.9010009765625,\N
12844,Docker River Airport,Docker River,Australia,DKV,YDVR,-24.860000610351562,129.07000732421875,\N
12856,Clearfield Lawrence Airport,Clearfield,United States,,KFIG,41.04859924316406,-78.41310119628906,\N
12873,Jasper County Airport,Rensselaer,United States,RNZ,KRZL,40.9478988647,-87.1826019287,\N
12918,Ti Tree Airport,Ti Tree,Australia,,YTIT,-22.13170051574707,133.4199981689453,\N
12919,Sabetta International Airport,Sabetta,Russia,SBT,USDA,71.219167,72.052222,\N
12921,Alxa Left Banner Bayanhot Airport,Alxa Left Banner,China,AXF,ZBAL,38.74831,105.58858,\N
12931,El Fuentero Airport,Svenborg,Denmark,,SVFT,7.099999904632568,-69.58333587646484,\N
12941,Sturgate Airfield,Eger,Hungary,,EGCS,53.381099700927734,-0.6852779984474182,\N
12945,Simberi Airport,Simberi Island,Papua New Guinea,NIS,AYSE,-2.66222222222,151.997777778,\N
12946,Bulolo Airport,Bulolo,Papua New Guinea,BUL,AYBU,-7.216286671410001,146.649541855,\N
12948,Kintore Airport,Kintore,Australia,,YKNT,-23.264999389648438,129.38699340820312,\N
12950,Statesboro Bulloch County Airport,Statesboro,United States,TBR,KTBR,32.4827003479,-81.73690032959999,\N
12951,Utopia Airport,Utopia,Australia,,YUTP,-22.05500030517578,134.7899932861328,\N
12957,Nyrripi Airport,Nyirripi,Australia,,YNRR,-22.645299911499023,130.56500244140625,\N
12958,Amata Airport,Amata,Australia,AMT,YAMT,-26.108299255371094,131.20700073242188,\N
12961,Glacier Country Heliport,Franz Josef,New Zealand,,NZGH,-43.38722,170.18,\N
12979,Erldunda Airport,Erldunda,Australia,EDD,YERL,-25.205799102800004,133.253997803,\N
12980,Helisul I Heliport,Foz do Iguassu,Brazil,,SSHH,-25.604167938232422,-54.49361038208008,\N
12984,Finke Airport,Finke,Australia,FIK,YFNE,-25.5946998596,134.582992554,\N
12987,Humberto Ghizzo Bortoluzzi Regional Airport,Jaguaruna,Brazil,JJG,SBJA,-28.6753,-49.0596,\N
13004,Nypari Airport,Angatja Homeland,Australia,,YNYP,-26.200000762939453,130.23300170898438,\N
13006,Ihtiman Airfield,Ihtiman,Bulgaria,,LBHT,42.42189,23.767221,\N
13009,Vogtareuth Airport,Vogtareuth,Germany,,EDNV,47.946109771728516,12.20472240447998,\N
13011,[Duplicate] Illertissen see EDMI - ED-0425 location moved out-of-the way,Not Specified,New Zealand,,XXXX,89.5,0.0001,\N
13016,New Smyrna Beach Municipal Airport,New Smyrna Beach,United States,,KEVB,29.055700302124023,-80.94889831542969,\N
13018,Las Vegas Helicopters Heliport,Las vegas,United States,,NV03,36.10810089111328,-115.17400360107422,\N
13019,Delta Camp Airport,Delta Camp,Botswana,,FBDT,-19.5323,23.0925,\N
13020,Hwange (Town) Airport,Hwange,Zimbabwe,WKI,FVWT,-18.362967,26.519791,\N
13022,Harbour (Public) Heliport,Vancouver,Canada,,CBC7,49.2868921105,-123.106112257,\N
13023,Victoria Harbour (Camel Point) Heliport,Victoria,Canada,,CBF7,48.41809844970703,-123.38800048828125,\N
13032,Shushenskoye Airport,Shushenskoye,Russia,,UNAU,53.3849983215332,92.04499816894531,\N
13066,Stockerau Airport,Stockerau,Austria,,LOAU,48.40999984741211,16.191699981689453,\N
13069,Klaipėda Airport,Klaipeda,Lithuania,KLJ,EYKL,55.7118988037,21.242799758900002,\N
13072,Iowa County Airport,MINERAL POINT,United States,,KMRJ,42.886799,-90.236198,\N
13074,West Bend Municipal Airport,WEST BEND,United States,ETB,KETB,43.4221992493,-88.1278991699,\N
13075,Gaylord Regional Airport,GAYLORD,United States,GLR,KGLR,45.013500213600004,-84.7035980225,\N
13077,Anderson Municipal Darlington Field,ANDERSON,United States,AID,KAID,40.10860061649999,-85.6129989624,\N
13078,Cenej Airport,Novi Sad,Serbia,QND,LYNS,45.385799,19.839199,\N
13079,Grundarfjörður Airport,Grundarfjordur,Iceland,GUU,BIGF,64.99140167236328,-23.224700927734375,\N
13080,Prairie Du Chien Municipal Airport,Prairie du Chien,United States,PCD,KPDC,43.019298553467,-91.12370300293,\N
13097,Cascade Heliport,Kobok,Indonesia,,WA98,47.512346,-120.488691,\N
13098,Air Orlando Heliport,Orlando,United States,,2FD7,28.43560028076172,-81.47309875488281,\N
13106,Tórshavn/Bodanes Heliport,Torshavn,Faroe Islands,,EKTB,62.02170181274414,-6.757420063018799,\N
13112,Otjiwarongo Airport,Otjiwarongo,Namibia,OTJ,FYOW,-20.434700012207,16.660800933838,\N
13114,RAF Mona,Mona,United Kingdom,,EGOQ,53.258598,-4.37355,\N
13120,Rerik-Zweedorf Airport,Rerik,Germany,,EDCR,54.08194351196289,11.64916706085205,\N
13121,Fazenda Vaticano Airport,Cruz,Brazil,,SSVV,-21.294443,-56.11861,\N
13123,Stanly County Airport,Albemarle,United States,,KVUJ,35.416698455811,-80.150802612305,\N
13124,Davidson County Airport,Lexington,United States,,KEXX,35.78110122680664,-80.30380249023438,\N
13126,Windwood Fly-In Resort Airport,Davis,United States,,WV62,39.055099487300005,-79.43139648440001,\N
13127,Lathan Strip,Mocksville,United States,,5NC2,34.87630081176758,-80.61920166015625,\N
13130,Double Eagle II Airport,Albuquerque,United States,,KAEG,35.145198822021484,-106.79499816894531,\N
13131,Socorro Municipal Airport,Socorro,United States,,KONM,34.022499084472656,-106.90299987792969,\N
13135,Bentonville Municipal-Louise M Thaden Field,Bentonville,United States,,KVBT,36.34569931,-94.21929932,\N
13137,Blue Ridge Airport,Martinsville,United States,,KMTV,36.630699157714844,-80.01830291748047,\N
13138,Mount Airy Surry County Airport,Mount Airy,United States,,KMWK,36.45970154,-80.5530014,\N
13139,Taos Regional Airport,Taos,United States,TSM,KSKX,36.45819855,-105.6719971,\N
13142,Raton Municipal-Crews Field,Raton,United States,RTN,KRTN,36.74150085,-104.5019989,\N
13144,Rusk County Airport,Ladysmith,United States,,KRCX,45.49679946899414,-91.00050354003906,\N
13154,Perry Lefors Field,Pampa,United States,PPA,KPPA,35.612998962402,-100.99600219727,\N
13155,William R. Pogue Municipal Airport,Sand Springs,United States,,KOWP,36.1753006,-96.15180206,\N
13156,Marion County Regional Airport,Flippin,United States,FLP,KFLP,36.29090118,-92.59030151,\N
13158,Hutchinson County Airport,Borger,United States,BGD,KBGD,35.700901031499995,-101.393997192,\N
13176,Budaörs Airfield,Budaoers,Hungary,,LHBS,47.451099,18.9806,\N
13177,Jakabszállás Airport,Jakabszallas,Hungary,,LHJK,46.74720001220703,19.605600357055664,\N
13180,St. Helena Airport,Longwood,United Kingdom,HLE,FHSH,-15.957725,-5.645943,\N
13183,Bonn-Hangelar Airport,Sankt-Augustin,Germany,BNJ,EDKB,50.7688903809,7.16333293915,\N
13188,Nogliki Airport,Nogliki,Russia,NGK,UHSN,51.780102,143.139008,\N
13189,Santa Ynez Airport,Santa Ynez,United States,SQA,KIZA,34.60680008,-120.0759964,\N
13192,Delingha Airport,Haixi,China,HXD,ZLDL,37.125286,97.268658,\N
13193,Qionghai Bo'ao Airport,Qionghai,China,BAR,ZJQH,19.13824,110.454775,\N
13199,Northeim Airport,Northeim,Germany,,EDVN,51.706390380859375,10.039722442626953,\N
13209,Reggio Emilia Airport,Reggio Emilia,Italy,,LIDE,44.698299,10.6628,\N
13210,Bowen Airport,Bowen,Australia,ZBO,YBWN,-20.018299102783203,148.21499633789062,\N
13211,Ulanqab Jining Airport,Wulanchabu,China,UCB,ZBUC,41.129722,113.108056,\N
13212,Odienne Airport,Odienne,Cote d'Ivoire,KEO,DIOD,9.5,-7.566999912261963,\N
13214,Siguiri Airport,Siguiri,Guinea,GII,GUSI,11.432999610901,-9.1669998168945,\N
13215,Nzérékoré Airport,Nzerekore,Guinea,NZE,GUNZ,7.8060193061829,-8.7017974853516,\N
13227,Boolgeeda,Brockman,Australia,OCM,YBGD,-22.54,117.275,\N
13229,Shaoyang Wugang Airport,Shaoyang,China,WGN,ZGSY,26.802,110.642,\N
13230,9 de Maio - Teixeira de Freitas Airport,Teixeira de Freitas,Brazil,TXF,SNTF,-17.524499893188,-39.66849899292,\N
13233,Spartanburg Downtown Memorial Airport,Spartangurg,United States,SPA,KSPA,34.915699005127,-81.956497192383,\N
13243,Bajawa Soa Airport,Bajawa,Indonesia,BJW,WATB,-8.70743498008,121.057426929,\N
13248,Torgau-Beilrode Airport,Gransee,Germany,,EDOG,51.570907,13.051641,\N
13249,Annobón Airport,San Antonio de Pale,Equatorial Guinea,NBN,FGAB,-1.410277,5.621944,\N
13257,Renk Airport,Huangshan,China,,HSRN,11.8324692723,32.810497283900006,\N
13260,Oyo Ollombo Airport,Oyo,Congo (Brazzaville),OLL,FCOD,-1.226666,15.91,\N
13263,Port Hardy Seaplane Base,Port Hardy,Canada,,CAW5,50.71670150756836,-127.48300170898438,\N
13265,Tri-City Airport,Parsons,United States,PPF,KPPF,37.32989883,-95.5062027,\N
13266,Boun Neau Airport,Phongsaly,Laos,PCQ,VLFL,21.6475,101.9,\N
13267,Waycross Ware County Airport,Waycross,United States,AYS,KAYS,31.2490997314,-82.39550018310001,\N
13268,Blaise Diagne International Airport,Diass,Senegal,DSS,GOBD,14.67,-17.073333,\N
13269,Mid-State Regional Airport,Philipsburg,United States,,KPSB,40.884399414062,-78.087303161621,\N
13271,Greater Portsmouth Regional Airport,Portsmouth,United States,PMH,KPMH,38.8404998779,-82.84729766850002,\N
13306,Coonawarra Airport,Coonawarra,Australia,,YCNQ,-37.28329849243164,140.8000030517578,\N
13307,Naracoorte Airport,Naracoorte,Australia,NAC,YNRC,-36.98529815673828,140.72500610351562,\N
13309,Camilla Mitchell County Airport,Camilla,United States,,KCXU,31.212900161743164,-84.23680114746094,\N
13311,Clarenville Airport,Clarenville,Canada,,CCZ3,48.27470016479492,-53.92390060424805,\N
13315,Ponta Grossa Airport - Comandante Antonio Amilton Beraldo,Ponta Grossa,Brazil,PGZ,SSZW,-25.1847,-50.1441,\N
13334,Palenque International Airport,Palenque,Mexico,PQM,MMPQ,17.533153,-92.015484,\N
13335,Caloundra Airport,Caloundra,Australia,CUD,YCDR,-26.799999237060547,153.10000610351562,\N
13336,Clarks Point Airport,Clarks Point,United States,CLP,PFCL,58.83369827,-158.529007,\N
13339,Ospika Airport,Williston Lake,Canada,,CBA9,56.275001525878906,-124.052001953125,\N
13341,Charlottetown Airport,Charlottetown,Canada,,CCH4,52.76499938964844,-56.1156005859375,\N
13342,Doris Lake,Doris Lake,Canada,JOJ,CDL7,68.1252746582,-106.585281372,\N
13344,Costa Esmeralda Airport,Tola,Nicaragua,ECI,MNCE,11.427542,-86.033361,\N
13346,Monte Cristi Airport,Montecristi,Dominican Republic,,MDMC,19.865299224900003,-71.6453018188,\N
13347,El Papalon Airport,San Miguel,El Salvador,,MSSM,13.444100379943848,-88.12699890136719,\N
13354,Sandpoint Airport,Sandpoint,United States,,KSZT,48.299499511719,-116.55999755859,\N
13355,Attu Heliport,Attu,Greenland,QGQ,BGAT,67.9406628551,-53.6218696833,\N
13356,Kangaatsiaq Heliport,Kangaatsiaq,Greenland,QPW,BGKA,68.3126574861,-53.4602075815,\N
13357,Kitsissuarsuit Heliport,Kitsissuarsuit,Greenland,QJE,BGKT,68.85792599759999,-53.123295307199996,\N
13358,Niaqornaarsuk Heliport,Niaqornaarsuk,Greenland,,BGNK,68.236381,-52.852148,\N
13359,Ilimanaq Heliport,Ilimanaq,Greenland,XIQ,BGIL,69.0809150007,-51.1143153906,\N
13360,Qeqertaq Heliport,Qeqertaq,Greenland,QQT,BGQE,69.9958611087,-51.3009166718,\N
13361,Saqqaq Heliport,Saqqaq,Greenland,,BGSQ,70.011448,-51.932142,\N
13363,Savissivik Heliport,Savissivik,Greenland,,BGSV,76.01861346460001,-65.1176834106,\N
13364,Siorapaluk Heliport,Siorapaluk,Greenland,,BGSI,77.7865173475,-70.6386566162,\N
13365,Aappilattoq (Qaasuitsup) Heliport,Aappilattoq,Greenland,,BGAG,72.8870298223,-55.5962866545,\N
13366,Innarsuit Heliport,Innaarsuit,Greenland,,BGIN,73.1998953377,-56.0108166933,\N
13367,Kangersuatsiaq Heliport,Kangersuatsiaq,Greenland,,BGKS,72.38109155069999,-55.53658604619999,\N
13368,Kullorsuaq Heliport,Kullorsuaq,Greenland,,BGKQ,74.5780498288,-57.226828336699995,\N
13369,Nuussuaq Heliport,Nuussuaq,Greenland,,BGNU,74.1098528514,-57.065037488899996,\N
13370,Tasiusaq (Qaasuitsup) Heliport,Tasiusaq,Greenland,,BGTA,73.37305450439999,-56.060279846200004,\N
13371,Upernavik Kujalleq Heliport,Upernavik Kujalleq,Greenland,,BGKL,72.1527425265,-55.5309855938,\N
13372,Aappilattoq (Kujalleq) Heliport,Aappilattoq,Greenland,,BGAQ,60.148357,-44.286916,\N
13373,Tasiusaq (Kujalleq) Heliport,Tasiusaq,Greenland,,BGTQ,60.1943053097,-44.8134469986,\N
13374,Narsaq Kujalleq Heliport,Narsaq Kujalleq,Greenland,,BGFD,60.004694,-44.656935,\N
13375,Ikamiut Heliport,Ikamiut,Greenland,QJI,BGIT,68.6342530984,-51.8322622776,\N
13377,Ammassivik Heliport,Ammassivik,Greenland,,BGAS,60.597376,-45.382445,\N
13378,Eqalugaarsuit Heliport,Eqalugaarsuit,Greenland,QFG,BGET,60.6197196536,-45.9140619636,\N
13379,Qassimiut Heliport,Qassimiut,Greenland,,BGQT,60.7809592284,-47.156249284699996,\N
13380,Tiniteqilaaq Heliport,Tiniteqilaaq,Greenland,,BGTN,65.8920273392,-37.7834093571,\N
13381,Isortoq Heliport,Isortoq,Greenland,,BGIS,65.5477923903,-38.9765524864,\N
13382,Kuummiut Heliport,Kuummiit,Greenland,,BGKM,65.8639347361,-36.9979190826,\N
13383,Sermiligaaq Heliport,Sermiligaaq,Greenland,,BGSG,65.9059197626,-36.3782536983,\N
13384,Ikerassaarsuk Heliport,Ikerasaarsuk,Greenland,QRY,BGIK,68.14088100629999,-53.4414589405,\N
13385,Illorsuit Heliport,Illorsuit,Greenland,,BGLL,71.2419440428,-53.5628771782,\N
13386,Nuugaatsiaq Heliport,Nuugaatsiaq,Greenland,,BGNQ,71.5387687528,-53.205038309100004,\N
13387,Saattut Heliport,Saattut,Greenland,,BGST,70.8111719824,-51.6312897205,\N
13388,Ikerasak Heliport,Ikerasak,Greenland,,BGIA,70.4981453548,-51.3030838966,\N
13389,Niaqornat Heliport,Niaqornat,Greenland,,BGNT,70.7893846882,-53.6629450321,\N
13390,Ukkusissat Heliport,Ukkusissat,Greenland,,BGUT,71.0494384946,-51.8900156021,\N
13397,Olhos D`água Airport,Agua Boa,Brazil,,SWHP,-14.019444,-52.152222,\N
13398,Novo Progresso Airport,Novo Progresso,Brazil,NPR,SJNP,-7.125833,-55.400833,\N
13399,Adolino Bedin Regional Airport,Sorriso,Brazil,SMT,SBSO,-12.479177,-55.672341,\N
13400,Serra da Capivara Airport,Sao Raimundo Nonato,Brazil,,SWKQ,-9.082778,-42.644444,\N
13401,Encarnación Airport,Encarnacion,Paraguay,ENO,SGEN,-27.227366,-55.837495,\N
13402,Amatopo Airstrip,Amatopo,Suriname,,SMAM,3.547885,-57.633958,\N
13403,Poeketi Airstrip,Poeketi,Suriname,,SMPE,4.126389,-54.623611,\N
13404,Godo Holo Airstrip,Pikienkondre of Miranda,Suriname,,SMGH,4.0583,-54.7861,\N
13405,Anholt Airport,Anholt,Denmark,,EKAT,56.698898315399994,11.5558996201,\N
13411,St Pierre d'Oléron Airfield,Saint Pierre d'Oleron,France,,LFDP,45.959202,-1.31611,\N
13412,Semur En Auxois Airfield,Semur en Auxois,France,,LFGQ,47.481899,4.34417,\N
13415,Urzhar Airport,Urzhar,Kazakhstan,UZR,UASU,47.09115,81.66521,\N
13416,Pyramiden Heliport,Pyramiden,Norway,,ENPY,78.652322,16.337208,\N
13421,Lipki Air Base,Minsk,Belarus,,UMMI,53.913545,27.708775,\N
13422,Zermatt  Heliport,Zermatt,Switzerland,,LSEZ,46.029319763183594,7.753366470336914,\N
13423,Nikolskoye Airport,Nikolskoye,Russia,,UHPX,55.1783332824707,166.04833984375,\N
13424,Tilichiki Airport,Tilichiki,Russia,,UHPT,60.3828010559082,166.0260009765625,\N
13425,Nyurba Airport,Nyurba,Russia,NYR,UENN,63.294998,118.336998,\N
13426,Sakkyryr Airport,Batagay-Alyta,Russia,SUK,UEBS,67.792,130.394,\N
13427,Ust-Kuyga Airport,Ust-Kuyga,Russia,UKG,UEBT,70.011001586914,135.64500427246,\N
13428,Verkhnevilyuisk Airport,Verkhnevilyuysk,Russia,VHV,UENI,63.458057403564,120.26916503906,\N
13429,Mendeleyevo Airport,Yuzhno-Kurilsk,Russia,DEE,UHSM,43.9584007263,145.682998657,\N
13430,Yamburg Airport,Yamburg,Russia,,USMQ,67.986664,75.099998,\N
13431,Shakhtyorsk Airport,Shakhtyorsk,Russia,EKS,UHSK,49.1903,142.082993,\N
13432,Talakan Airport,Talakan,Russia,TLK,UECT,59.876389,111.044444,\N
13433,Mama Airport,Mama,Russia,,UIKM,58.313331604003906,112.88999938964844,\N
13435,Aarhus Seaplne Terminal,Aarhus,Denmark,,EKAC,56.151717,10.248428,\N
13436,Oakland Troy Airport,Troy,United States,,KVLL,42.54290009,-83.17790222,\N
13437,Stratford Municipal Airport,Stratford,Canada,,CYSA,43.415599823,-80.93440246579999,\N
13438,Edmundston Airport,Edmundston,Canada,,CYES,47.4906005859375,-68.48190307617188,\N
13439,Red Dog Airport,Red Dog,United States,RDB,PADG,68.03209686279999,-162.899002075,\N
13447,Impfondo Airport,Impfondo,Congo (Brazzaville),ION,FCOI,1.6169999837875366,18.066999435424805,\N
13448,El Bayadh Airport,El Bayadh,Algeria,EBH,DAOY,33.721666666699996,1.0925,\N
13451,Alzintan Airport,Zintan,Libya,ZIS,HLZN,31.774878,12.25006,\N
13452,Monkey Bay Airport,Monkey Bay,Malawi,MYZ,FWMY,-14.083600044299999,34.9197006226,\N
13453,Suwałki Airport,Suwalki,Poland,,EPSU,54.07279968261719,22.899200439453125,\N
13454,Srr Ahmadu Bello International Airport,Birnin Kebbi,Nigeria,,DNBK,12.480556,4.369445,\N
13455,Sir Abubakar Tafawa Balewa International Airport,Bauchi,Nigeria,BCU,DNBC,10.482833,9.744,\N
13456,Gombe Lawanti International Airport,Gombe,Nigeria,GMO,DNGO,10.298333333299999,10.896388888899999,\N
13457,Dutse International Airport,Dutse,Nigeria,,DNDS,11.795168,9.311667,\N
13458,Jalingo Airport,Jalingo,Nigeria,,DNJA,8.900587,11.27946,\N
13460,Kolda North Airport,Kolda,Senegal,KDA,GODK,12.898500442504883,-14.968099594116211,\N
13463,King Mswati III International Airport,Manzini,Swaziland,SHO,FDSK,-26.358611,31.716944,\N
13465,Kilwa Masoko Airport,Kilwa Masoko,Tanzania,KIY,HTKI,-8.91123,39.508619,\N
13466,West Kilimanjaro Airport,Kilimanjaro,Tanzania,,HTWK,-3.049999952316284,37,\N
13467,Moshi Airport,Moshi,Tanzania,QSI,HTMS,-3.3633298873901367,37.326900482177734,\N
13468,Mansa Airport,Mansa,Zambia,MNS,FLMA,-11.13700008392334,28.872600555419922,\N
13469,Ghazni Airport,Ghazni,Afghanistan,GZI,OAGN,33.5312004089,68.412902832,\N
13470,Baicheng Chang'an Airport,Baicheng,China,DBC,ZYBA,45.505278,123.019722,\N
13471,Longnan Chengzhou Airport,Longnan,China,LNL,ZLLN,33.788,105.797,\N
13472,Shangrao Sanqingshan Airport,Shangrao,China,SQD,ZSSR,28.3797,117.9643,\N
13473,Songyuan Chaganhu Airport,Songyuan,China,YSQ,ZYSQ,44.938114,124.550178,\N
13474,Jiansanjiang Airport,Jiansanjiang,China,JSJ,ZYJS,47.11,132.660278,\N
13476,Zunyi Maotai Airport,Zunyi,China,WMT,ZUMT,27.81638,106.33268,\N
13477,Libo Airport,Libo,China,LLB,ZULB,25.4525,107.961667,\N
13478,Chengde Puning Airport,Chengde,China,CDE,ZBCD,41.1225,118.073889,\N
13479,Wudalianchi Dedu Airport,Wudalianchi,China,DTU,ZYDU,48.445,126.133,\N
13480,Ejin Banner-Taolai Airport,Ejin Banner,China,EJN,ZBEN,42.0155,101.0005,\N
13481,Alxa Right Banner Badanjilin Airport,Alxa Right Banner,China,RHT,ZBAR,39.225,101.546,\N
13482,Holingol Huolinhe Airport,Holingol,China,HUO,ZBHZ,45.487222,119.407222,\N
13483,Golog Maqin Airport,Golog,China,GMQ,ZLGL,34.418066,100.301144,\N
13485,Yeerqiang Airport,Yarkant,China,QSZ,ZWSC,38.281055,77.075192,\N
13487,Tezu Airport,Tezu,India,TEI,VETJ,27.9412002563,96.1343994141,\N
13488,Cangyuan Washan Airport,Cangyuan,China,CWJ,ZPCW,23.273889,99.373611,\N
13489,Lancang Jingmai Airport,Lancang Lahu,China,JMJ,ZPJM,22.415833,99.786389,\N
13490,Ninglang Luguhu Airport,Ninglang,China,NLH,ZPNL,27.5403,100.7593,\N
13491,Pimenta Bueno Airport,Pimenta Bueno,Brazil,PBQ,SWPM,-11.641599655151367,-61.179100036621094,\N
13492,Ariquemes Airport,ARIQUEMES,Brazil,,SJOG,-9.884721755981445,-63.04888916015625,\N
13493,Fazenda Spartacus Airport,COLNIZA,Brazil,,SIXZ,-24,-48.608333587646484,\N
13494,Xinzhou Wutaishan Airport,Xinzhou,China,WUT,ZBXZ,38.597456,112.969173,\N
13496,Chengjisihan Airport,Zhalantun,China,NZL,ZBZL,47.865833,122.767503,\N
13497,Fazenda Mequens Airport,ALTA FLORESTA D'OESTE,Brazil,,SJTF,-13.061944007873535,-62.25749969482422,\N
13498,Prainha Airport,APUI,Brazil,,SWYN,-7.17287015914917,-59.839599609375,\N
13499,Mostardas Airport,SANTO ANTONIO DO MATUPI,Brazil,,SSMT,-31.103599548339844,-50.910301208496094,\N
13500,Santo Domingo Airport,CONSELVAN,Brazil,,SCSN,-33.65639877319336,-71.6144027709961,\N
13502,Adampur Airport,Adampur,India,AIP,VIAX,31.4338,75.758797,\N
13511,Vijayanagar Aerodrome (JSW),Toranagallu,India,VDY,VOJV,15.1749666667,76.6349472222,\N
13513,Shirdi Airport,Shirdi,India,SAG,VASD,19.688611,74.378889,\N
13514,Jeypore Airport,Jeypore,India,PYB,VEJP,18.8799991607666,82.552001953125,\N
13520,Trunojoyo Airport,Sumenep,Indonesia,SUP,WART,-7.0242,113.89023,\N
13521,Lasondre Airport,Batu Islands,Indonesia,,WIMO,-0.01924,98.30097,\N
13525,Rokot Airport,Sipora,Indonesia,RKO,WIBR,-2.0991199016571045,99.70069885253906,\N
13529,Pasir Pangaraan Airport,Pasir Pangaraian,Indonesia,PPR,WIDE,0.8454310297966003,100.37000274658203,\N
13530,Sei Bati Airport,Tanjung Balai Karimun,Indonesia,TJB,WIBT,1.0527,103.3931,\N
13532,Departi Parbo Airport,Kerinci Regency,Indonesia,KRC,WIPH,-2.093,101.4683,\N
13535,Namrole Airport,Buru Island,Indonesia,NRE,WAPG,-3.8548,126.7012,\N
13538,Namlea Airport,Namlea,Indonesia,NAM,WAPR,-3.235569953918457,127.0999984741211,\N
13540,Rar Gwamar Airport,Dobo,Indonesia,DOB,WAPD,-5.7722201347399995,134.212005615,\N
13543,Emalamo Sanana Airport,Sanana,Indonesia,SQN,WAPN,-2.080509901046753,125.96700286865234,\N
13544,Ayawasi Airport,Ayawasi,Indonesia,AYW,WASA,-1.1593,132.4633,\N
13545,Bunyu Airport,Bunyu,Indonesia,BYQ,WALV,3.45571994781,117.866996765,\N
13546,Buol Airport,Buol,Indonesia,UOL,WAMY,1.1027,121.4141,\N
13548,Sugimanuru Airport,Raha,Indonesia,RAQ,WAWR,-4.760557,122.569371,\N
13550,Jask Airport,Jask,Iran,JSK,OIZJ,25.653601,57.799301,\N
13551,Frankfort Dow Memorial Field,Frankfort,United States,,KFKS,44.62519836425781,-86.20079803466797,\N
13552,Cheboygan County Airport,Cheboygan,United States,,KSLH,45.65370178,-84.51930237,\N
13553,Kozushima Airport,Kozushima,Japan,,RJAZ,34.189998626699996,139.134002686,\N
13561,Kazarman Airport,Kazarman,Kyrgyzstan,,UAFZ,41.4102908129,74.044418335,\N
13562,Kerben Airport,Kerben,Kyrgyzstan,,UAFE,41.484500885,71.7337036133,\N
13564,Naryn Airport,Naryn,Kyrgyzstan,,UAFN,41.44150161739999,76.13059997559999,\N
13566,Sayaboury Airport,Sainyabuli,Laos,ZBY,VLSB,19.2436,101.7093,\N
13572,Baglung Airport,Baglung,Nepal,BGL,VNBL,28.212799072265625,83.66629791259766,\N
13573,Rajbiraj Airport,Rajbiraj,Nepal,RJB,VNRB,26.510066,86.733902,\N
13575,Duqm International Airport,Duqm,Oman,DQM,OODQ,19.501944,57.634167,\N
13580,Palanan Community Airport,Palanan,Philippines,,RPLN,17.065667,122.427671,\N
13581,Itbayat Airport,Itbayat,Philippines,,RPLT,20.722521,121.809969,\N
13583,Catbalogan Airport,Catbalogan City,Philippines,,RPVY,11.81,124.83,\N
13584,Maasin Airport,Maasin,Philippines,,RPSM,10.187299728393555,124.78199768066406,\N
13592,Bantayan Airport,Bantayan,Philippines,,RPSB,11.1624,123.7848,\N
13593,Biliran Airport,Biliran,Philippines,,RPVQ,11.5159178299,124.428985119,\N
13595,Fazenda Várzea Funda Airport,PRIMAVERA D'OESTE,Brazil,,SIEL,-16.58361053466797,-57.73222351074219,\N
13597,Primavera do Leste Airport,PRIMAVERA DO LESTE,Brazil,,SWPY,-15.565555572509766,-54.33777618408203,\N
13598,Croker Island Airport,Croker Island,Australia,CKI,YCKI,-11.164999961853027,132.48300170898438,\N
13599,The Granites Airport,The Granites,Australia,,YTGT,-20.54829978942871,130.3470001220703,\N
13600,Barimunya Airport,Barimunya,Australia,BYP,YBRY,-22.673900604248,119.16600036621,\N
13601,Laucala Island Airport,Laucala,Fiji,LUC,NFNH,-16.74810028076172,-179.66700744628906,\N
13602,Yasawa Island Airport,Yasawa Island,Fiji,YAS,NFSW,-16.758899688720703,177.5449981689453,\N
13606,North Shore Aerodrome,North Shore,New Zealand,,NZNE,-36.656700134277344,174.65499877929688,\N
13607,John C Tune Airport,Nashville,United States,,KJWN,36.18239974975586,-86.88670349121094,\N
13608,Okiwi Station Airport,Okiwi,New Zealand,,NZOX,-36.146400451660156,175.41900634765625,\N
13609,Waiheke Reeve Airport,Waiheke Island,New Zealand,WIK,NZKE,-36.80889892578125,175.08599853515625,\N
13610,Karamea Airport,Karamea,New Zealand,,NZKM,-41.236698150634766,172.10499572753906,\N
13621,Jastarnia Airport,Jastarnia,Poland,,EPJA,54.71028137207031,18.645280838012695,\N
13622,Nop Goliat Airport,Dekai,Indonesia,DEX,WAVD,-4.8557,139.482006,\N
13623,Napuka Island Airport,Napuka,French Polynesia,NAU,NTGN,-14.176799774169922,-141.26699829101562,\N
13624,Faaite Airport,Faaite,French Polynesia,FAC,NTKF,-16.68670082092285,-145.32899475097656,\N
13625,Nukutavake Airport,Nukutavake,French Polynesia,NUK,NTGW,-19.28499984741211,-138.77200317382812,\N
13626,Vahitahi Airport,Vahitahi,French Polynesia,VHZ,NTUV,-18.780000686645508,-138.85299682617188,\N
13627,Hikueru Atoll Airport,Hikueru,French Polynesia,HHZ,NTGH,-17.544700622558594,-142.61399841308594,\N
13628,Raroia Airport,Raroia,French Polynesia,RRR,NTKO,-16.045,-142.476944,\N
13629,Kauehi Airport,Kauehi,French Polynesia,KHZ,NTKA,-15.780799865722656,-145.12399291992188,\N
13630,Tatakoto Airport,Tatakoto,French Polynesia,TKV,NTGO,-17.355300903320312,-138.44500732421875,\N
13631,Sasereme Airport,Sasereme,Papua New Guinea,TDS,AYSS,-7.6217,142.868,\N
13632,Tanah Merah Airport,Boven Digoel,Indonesia,TMH,WAKT,-6.099219799041748,140.29800415039062,\N
13635,Denali Airport,McKinley Park,United States,,AK06,63.64509963989258,-148.79800415039062,\N
13636,Comte. Rolim Adolfo Amaro–Jundiaí State Airport,Jundiai,Brazil,,SBJD,-23.180369,-46.944408,\N
13642,Potomac Airpark,Berkeley Springs,United States,,KW35,39.69260025024414,-78.16609954833984,\N
13643,Helisul IV Heliport,Foz Do Iguacu,Brazil,,SSHS,-25.613056182861328,-54.39805603027344,\N
13647,Brits Airport,Brits,South Africa,,FABS,-25.53230094909668,27.77589988708496,\N
13648,West Melton Aerodrome,West Melton,New Zealand,,NZWL,-43.47669982910156,172.39700317382812,\N
13649,Rangiora Airfield,Rangiora,New Zealand,,NZRT,-43.290000915527344,172.54200744628906,\N
13668,Fazenda Jatobasso Airport,JARU,Brazil,,SIDG,-22.429166793823242,-55.53333282470703,\N
13669,FIC Heliport,MACHADINHO D'OESTE,Brazil,,SIMC,-22.711389541625977,-47.141109466552734,\N
13671,Noonkanbah Airport,Noonkanbah,Australia,NKB,YNKA,-18.4946994781,124.851997375,\N
13677,Algeciras Heliport,Algeciras,Spain,AEI,LEAG,36.12888,-5.441118,\N
13681,Chepelevka Airport,Uzyn,Ukraine,,UKKH,49.79059982299805,30.4414005279541,\N
13683,Fazenda São Nicolau Airport,COTRIGUACU,Brazil,,SWQT,-9.8644437789917,-58.229167938232,\N
13684,Kisoro Airport,Kisoro,Uganda,,HUKI,-1.2837,29.7197,\N
13687,Kasese Airport,Kasese,Uganda,KSE,HUKS,0.18299999833106995,30.100000381469727,\N
13694,Stennis International Airport,Bay St. Louis,United States,,KHSA,30.367799758911133,-89.45459747314453,\N
13695,Sunchales Aeroclub Airport,Sunchales,Argentina,NCJ,SAFS,-30.9575,-61.5283,\N
13696,Istanbul Airport,Istanbul,Turkey,IST,LTFM,41.275278,28.751944,\N
13707,Seldovia Airport,Seldovia,United States,SOV,PASO,59.442401885986,-151.70399475098,\N
13711,Lutselk'e Airport,Lutselk'e,Canada,YSG,CYLK,62.418303,-110.681998,\N
13712,Engeløy Airport,Engeløy,Norway,,ENEN,67.967222,14.9925,\N
13713,Dwangwa Airport,Dwangwa,Malawi,DWA,FWDW,-12.5183,34.131901,\N
13714,"Paloich Airport, Heliport",Higleig,South Sudan,HGI,HSFA,10.529167,32.500556,\N
13715,Julian Carroll Airport,Jackson,United States,,KJKL,37.59389877319336,-83.31729888916016,\N
13716,Beaufort MCAS - Merritt Field,Beaufort,United States,,KNBC,32.4774017334,-80.723197937,\N
13717,Camp Pendleton MCAS (Munn Field) Airport,Oceanside,United States,,KNFG,33.30130005,-117.3550034,\N
13718,Aerodromo de Castelo Branco,Castelo Branco,Portugal,,LPCB,39.847022,-7.44111,\N
13719,Ponte de Sor Airport,Ponte de Sôr,Portugal,,LPSO,39.211559,-8.056542,\N
13720,Vilar de Luz Airfield,Maia,Portugal,,LPVL,41.27729,-8.516209,\N
13721,Hard Bargain Airport,,Bahamas,,MYLR,23.011194,-74.905889,\N
13722,Kenebetsu JASDF Airfield,Kenebetsu,Japan,,RJCS,43.425154,144.741354,\N
13723,Augusto Severo Airport,Natal,Brazil,,SBNT,-5.91141986847,-35.2476997375,\N
13724,Kishangarh Airport,Ajmer,India,KQH,VIKG,26.601473,74.814147,\N
13725,Kannur International Airport,Kannur,India,CNN,VOKN,11.918614,75.547211,\N
13726,Beijing Xijiao Airport,Beijing,China,,ZBBB,39.9608,116.257004,\N
13735,Flores Airport,MANAUS,Brazil,,SWFN,-3.0727779865264893,-60.02111053466797,\N
13752,Umuwa Airport,Umuwa,Australia,,YUMU,-26.4867000579834,132.0399932861328,\N
13754,La Araucanía Airport,Temuco,Chile,ZCO,SCQP,-38.9259,-72.6515,\N
13756,Arathusa Safari Lodge Airport,Arathusa,South Africa,ASS,FACC,-24.744165,31.522499,\N
13757,Vidalia Regional Airport,Vidalia,United States,VDI,KVDI,32.192699432373,-82.371200561523,\N
13758,Granbury Regional Airport,Granbury,United States,,KGDJ,32.44440079,-97.81690216,\N
13759,Oswego County Airport,Fulton,United States,,KFZY,43.350799560546875,-76.38809967041016,\N
13760,New Islamabad International Airport,Islamabad,Pakistan,ISB,OPIS,33.560713,72.851613,\N
13762,Vumbura Airport,Vumburu,Botswana,,FBVM,-18.955395,22.814533,\N
13763,Farm Whitwater East Landing Strip,Hardap,Namibia,,FYGK,-24.629999,15.9392,\N
13765,Muwaffaq Salti Air Base,AZRAQ,Jordan,,OJ40,31.8255996704,36.782001495399996,\N
13771,Kirkjubæjarklaustur Airport,Kirkjubaejarklaustur ,Iceland,,BIKL,63.79079818725586,-18.001399993896484,\N
13772,Fazenda Uiapuru Airport,COMODORO,Brazil,,SWVJ,-13.663888931274414,-56.002220153808594,\N
13773,Whitehorse Seaplane Base,Whitehorse,Canada,,CEZ5,60.69110107421875,-135.03700256347656,\N
13777,Pertominsk Airport,Pertominsk,Russia,,ULAT,64.7900009155,38.4199981689,\N
13792,Mount Weld Airport,Laverton,Australia,,YMNW,-28.771699905395508,122.44000244140625,\N
13793,Kidston Airport,Kidston,Australia,,YKID,-18.8700008392334,144.17300415039062,\N
13802,Klaksvik Heliport,Klaksvik,Faroe Islands,,EKKV,62.2178497314,-6.5764546394300005,\N
13803,Mitchell Municipal Airport,Mitchell,United States,MHE,KMHE,43.774799346900004,-98.03859710690001,\N
13805,Hunda Airport,Tubu Tree Camp,Botswana,,FBHU,-19.2765,22.475646,\N
13808,Mchauru Airport,Geita,Tanzania,GIT,HTRU,-2.813667,32.172472,\N
13821,Gitega Airport,Gitega,Burundi,GID,HBBE,-3.417209,29.911308,\N
13829,Región de Murcia International Airport,Murcia,Spain,RMU,LEMI,37.803,-1.125,\N
13830,Fazenda Kajussol Airport,Alta Floresta D'Oeste,Brazil,,SJYD,-11.9647216796875,-61.686668395996094,\N
13880,Pelee Island Airport,Pelee,Canada,,CYPT,41.780399322509766,-82.6780014038086,\N
13881,Costa Marques Airport,COSTA MARQUES,Brazil,CQS,SWCQ,-12.421099662780762,-64.25160217285156,\N
13891,Mangalore Airport,Mangalore,Australia,,YMNG,-36.888301849365234,145.1840057373047,\N
14086,San Isidro del General Airport,San Isidro,Costa Rica,,MRSI,9.352620124816895,-83.71309661865234,\N
14087,Zabrat Airport,Baku,Azerbaijan,ZXT,UBTT,40.4955422161,49.9768066406,\N
14088,Bezmer Air Base,Yambol,Bulgaria,JAM,LBIA,42.4548988342,26.3521995544,\N
14089,Osovtsy Air Base,Byaroza,Belarus,,UMMO,52.5569992065,24.884000778199997,\N
14090,Yuanmou Air Base,Yuanmou,China,YUA,ZPYM,25.737499237061,101.88200378418,\N
14091,Changsha Datuopu Airport/AFB,Changsha,China,,ZGCS,28.0688991547,112.958000183,\N
14092,Xingcheng Air Base,,China,XEN,ZYXC,40.580299377399996,120.697998047,\N
14093,Lefkoniko Airport,Geçitkale,Cyprus,GEC,LCGK,35.235947,33.724358,\N
14095,Songwe Airport,Mbeya,Tanzania,MBI,HTGW,-8.919942,33.273981,\N
14096,Kalocsa/Foktő Airport,Kalocsa/Foktő,Hungary,,LHKA,46.549613,18.942421,\N
14097,Bilogai-Sugapa Airport,Sugapa-Papua Island,Indonesia,UGU,WABV,-3.73956,137.031998,\N
14098,Jakkur Aerodrome,Bengaluru,India,,VOJK,13.07674,77.597645,\N
14099,Jalal-Abad Airport,Jalal-Abad,Kyrgyzstan,,UAFJ,40.944401,72.977798,\N
14100,Ramon Airport,Eilat,Israel,ETM,LLER,29.723694,35.011416,\N
14101,Rustaq Airport,Al Masna'ah,Oman,MNH,OORQ,23.640556,57.4875,\N
14102,Laguindingan Airport,Cagayan de Oro City,Philippines,CGY,RPMY,8.612203,124.456496,\N
14103,Kostomuksha Airport,Kostomuksha,Russia,,ULPM,64.61799621579999,30.687000274699997,\N
14104,Privolzhskiy Air Base,Astrakhan,Russia,,XRAP,46.396,47.893,\N
14105,Kubinka Air Base,Kubinka,Russia,,UUMB,55.611695,36.650002,\N
14106,Rogachyovo Air Base,Belaya,Russia,,ULDA,71.61669921880001,52.4782981873,\N
14107,Ulan-Ude East Airport,Ulan Ude,Russia,,XIUW,51.849998474121094,107.73799896240234,\N
14108,Krechevitsy Air Base,Novgorod,Russia,,ULLK,58.625,31.385000228881836,\N
14109,Desierto de Atacama Airport,Copiapo,Chile,CPO,SCAT,-27.2611999512,-70.7791976929,\N
14110,Melitopol Air Base,Melitopol,Ukraine,,UKDM,46.880001,35.305,\N
